artifact_id,artifact_role,required_for_handoff,path,absolute_path,exists,is_file,file_type,size_bytes,sha256,row_count,hash_note,indexed_at_utc
standalone_html_report,Final standalone Stable Diffusion HTML report,True,D:\Masters\FH\Thesis\painting-restoration-eval\outputs\26_stable_diffusion_report_generation\reports\stable_diffusion_report.html,D:\Masters\FH\Thesis\painting-restoration-eval\outputs\26_stable_diffusion_report_generation\reports\stable_diffusion_report.html,True,True,unknown,2426923,164c1649c003348668b0b3b997eb6f481440c3622bb15e74f2f210baf3e824ef,,,2026-08-10T11:29:09+00:00
final_validation_csv,Batch 6 final validation table,True,D:\Masters\FH\Thesis\painting-restoration-eval\outputs\26_stable_diffusion_report_generation\validation\stable_diffusion_report_final_validation.csv,D:\Masters\FH\Thesis\painting-restoration-eval\outputs\26_stable_diffusion_report_generation\validation\stable_diffusion_report_final_validation.csv,True,True,unknown,2170,e2771e68514914229f0d931b212ae44a3735b15ab744be4de9bf2e3621483f09,16.0,,2026-08-10T11:29:09+00:00
artifact_index_csv,Machine-readable handoff artifact index,True,D:\Masters\FH\Thesis\painting-restoration-eval\outputs\26_stable_diffusion_report_generation\manifests\stable_diffusion_report_artifact_index.csv,D:\Masters\FH\Thesis\painting-restoration-eval\outputs\26_stable_diffusion_report_generation\manifests\stable_diffusion_report_artifact_index.csv,True,True,csv,4359,,9.0,self-referential hash omitted,2026-08-10T11:29:09+00:00
handoff_manifest_json,Compact final handoff manifest,True,D:\Masters\FH\Thesis\painting-restoration-eval\outputs\26_stable_diffusion_report_generation\manifests\stable_diffusion_report_handoff_manifest.json,D:\Masters\FH\Thesis\painting-restoration-eval\outputs\26_stable_diffusion_report_generation\manifests\stable_diffusion_report_handoff_manifest.json,True,True,unknown,2806,facde123a06796516dab7b927b9e8449109a3177727ce6ad1e1bc0ea5261a7e5,,,2026-08-10T11:29:09+00:00
stage_manifest_json,Shared stage manifest updated through Batch 6,True,D:\Masters\FH\Thesis\painting-restoration-eval\outputs\26_stable_diffusion_report_generation\manifests\stable_diffusion_report_stage_manifest.json,D:\Masters\FH\Thesis\painting-restoration-eval\outputs\26_stable_diffusion_report_generation\manifests\stable_diffusion_report_stage_manifest.json,True,True,unknown,4924,5bf31178d5a3dece2a2eeb6c21ff479267df419103d7238e4daf8de861e58182,,,2026-08-10T11:29:09+00:00
figure_manifest_csv,Batch 4 strict report figure manifest,True,D:\Masters\FH\Thesis\painting-restoration-eval\outputs\26_stable_diffusion_report_generation\figures\stable_diffusion_report_figure_manifest.csv,D:\Masters\FH\Thesis\painting-restoration-eval\outputs\26_stable_diffusion_report_generation\figures\stable_diffusion_report_figure_manifest.csv,True,True,unknown,42011,d902ece74632bfe7a0a1b6001175776d50f28b6bbc06b93ba27d2682754d3a10,13.0,,2026-08-10T11:29:09+00:00
report_audit_csv,Candidate-level consolidated report audit,True,D:\Masters\FH\Thesis\painting-restoration-eval\outputs\26_stable_diffusion_report_generation\metrics\stable_diffusion_report_audit.csv,D:\Masters\FH\Thesis\painting-restoration-eval\outputs\26_stable_diffusion_report_generation\metrics\stable_diffusion_report_audit.csv,True,True,unknown,5481987,f352896cc14803eab9e2e8fc21b85512fe969070d992f6db7f8badc0e6b82856,945.0,,2026-08-10T11:29:09+00:00
batch3_summary_csv,Compact Batch 3 summary,True,D:\Masters\FH\Thesis\painting-restoration-eval\outputs\26_stable_diffusion_report_generation\analysis\stable_diffusion_report_summary.csv,D:\Masters\FH\Thesis\painting-restoration-eval\outputs\26_stable_diffusion_report_generation\analysis\stable_diffusion_report_summary.csv,True,True,unknown,7939,ff5e4114f58fb043613bd8f199442d81159124456a52b150c00df382387ea76e,132.0,,2026-08-10T11:29:09+00:00
representative_candidates_csv,Representative candidate selection table,True,D:\Masters\FH\Thesis\painting-restoration-eval\outputs\26_stable_diffusion_report_generation\analysis\stable_diffusion_report_representative_candidates.csv,D:\Masters\FH\Thesis\painting-restoration-eval\outputs\26_stable_diffusion_report_generation\analysis\stable_diffusion_report_representative_candidates.csv,True,True,unknown,6082,a1e7cd3b49ceb901cb279aa79ee23d027c77ef8ae3b0fe635ecb91ffef20450e,8.0,,2026-08-10T11:29:09+00:00
