dataset_name,case_id,painting_id,clean_path,damaged_path,mask_path,source_case_id,restoration_case_id,model_name,algorithm,inpaint_radius,opencv_version,restoration_generator_name,restoration_generator_version,restored_filename,restored_path,restored_sha256,runtime_seconds,started_at_utc,completed_at_utc,output_written,status,issue
mask_robustness,p001__loss_large__variant_01,p001,data/processed/clean/p001_clean.png,data/processed/damaged/mask_robustness/p001__loss_large__variant_01_damaged.png,data/processed/masks/mask_robustness/p001__loss_large__variant_01_mask.png,p001__loss_large__variant_01,opencv_telea__mask_robustness__p001__loss_large__variant_01,opencv_telea,cv2.INPAINT_TELEA,3,4.11.0,restoration_eval.restoration_opencv,2.0.0,p001__loss_large__variant_01_restored_opencv_telea.png,data\processed\restored\opencv_telea\mask_robustness\p001__loss_large__variant_01_restored_opencv_telea.png,35c31a565fa2cc487f0a16e63385c0c8a48949ddde740e073e9c1279e219905c,0.6900370999937877,2026-07-23T21:52:08.368422+00:00,2026-07-23T21:52:09.056291+00:00,True,ok,
mask_robustness,p001__loss_large__variant_02,p001,data/processed/clean/p001_clean.png,data/processed/damaged/mask_robustness/p001__loss_large__variant_02_damaged.png,data/processed/masks/mask_robustness/p001__loss_large__variant_02_mask.png,p001__loss_large__variant_02,opencv_telea__mask_robustness__p001__loss_large__variant_02,opencv_telea,cv2.INPAINT_TELEA,3,4.11.0,restoration_eval.restoration_opencv,2.0.0,p001__loss_large__variant_02_restored_opencv_telea.png,data\processed\restored\opencv_telea\mask_robustness\p001__loss_large__variant_02_restored_opencv_telea.png,9e68f7e33faa03f3bcbf8a58c01233c5c4cc5fb77b2291a214b0320aa480d4bd,0.6958592000009958,2026-07-23T21:52:09.061917+00:00,2026-07-23T21:52:09.757273+00:00,True,ok,
mask_robustness,p001__loss_large__variant_03,p001,data/processed/clean/p001_clean.png,data/processed/damaged/mask_robustness/p001__loss_large__variant_03_damaged.png,data/processed/masks/mask_robustness/p001__loss_large__variant_03_mask.png,p001__loss_large__variant_03,opencv_telea__mask_robustness__p001__loss_large__variant_03,opencv_telea,cv2.INPAINT_TELEA,3,4.11.0,restoration_eval.restoration_opencv,2.0.0,p001__loss_large__variant_03_restored_opencv_telea.png,data\processed\restored\opencv_telea\mask_robustness\p001__loss_large__variant_03_restored_opencv_telea.png,e162fb357d9dc9ffcc09af7bff7f96afb56514debe5d2b4d967641c2101e2345,0.688668900023913,2026-07-23T21:52:09.757273+00:00,2026-07-23T21:52:10.449576+00:00,True,ok,
mask_robustness,p001__loss_large__variant_04,p001,data/processed/clean/p001_clean.png,data/processed/damaged/mask_robustness/p001__loss_large__variant_04_damaged.png,data/processed/masks/mask_robustness/p001__loss_large__variant_04_mask.png,p001__loss_large__variant_04,opencv_telea__mask_robustness__p001__loss_large__variant_04,opencv_telea,cv2.INPAINT_TELEA,3,4.11.0,restoration_eval.restoration_opencv,2.0.0,p001__loss_large__variant_04_restored_opencv_telea.png,data\processed\restored\opencv_telea\mask_robustness\p001__loss_large__variant_04_restored_opencv_telea.png,ca7dc73700f7c03c1abe177525a9abf0c121ae8319e007f46a97e79283ca5266,0.6889545999874827,2026-07-23T21:52:10.452108+00:00,2026-07-23T21:52:11.127896+00:00,True,ok,
mask_robustness,p001__loss_large__variant_05,p001,data/processed/clean/p001_clean.png,data/processed/damaged/mask_robustness/p001__loss_large__variant_05_damaged.png,data/processed/masks/mask_robustness/p001__loss_large__variant_05_mask.png,p001__loss_large__variant_05,opencv_telea__mask_robustness__p001__loss_large__variant_05,opencv_telea,cv2.INPAINT_TELEA,3,4.11.0,restoration_eval.restoration_opencv,2.0.0,p001__loss_large__variant_05_restored_opencv_telea.png,data\processed\restored\opencv_telea\mask_robustness\p001__loss_large__variant_05_restored_opencv_telea.png,75859d4756349923f8762149ca90a525992519d7a7a15d30fa0a83bec27e7d81,0.6857971000135876,2026-07-23T21:52:11.127896+00:00,2026-07-23T21:52:11.827898+00:00,True,ok,
mask_robustness,p001__loss_small__variant_01,p001,data/processed/clean/p001_clean.png,data/processed/damaged/mask_robustness/p001__loss_small__variant_01_damaged.png,data/processed/masks/mask_robustness/p001__loss_small__variant_01_mask.png,p001__loss_small__variant_01,opencv_telea__mask_robustness__p001__loss_small__variant_01,opencv_telea,cv2.INPAINT_TELEA,3,4.11.0,restoration_eval.restoration_opencv,2.0.0,p001__loss_small__variant_01_restored_opencv_telea.png,data\processed\restored\opencv_telea\mask_robustness\p001__loss_small__variant_01_restored_opencv_telea.png,42f2c34e3818bbf1ef58b253a47a014eece5316cd78efe7020f2f4144bb714d4,0.6266392999968957,2026-07-23T21:52:11.830897+00:00,2026-07-23T21:52:12.449079+00:00,True,ok,
mask_robustness,p001__loss_small__variant_02,p001,data/processed/clean/p001_clean.png,data/processed/damaged/mask_robustness/p001__loss_small__variant_02_damaged.png,data/processed/masks/mask_robustness/p001__loss_small__variant_02_mask.png,p001__loss_small__variant_02,opencv_telea__mask_robustness__p001__loss_small__variant_02,opencv_telea,cv2.INPAINT_TELEA,3,4.11.0,restoration_eval.restoration_opencv,2.0.0,p001__loss_small__variant_02_restored_opencv_telea.png,data\processed\restored\opencv_telea\mask_robustness\p001__loss_small__variant_02_restored_opencv_telea.png,db5a3071b9eb42f539b608bd258f672f3d992c6368f11e92c07b16d860a38a78,0.619175500003621,2026-07-23T21:52:12.449079+00:00,2026-07-23T21:52:13.079639+00:00,True,ok,
mask_robustness,p001__loss_small__variant_03,p001,data/processed/clean/p001_clean.png,data/processed/damaged/mask_robustness/p001__loss_small__variant_03_damaged.png,data/processed/masks/mask_robustness/p001__loss_small__variant_03_mask.png,p001__loss_small__variant_03,opencv_telea__mask_robustness__p001__loss_small__variant_03,opencv_telea,cv2.INPAINT_TELEA,3,4.11.0,restoration_eval.restoration_opencv,2.0.0,p001__loss_small__variant_03_restored_opencv_telea.png,data\processed\restored\opencv_telea\mask_robustness\p001__loss_small__variant_03_restored_opencv_telea.png,ac5d30eb579b7919b1e2117496718ffffcd718426aa79f2d0aab3d23b5669828,0.63284289999865,2026-07-23T21:52:13.081648+00:00,2026-07-23T21:52:13.714859+00:00,True,ok,
mask_robustness,p001__loss_small__variant_04,p001,data/processed/clean/p001_clean.png,data/processed/damaged/mask_robustness/p001__loss_small__variant_04_damaged.png,data/processed/masks/mask_robustness/p001__loss_small__variant_04_mask.png,p001__loss_small__variant_04,opencv_telea__mask_robustness__p001__loss_small__variant_04,opencv_telea,cv2.INPAINT_TELEA,3,4.11.0,restoration_eval.restoration_opencv,2.0.0,p001__loss_small__variant_04_restored_opencv_telea.png,data\processed\restored\opencv_telea\mask_robustness\p001__loss_small__variant_04_restored_opencv_telea.png,92b0366bb57231d79b4e5147eb595e4a5a0ce57655d31d297225ca2444682b08,0.614786299993284,2026-07-23T21:52:13.716870+00:00,2026-07-23T21:52:14.332361+00:00,True,ok,
mask_robustness,p001__loss_small__variant_05,p001,data/processed/clean/p001_clean.png,data/processed/damaged/mask_robustness/p001__loss_small__variant_05_damaged.png,data/processed/masks/mask_robustness/p001__loss_small__variant_05_mask.png,p001__loss_small__variant_05,opencv_telea__mask_robustness__p001__loss_small__variant_05,opencv_telea,cv2.INPAINT_TELEA,3,4.11.0,restoration_eval.restoration_opencv,2.0.0,p001__loss_small__variant_05_restored_opencv_telea.png,data\processed\restored\opencv_telea\mask_robustness\p001__loss_small__variant_05_restored_opencv_telea.png,2d3a97f412b2ad0e5d3698335b6f24b015a4c826abf10554840f787b3e47f4c2,0.6146372999937739,2026-07-23T21:52:14.334113+00:00,2026-07-23T21:52:14.945093+00:00,True,ok,
mask_robustness,p001__scratch_thin__variant_01,p001,data/processed/clean/p001_clean.png,data/processed/damaged/mask_robustness/p001__scratch_thin__variant_01_damaged.png,data/processed/masks/mask_robustness/p001__scratch_thin__variant_01_mask.png,p001__scratch_thin__variant_01,opencv_telea__mask_robustness__p001__scratch_thin__variant_01,opencv_telea,cv2.INPAINT_TELEA,3,4.11.0,restoration_eval.restoration_opencv,2.0.0,p001__scratch_thin__variant_01_restored_opencv_telea.png,data\processed\restored\opencv_telea\mask_robustness\p001__scratch_thin__variant_01_restored_opencv_telea.png,a3e3db9d8b236705ffb6516663b6aa0fa6094619a93fbd1332932d8447d3c8a9,0.5916027000057511,2026-07-23T21:52:14.945093+00:00,2026-07-23T21:52:15.539972+00:00,True,ok,
mask_robustness,p001__scratch_thin__variant_02,p001,data/processed/clean/p001_clean.png,data/processed/damaged/mask_robustness/p001__scratch_thin__variant_02_damaged.png,data/processed/masks/mask_robustness/p001__scratch_thin__variant_02_mask.png,p001__scratch_thin__variant_02,opencv_telea__mask_robustness__p001__scratch_thin__variant_02,opencv_telea,cv2.INPAINT_TELEA,3,4.11.0,restoration_eval.restoration_opencv,2.0.0,p001__scratch_thin__variant_02_restored_opencv_telea.png,data\processed\restored\opencv_telea\mask_robustness\p001__scratch_thin__variant_02_restored_opencv_telea.png,84fe1dbc2d19fa09214fa4895baff46d8ab20a3a542bde39e8c822fda62fd15f,0.6073317999835126,2026-07-23T21:52:15.539972+00:00,2026-07-23T21:52:16.149045+00:00,True,ok,
mask_robustness,p001__scratch_thin__variant_03,p001,data/processed/clean/p001_clean.png,data/processed/damaged/mask_robustness/p001__scratch_thin__variant_03_damaged.png,data/processed/masks/mask_robustness/p001__scratch_thin__variant_03_mask.png,p001__scratch_thin__variant_03,opencv_telea__mask_robustness__p001__scratch_thin__variant_03,opencv_telea,cv2.INPAINT_TELEA,3,4.11.0,restoration_eval.restoration_opencv,2.0.0,p001__scratch_thin__variant_03_restored_opencv_telea.png,data\processed\restored\opencv_telea\mask_robustness\p001__scratch_thin__variant_03_restored_opencv_telea.png,8851e25640c3072d12cf0c366cc0a8bf5f69e040a39cbe57872b71bec4ec9213,0.5991697999997996,2026-07-23T21:52:16.149045+00:00,2026-07-23T21:52:16.750108+00:00,True,ok,
mask_robustness,p001__scratch_thin__variant_04,p001,data/processed/clean/p001_clean.png,data/processed/damaged/mask_robustness/p001__scratch_thin__variant_04_damaged.png,data/processed/masks/mask_robustness/p001__scratch_thin__variant_04_mask.png,p001__scratch_thin__variant_04,opencv_telea__mask_robustness__p001__scratch_thin__variant_04,opencv_telea,cv2.INPAINT_TELEA,3,4.11.0,restoration_eval.restoration_opencv,2.0.0,p001__scratch_thin__variant_04_restored_opencv_telea.png,data\processed\restored\opencv_telea\mask_robustness\p001__scratch_thin__variant_04_restored_opencv_telea.png,fe85355523e1354ecebcfe028c83e5383a3f4d0b792acc71da51df34b2973846,0.603417799982708,2026-07-23T21:52:16.750108+00:00,2026-07-23T21:52:17.360580+00:00,True,ok,
mask_robustness,p001__scratch_thin__variant_05,p001,data/processed/clean/p001_clean.png,data/processed/damaged/mask_robustness/p001__scratch_thin__variant_05_damaged.png,data/processed/masks/mask_robustness/p001__scratch_thin__variant_05_mask.png,p001__scratch_thin__variant_05,opencv_telea__mask_robustness__p001__scratch_thin__variant_05,opencv_telea,cv2.INPAINT_TELEA,3,4.11.0,restoration_eval.restoration_opencv,2.0.0,p001__scratch_thin__variant_05_restored_opencv_telea.png,data\processed\restored\opencv_telea\mask_robustness\p001__scratch_thin__variant_05_restored_opencv_telea.png,02ee2746d64878fa08bb903eb39db1f3486650c5fba35885a30b3229503e3776,0.6000657999829855,2026-07-23T21:52:17.362593+00:00,2026-07-23T21:52:17.954469+00:00,True,ok,
mask_robustness,p018__loss_large__variant_01,p018,data/processed/clean/p018_clean.png,data/processed/damaged/mask_robustness/p018__loss_large__variant_01_damaged.png,data/processed/masks/mask_robustness/p018__loss_large__variant_01_mask.png,p018__loss_large__variant_01,opencv_telea__mask_robustness__p018__loss_large__variant_01,opencv_telea,cv2.INPAINT_TELEA,3,4.11.0,restoration_eval.restoration_opencv,2.0.0,p018__loss_large__variant_01_restored_opencv_telea.png,data\processed\restored\opencv_telea\mask_robustness\p018__loss_large__variant_01_restored_opencv_telea.png,95fe6e710449012534645f7cde2e3029a839a5182de4f5f6342e610855cd23bd,0.4986255000112578,2026-07-23T21:52:17.954469+00:00,2026-07-23T21:52:18.464893+00:00,True,ok,
mask_robustness,p018__loss_large__variant_02,p018,data/processed/clean/p018_clean.png,data/processed/damaged/mask_robustness/p018__loss_large__variant_02_damaged.png,data/processed/masks/mask_robustness/p018__loss_large__variant_02_mask.png,p018__loss_large__variant_02,opencv_telea__mask_robustness__p018__loss_large__variant_02,opencv_telea,cv2.INPAINT_TELEA,3,4.11.0,restoration_eval.restoration_opencv,2.0.0,p018__loss_large__variant_02_restored_opencv_telea.png,data\processed\restored\opencv_telea\mask_robustness\p018__loss_large__variant_02_restored_opencv_telea.png,108d44b1ad1878a58b29f7dc549e41251d8daa5015681042136cb758efda11c9,0.49863280000863597,2026-07-23T21:52:18.466904+00:00,2026-07-23T21:52:18.961597+00:00,True,ok,
mask_robustness,p018__loss_large__variant_03,p018,data/processed/clean/p018_clean.png,data/processed/damaged/mask_robustness/p018__loss_large__variant_03_damaged.png,data/processed/masks/mask_robustness/p018__loss_large__variant_03_mask.png,p018__loss_large__variant_03,opencv_telea__mask_robustness__p018__loss_large__variant_03,opencv_telea,cv2.INPAINT_TELEA,3,4.11.0,restoration_eval.restoration_opencv,2.0.0,p018__loss_large__variant_03_restored_opencv_telea.png,data\processed\restored\opencv_telea\mask_robustness\p018__loss_large__variant_03_restored_opencv_telea.png,d152eb17e2fd308c4cf26676da805b955e205b49b4a1a8587f972a115db40a5c,0.4924862000043504,2026-07-23T21:52:18.961597+00:00,2026-07-23T21:52:19.459272+00:00,True,ok,
mask_robustness,p018__loss_large__variant_04,p018,data/processed/clean/p018_clean.png,data/processed/damaged/mask_robustness/p018__loss_large__variant_04_damaged.png,data/processed/masks/mask_robustness/p018__loss_large__variant_04_mask.png,p018__loss_large__variant_04,opencv_telea__mask_robustness__p018__loss_large__variant_04,opencv_telea,cv2.INPAINT_TELEA,3,4.11.0,restoration_eval.restoration_opencv,2.0.0,p018__loss_large__variant_04_restored_opencv_telea.png,data\processed\restored\opencv_telea\mask_robustness\p018__loss_large__variant_04_restored_opencv_telea.png,7305e2caab9c617761ab3ff4f73a55ea63e1db19b65706aa563118c926d80b2e,0.5091405999846756,2026-07-23T21:52:19.461281+00:00,2026-07-23T21:52:19.971929+00:00,True,ok,
mask_robustness,p018__loss_large__variant_05,p018,data/processed/clean/p018_clean.png,data/processed/damaged/mask_robustness/p018__loss_large__variant_05_damaged.png,data/processed/masks/mask_robustness/p018__loss_large__variant_05_mask.png,p018__loss_large__variant_05,opencv_telea__mask_robustness__p018__loss_large__variant_05,opencv_telea,cv2.INPAINT_TELEA,3,4.11.0,restoration_eval.restoration_opencv,2.0.0,p018__loss_large__variant_05_restored_opencv_telea.png,data\processed\restored\opencv_telea\mask_robustness\p018__loss_large__variant_05_restored_opencv_telea.png,0e8e3660b1fb504edf27748ebb7a519b9ea9c2974f1e65b90d0820f41c575d3f,0.49987980001606047,2026-07-23T21:52:19.973940+00:00,2026-07-23T21:52:20.463499+00:00,True,ok,
mask_robustness,p018__loss_small__variant_01,p018,data/processed/clean/p018_clean.png,data/processed/damaged/mask_robustness/p018__loss_small__variant_01_damaged.png,data/processed/masks/mask_robustness/p018__loss_small__variant_01_mask.png,p018__loss_small__variant_01,opencv_telea__mask_robustness__p018__loss_small__variant_01,opencv_telea,cv2.INPAINT_TELEA,3,4.11.0,restoration_eval.restoration_opencv,2.0.0,p018__loss_small__variant_01_restored_opencv_telea.png,data\processed\restored\opencv_telea\mask_robustness\p018__loss_small__variant_01_restored_opencv_telea.png,ebdfcc06e06fb2fdef8baf4fdce5d3f4dd7c70087ccbb12600cb3a06a004d906,0.4472687999950722,2026-07-23T21:52:20.477576+00:00,2026-07-23T21:52:20.923600+00:00,True,ok,
mask_robustness,p018__loss_small__variant_02,p018,data/processed/clean/p018_clean.png,data/processed/damaged/mask_robustness/p018__loss_small__variant_02_damaged.png,data/processed/masks/mask_robustness/p018__loss_small__variant_02_mask.png,p018__loss_small__variant_02,opencv_telea__mask_robustness__p018__loss_small__variant_02,opencv_telea,cv2.INPAINT_TELEA,3,4.11.0,restoration_eval.restoration_opencv,2.0.0,p018__loss_small__variant_02_restored_opencv_telea.png,data\processed\restored\opencv_telea\mask_robustness\p018__loss_small__variant_02_restored_opencv_telea.png,96474a3e9bcfbe5466777f0ef59f1beaf02d9bbf5e57032fb2d2938945ede0c0,0.44846009998582304,2026-07-23T21:52:20.923600+00:00,2026-07-23T21:52:21.367726+00:00,True,ok,
mask_robustness,p018__loss_small__variant_03,p018,data/processed/clean/p018_clean.png,data/processed/damaged/mask_robustness/p018__loss_small__variant_03_damaged.png,data/processed/masks/mask_robustness/p018__loss_small__variant_03_mask.png,p018__loss_small__variant_03,opencv_telea__mask_robustness__p018__loss_small__variant_03,opencv_telea,cv2.INPAINT_TELEA,3,4.11.0,restoration_eval.restoration_opencv,2.0.0,p018__loss_small__variant_03_restored_opencv_telea.png,data\processed\restored\opencv_telea\mask_robustness\p018__loss_small__variant_03_restored_opencv_telea.png,c98a8c2463ed888ed7660b1ab9ce7173f3ad92d81d3cb008405bf2498c3b5d10,0.4482715000049211,2026-07-23T21:52:21.378972+00:00,2026-07-23T21:52:21.814447+00:00,True,ok,
mask_robustness,p018__loss_small__variant_04,p018,data/processed/clean/p018_clean.png,data/processed/damaged/mask_robustness/p018__loss_small__variant_04_damaged.png,data/processed/masks/mask_robustness/p018__loss_small__variant_04_mask.png,p018__loss_small__variant_04,opencv_telea__mask_robustness__p018__loss_small__variant_04,opencv_telea,cv2.INPAINT_TELEA,3,4.11.0,restoration_eval.restoration_opencv,2.0.0,p018__loss_small__variant_04_restored_opencv_telea.png,data\processed\restored\opencv_telea\mask_robustness\p018__loss_small__variant_04_restored_opencv_telea.png,118ae1fde82f8e64f3eb6cbafafb3102eea58aaf464955c85d081b7b9640a4db,0.4472877000225708,2026-07-23T21:52:21.829326+00:00,2026-07-23T21:52:22.276939+00:00,True,ok,
mask_robustness,p018__loss_small__variant_05,p018,data/processed/clean/p018_clean.png,data/processed/damaged/mask_robustness/p018__loss_small__variant_05_damaged.png,data/processed/masks/mask_robustness/p018__loss_small__variant_05_mask.png,p018__loss_small__variant_05,opencv_telea__mask_robustness__p018__loss_small__variant_05,opencv_telea,cv2.INPAINT_TELEA,3,4.11.0,restoration_eval.restoration_opencv,2.0.0,p018__loss_small__variant_05_restored_opencv_telea.png,data\processed\restored\opencv_telea\mask_robustness\p018__loss_small__variant_05_restored_opencv_telea.png,b123f89103a62ff5153b4f338446bbda4ed7ab7ab75f5f78119adaea377d5915,0.44897719999426045,2026-07-23T21:52:22.279449+00:00,2026-07-23T21:52:22.726025+00:00,True,ok,
mask_robustness,p018__scratch_thin__variant_01,p018,data/processed/clean/p018_clean.png,data/processed/damaged/mask_robustness/p018__scratch_thin__variant_01_damaged.png,data/processed/masks/mask_robustness/p018__scratch_thin__variant_01_mask.png,p018__scratch_thin__variant_01,opencv_telea__mask_robustness__p018__scratch_thin__variant_01,opencv_telea,cv2.INPAINT_TELEA,3,4.11.0,restoration_eval.restoration_opencv,2.0.0,p018__scratch_thin__variant_01_restored_opencv_telea.png,data\processed\restored\opencv_telea\mask_robustness\p018__scratch_thin__variant_01_restored_opencv_telea.png,e818aafef05f0cc455ef63ded8ffdc51172ed1ba243937ffded6c85091cce9b9,0.43628069999977015,2026-07-23T21:52:22.726025+00:00,2026-07-23T21:52:23.166011+00:00,True,ok,
mask_robustness,p018__scratch_thin__variant_02,p018,data/processed/clean/p018_clean.png,data/processed/damaged/mask_robustness/p018__scratch_thin__variant_02_damaged.png,data/processed/masks/mask_robustness/p018__scratch_thin__variant_02_mask.png,p018__scratch_thin__variant_02,opencv_telea__mask_robustness__p018__scratch_thin__variant_02,opencv_telea,cv2.INPAINT_TELEA,3,4.11.0,restoration_eval.restoration_opencv,2.0.0,p018__scratch_thin__variant_02_restored_opencv_telea.png,data\processed\restored\opencv_telea\mask_robustness\p018__scratch_thin__variant_02_restored_opencv_telea.png,fa700b9ac42fa87ab0811f35d24957bca02817f7ee87264dc875f40d7185b5dd,0.4370333999977447,2026-07-23T21:52:23.170037+00:00,2026-07-23T21:52:23.602589+00:00,True,ok,
mask_robustness,p018__scratch_thin__variant_03,p018,data/processed/clean/p018_clean.png,data/processed/damaged/mask_robustness/p018__scratch_thin__variant_03_damaged.png,data/processed/masks/mask_robustness/p018__scratch_thin__variant_03_mask.png,p018__scratch_thin__variant_03,opencv_telea__mask_robustness__p018__scratch_thin__variant_03,opencv_telea,cv2.INPAINT_TELEA,3,4.11.0,restoration_eval.restoration_opencv,2.0.0,p018__scratch_thin__variant_03_restored_opencv_telea.png,data\processed\restored\opencv_telea\mask_robustness\p018__scratch_thin__variant_03_restored_opencv_telea.png,02ea2b96c025f1bc550fc75740e8fab33b81edd079f269e9b469d9889af41867,0.4448967000062112,2026-07-23T21:52:23.602589+00:00,2026-07-23T21:52:24.052519+00:00,True,ok,
mask_robustness,p018__scratch_thin__variant_04,p018,data/processed/clean/p018_clean.png,data/processed/damaged/mask_robustness/p018__scratch_thin__variant_04_damaged.png,data/processed/masks/mask_robustness/p018__scratch_thin__variant_04_mask.png,p018__scratch_thin__variant_04,opencv_telea__mask_robustness__p018__scratch_thin__variant_04,opencv_telea,cv2.INPAINT_TELEA,3,4.11.0,restoration_eval.restoration_opencv,2.0.0,p018__scratch_thin__variant_04_restored_opencv_telea.png,data\processed\restored\opencv_telea\mask_robustness\p018__scratch_thin__variant_04_restored_opencv_telea.png,2518e488e41f6a2482550e2ff4dca7d672b1683e1d1f495350c75b3874617caa,0.438844499993138,2026-07-23T21:52:24.056539+00:00,2026-07-23T21:52:24.492365+00:00,True,ok,
mask_robustness,p018__scratch_thin__variant_05,p018,data/processed/clean/p018_clean.png,data/processed/damaged/mask_robustness/p018__scratch_thin__variant_05_damaged.png,data/processed/masks/mask_robustness/p018__scratch_thin__variant_05_mask.png,p018__scratch_thin__variant_05,opencv_telea__mask_robustness__p018__scratch_thin__variant_05,opencv_telea,cv2.INPAINT_TELEA,3,4.11.0,restoration_eval.restoration_opencv,2.0.0,p018__scratch_thin__variant_05_restored_opencv_telea.png,data\processed\restored\opencv_telea\mask_robustness\p018__scratch_thin__variant_05_restored_opencv_telea.png,85ec1569ebe0dca3c33adb384fd64973251ba7f60d410392f15701ab2c2d8a7e,0.43773020000662655,2026-07-23T21:52:24.492365+00:00,2026-07-23T21:52:24.934721+00:00,True,ok,
mask_robustness,p026__loss_large__variant_01,p026,data/processed/clean/p026_clean.png,data/processed/damaged/mask_robustness/p026__loss_large__variant_01_damaged.png,data/processed/masks/mask_robustness/p026__loss_large__variant_01_mask.png,p026__loss_large__variant_01,opencv_telea__mask_robustness__p026__loss_large__variant_01,opencv_telea,cv2.INPAINT_TELEA,3,4.11.0,restoration_eval.restoration_opencv,2.0.0,p026__loss_large__variant_01_restored_opencv_telea.png,data\processed\restored\opencv_telea\mask_robustness\p026__loss_large__variant_01_restored_opencv_telea.png,13d95ba74042ec1ebf9d7a005ead3bec6c02472c8941342cef304bd5400d800b,0.4218811000173446,2026-07-23T21:52:24.934721+00:00,2026-07-23T21:52:25.360276+00:00,True,ok,
mask_robustness,p026__loss_large__variant_02,p026,data/processed/clean/p026_clean.png,data/processed/damaged/mask_robustness/p026__loss_large__variant_02_damaged.png,data/processed/masks/mask_robustness/p026__loss_large__variant_02_mask.png,p026__loss_large__variant_02,opencv_telea__mask_robustness__p026__loss_large__variant_02,opencv_telea,cv2.INPAINT_TELEA,3,4.11.0,restoration_eval.restoration_opencv,2.0.0,p026__loss_large__variant_02_restored_opencv_telea.png,data\processed\restored\opencv_telea\mask_robustness\p026__loss_large__variant_02_restored_opencv_telea.png,a73f4835e67abed284a195f4a717594997fb94782470d23824f74084b1cb84e7,0.4069154000026174,2026-07-23T21:52:25.362286+00:00,2026-07-23T21:52:25.758178+00:00,True,ok,
mask_robustness,p026__loss_large__variant_03,p026,data/processed/clean/p026_clean.png,data/processed/damaged/mask_robustness/p026__loss_large__variant_03_damaged.png,data/processed/masks/mask_robustness/p026__loss_large__variant_03_mask.png,p026__loss_large__variant_03,opencv_telea__mask_robustness__p026__loss_large__variant_03,opencv_telea,cv2.INPAINT_TELEA,3,4.11.0,restoration_eval.restoration_opencv,2.0.0,p026__loss_large__variant_03_restored_opencv_telea.png,data\processed\restored\opencv_telea\mask_robustness\p026__loss_large__variant_03_restored_opencv_telea.png,e6611752f33137d236a30e693dde327476a48b3435d0484c71c5a46268b8e04c,0.41987159999553114,2026-07-23T21:52:25.770337+00:00,2026-07-23T21:52:26.185824+00:00,True,ok,
mask_robustness,p026__loss_large__variant_04,p026,data/processed/clean/p026_clean.png,data/processed/damaged/mask_robustness/p026__loss_large__variant_04_damaged.png,data/processed/masks/mask_robustness/p026__loss_large__variant_04_mask.png,p026__loss_large__variant_04,opencv_telea__mask_robustness__p026__loss_large__variant_04,opencv_telea,cv2.INPAINT_TELEA,3,4.11.0,restoration_eval.restoration_opencv,2.0.0,p026__loss_large__variant_04_restored_opencv_telea.png,data\processed\restored\opencv_telea\mask_robustness\p026__loss_large__variant_04_restored_opencv_telea.png,f32bcf20bcc8db15303b25b5c50b0f27fc50a1ca89060b52f55fbf5f62ec943a,0.41731439999421127,2026-07-23T21:52:26.185824+00:00,2026-07-23T21:52:26.611082+00:00,True,ok,
mask_robustness,p026__loss_large__variant_05,p026,data/processed/clean/p026_clean.png,data/processed/damaged/mask_robustness/p026__loss_large__variant_05_damaged.png,data/processed/masks/mask_robustness/p026__loss_large__variant_05_mask.png,p026__loss_large__variant_05,opencv_telea__mask_robustness__p026__loss_large__variant_05,opencv_telea,cv2.INPAINT_TELEA,3,4.11.0,restoration_eval.restoration_opencv,2.0.0,p026__loss_large__variant_05_restored_opencv_telea.png,data\processed\restored\opencv_telea\mask_robustness\p026__loss_large__variant_05_restored_opencv_telea.png,376e791429502618e6201f22c5a5efbbfeff21b9df17dbe322ad468d5357fb3f,0.42944920001900755,2026-07-23T21:52:26.613092+00:00,2026-07-23T21:52:27.038431+00:00,True,ok,
mask_robustness,p026__loss_small__variant_01,p026,data/processed/clean/p026_clean.png,data/processed/damaged/mask_robustness/p026__loss_small__variant_01_damaged.png,data/processed/masks/mask_robustness/p026__loss_small__variant_01_mask.png,p026__loss_small__variant_01,opencv_telea__mask_robustness__p026__loss_small__variant_01,opencv_telea,cv2.INPAINT_TELEA,3,4.11.0,restoration_eval.restoration_opencv,2.0.0,p026__loss_small__variant_01_restored_opencv_telea.png,data\processed\restored\opencv_telea\mask_robustness\p026__loss_small__variant_01_restored_opencv_telea.png,f13b1fe8cf06a7a51a7a497f75fd9660c23e5191a99614fb3ec2389979e0a712,0.3402091999887489,2026-07-23T21:52:27.044326+00:00,2026-07-23T21:52:27.373802+00:00,True,ok,
mask_robustness,p026__loss_small__variant_02,p026,data/processed/clean/p026_clean.png,data/processed/damaged/mask_robustness/p026__loss_small__variant_02_damaged.png,data/processed/masks/mask_robustness/p026__loss_small__variant_02_mask.png,p026__loss_small__variant_02,opencv_telea__mask_robustness__p026__loss_small__variant_02,opencv_telea,cv2.INPAINT_TELEA,3,4.11.0,restoration_eval.restoration_opencv,2.0.0,p026__loss_small__variant_02_restored_opencv_telea.png,data\processed\restored\opencv_telea\mask_robustness\p026__loss_small__variant_02_restored_opencv_telea.png,a9e9a774cf73dc8d7f43e6e95f2e7edc9d9a5589e6ecc31e3ea2d80d59f6347e,0.33326660000602715,2026-07-23T21:52:27.387225+00:00,2026-07-23T21:52:27.708462+00:00,True,ok,
mask_robustness,p026__loss_small__variant_03,p026,data/processed/clean/p026_clean.png,data/processed/damaged/mask_robustness/p026__loss_small__variant_03_damaged.png,data/processed/masks/mask_robustness/p026__loss_small__variant_03_mask.png,p026__loss_small__variant_03,opencv_telea__mask_robustness__p026__loss_small__variant_03,opencv_telea,cv2.INPAINT_TELEA,3,4.11.0,restoration_eval.restoration_opencv,2.0.0,p026__loss_small__variant_03_restored_opencv_telea.png,data\processed\restored\opencv_telea\mask_robustness\p026__loss_small__variant_03_restored_opencv_telea.png,e0f421fc5e4141c666ab9a163789a861dda29d3ce5f229bb25731a720bf0b1bf,0.3457535000052303,2026-07-23T21:52:27.724383+00:00,2026-07-23T21:52:28.059141+00:00,True,ok,
mask_robustness,p026__loss_small__variant_04,p026,data/processed/clean/p026_clean.png,data/processed/damaged/mask_robustness/p026__loss_small__variant_04_damaged.png,data/processed/masks/mask_robustness/p026__loss_small__variant_04_mask.png,p026__loss_small__variant_04,opencv_telea__mask_robustness__p026__loss_small__variant_04,opencv_telea,cv2.INPAINT_TELEA,3,4.11.0,restoration_eval.restoration_opencv,2.0.0,p026__loss_small__variant_04_restored_opencv_telea.png,data\processed\restored\opencv_telea\mask_robustness\p026__loss_small__variant_04_restored_opencv_telea.png,9f198d38dfea5dbca292b429cdb265bd16ce5f1bb6ad8d13d8d6546cdf607d23,0.34899749999749474,2026-07-23T21:52:28.059141+00:00,2026-07-23T21:52:28.411168+00:00,True,ok,
mask_robustness,p026__loss_small__variant_05,p026,data/processed/clean/p026_clean.png,data/processed/damaged/mask_robustness/p026__loss_small__variant_05_damaged.png,data/processed/masks/mask_robustness/p026__loss_small__variant_05_mask.png,p026__loss_small__variant_05,opencv_telea__mask_robustness__p026__loss_small__variant_05,opencv_telea,cv2.INPAINT_TELEA,3,4.11.0,restoration_eval.restoration_opencv,2.0.0,p026__loss_small__variant_05_restored_opencv_telea.png,data\processed\restored\opencv_telea\mask_robustness\p026__loss_small__variant_05_restored_opencv_telea.png,0a258454d2e690b4b53d44d52d4693edbd918f208c54689cfeedb6f5952f6b9c,0.3507963999873027,2026-07-23T21:52:28.411168+00:00,2026-07-23T21:52:28.766066+00:00,True,ok,
mask_robustness,p026__scratch_thin__variant_01,p026,data/processed/clean/p026_clean.png,data/processed/damaged/mask_robustness/p026__scratch_thin__variant_01_damaged.png,data/processed/masks/mask_robustness/p026__scratch_thin__variant_01_mask.png,p026__scratch_thin__variant_01,opencv_telea__mask_robustness__p026__scratch_thin__variant_01,opencv_telea,cv2.INPAINT_TELEA,3,4.11.0,restoration_eval.restoration_opencv,2.0.0,p026__scratch_thin__variant_01_restored_opencv_telea.png,data\processed\restored\opencv_telea\mask_robustness\p026__scratch_thin__variant_01_restored_opencv_telea.png,a74c1877ad47f8e4b5240b6d65daf32e75370e5bb39e70d8dfd1b92285036b6c,0.32386000000406057,2026-07-23T21:52:28.777650+00:00,2026-07-23T21:52:29.097213+00:00,True,ok,
mask_robustness,p026__scratch_thin__variant_02,p026,data/processed/clean/p026_clean.png,data/processed/damaged/mask_robustness/p026__scratch_thin__variant_02_damaged.png,data/processed/masks/mask_robustness/p026__scratch_thin__variant_02_mask.png,p026__scratch_thin__variant_02,opencv_telea__mask_robustness__p026__scratch_thin__variant_02,opencv_telea,cv2.INPAINT_TELEA,3,4.11.0,restoration_eval.restoration_opencv,2.0.0,p026__scratch_thin__variant_02_restored_opencv_telea.png,data\processed\restored\opencv_telea\mask_robustness\p026__scratch_thin__variant_02_restored_opencv_telea.png,88756acce254be81feeacd2a56f6550f121ff3f00d55836e9f89ccdaeb4317cd,0.3214563000074122,2026-07-23T21:52:29.097213+00:00,2026-07-23T21:52:29.416168+00:00,True,ok,
mask_robustness,p026__scratch_thin__variant_03,p026,data/processed/clean/p026_clean.png,data/processed/damaged/mask_robustness/p026__scratch_thin__variant_03_damaged.png,data/processed/masks/mask_robustness/p026__scratch_thin__variant_03_mask.png,p026__scratch_thin__variant_03,opencv_telea__mask_robustness__p026__scratch_thin__variant_03,opencv_telea,cv2.INPAINT_TELEA,3,4.11.0,restoration_eval.restoration_opencv,2.0.0,p026__scratch_thin__variant_03_restored_opencv_telea.png,data\processed\restored\opencv_telea\mask_robustness\p026__scratch_thin__variant_03_restored_opencv_telea.png,1ba79a1509261b4a44e11e51bbf5eb8443c59fd51aaba4325d0e0ac2bfaac298,0.30905389998224564,2026-07-23T21:52:29.416168+00:00,2026-07-23T21:52:29.732793+00:00,True,ok,
mask_robustness,p026__scratch_thin__variant_04,p026,data/processed/clean/p026_clean.png,data/processed/damaged/mask_robustness/p026__scratch_thin__variant_04_damaged.png,data/processed/masks/mask_robustness/p026__scratch_thin__variant_04_mask.png,p026__scratch_thin__variant_04,opencv_telea__mask_robustness__p026__scratch_thin__variant_04,opencv_telea,cv2.INPAINT_TELEA,3,4.11.0,restoration_eval.restoration_opencv,2.0.0,p026__scratch_thin__variant_04_restored_opencv_telea.png,data\processed\restored\opencv_telea\mask_robustness\p026__scratch_thin__variant_04_restored_opencv_telea.png,be5fa1a38bea02abe54881195fcdff95738e52456350fe9de0b8e05e42225419,0.3448268999927677,2026-07-23T21:52:29.732793+00:00,2026-07-23T21:52:30.081630+00:00,True,ok,
mask_robustness,p026__scratch_thin__variant_05,p026,data/processed/clean/p026_clean.png,data/processed/damaged/mask_robustness/p026__scratch_thin__variant_05_damaged.png,data/processed/masks/mask_robustness/p026__scratch_thin__variant_05_mask.png,p026__scratch_thin__variant_05,opencv_telea__mask_robustness__p026__scratch_thin__variant_05,opencv_telea,cv2.INPAINT_TELEA,3,4.11.0,restoration_eval.restoration_opencv,2.0.0,p026__scratch_thin__variant_05_restored_opencv_telea.png,data\processed\restored\opencv_telea\mask_robustness\p026__scratch_thin__variant_05_restored_opencv_telea.png,ffe36fa3dc1110f9f3f60b2b7efd0274b735837313cdb2508b69f0235cc6c42c,0.3217400000139605,2026-07-23T21:52:30.081630+00:00,2026-07-23T21:52:30.400063+00:00,True,ok,
mask_robustness,p039__loss_large__variant_01,p039,data/processed/clean/p039_clean.png,data/processed/damaged/mask_robustness/p039__loss_large__variant_01_damaged.png,data/processed/masks/mask_robustness/p039__loss_large__variant_01_mask.png,p039__loss_large__variant_01,opencv_telea__mask_robustness__p039__loss_large__variant_01,opencv_telea,cv2.INPAINT_TELEA,3,4.11.0,restoration_eval.restoration_opencv,2.0.0,p039__loss_large__variant_01_restored_opencv_telea.png,data\processed\restored\opencv_telea\mask_robustness\p039__loss_large__variant_01_restored_opencv_telea.png,17358a863adb1c4858d803aa1e106418b5143b56f5ff7d176edfb27408f51549,0.4869980000075884,2026-07-23T21:52:30.400063+00:00,2026-07-23T21:52:30.895557+00:00,True,ok,
mask_robustness,p039__loss_large__variant_02,p039,data/processed/clean/p039_clean.png,data/processed/damaged/mask_robustness/p039__loss_large__variant_02_damaged.png,data/processed/masks/mask_robustness/p039__loss_large__variant_02_mask.png,p039__loss_large__variant_02,opencv_telea__mask_robustness__p039__loss_large__variant_02,opencv_telea,cv2.INPAINT_TELEA,3,4.11.0,restoration_eval.restoration_opencv,2.0.0,p039__loss_large__variant_02_restored_opencv_telea.png,data\processed\restored\opencv_telea\mask_robustness\p039__loss_large__variant_02_restored_opencv_telea.png,c57575c5a171f2d8bafd0407cb1709f077eb678f6272e26372c45b6bc0a74615,0.492751900019357,2026-07-23T21:52:30.895557+00:00,2026-07-23T21:52:31.393140+00:00,True,ok,
mask_robustness,p039__loss_large__variant_03,p039,data/processed/clean/p039_clean.png,data/processed/damaged/mask_robustness/p039__loss_large__variant_03_damaged.png,data/processed/masks/mask_robustness/p039__loss_large__variant_03_mask.png,p039__loss_large__variant_03,opencv_telea__mask_robustness__p039__loss_large__variant_03,opencv_telea,cv2.INPAINT_TELEA,3,4.11.0,restoration_eval.restoration_opencv,2.0.0,p039__loss_large__variant_03_restored_opencv_telea.png,data\processed\restored\opencv_telea\mask_robustness\p039__loss_large__variant_03_restored_opencv_telea.png,6fb01f53919f479a588fefbc3c1e8652bc92f05a3ecded4e6814f7af9f42c191,0.4970088000118267,2026-07-23T21:52:31.393140+00:00,2026-07-23T21:52:31.884255+00:00,True,ok,
mask_robustness,p039__loss_large__variant_04,p039,data/processed/clean/p039_clean.png,data/processed/damaged/mask_robustness/p039__loss_large__variant_04_damaged.png,data/processed/masks/mask_robustness/p039__loss_large__variant_04_mask.png,p039__loss_large__variant_04,opencv_telea__mask_robustness__p039__loss_large__variant_04,opencv_telea,cv2.INPAINT_TELEA,3,4.11.0,restoration_eval.restoration_opencv,2.0.0,p039__loss_large__variant_04_restored_opencv_telea.png,data\processed\restored\opencv_telea\mask_robustness\p039__loss_large__variant_04_restored_opencv_telea.png,608fed5ae819df89d796d0d4630bea8f666f5ea060d0f78733fb7f5ac9ac3a0a,0.49270639999303967,2026-07-23T21:52:31.894255+00:00,2026-07-23T21:52:32.379614+00:00,True,ok,
mask_robustness,p039__loss_large__variant_05,p039,data/processed/clean/p039_clean.png,data/processed/damaged/mask_robustness/p039__loss_large__variant_05_damaged.png,data/processed/masks/mask_robustness/p039__loss_large__variant_05_mask.png,p039__loss_large__variant_05,opencv_telea__mask_robustness__p039__loss_large__variant_05,opencv_telea,cv2.INPAINT_TELEA,3,4.11.0,restoration_eval.restoration_opencv,2.0.0,p039__loss_large__variant_05_restored_opencv_telea.png,data\processed\restored\opencv_telea\mask_robustness\p039__loss_large__variant_05_restored_opencv_telea.png,c0c3b9d898f01124a7c44d676cd5c8411f8e5bcb94a53fd593c5eb6a3838b1ea,0.48436479998053983,2026-07-23T21:52:32.379614+00:00,2026-07-23T21:52:32.872420+00:00,True,ok,
mask_robustness,p039__loss_small__variant_01,p039,data/processed/clean/p039_clean.png,data/processed/damaged/mask_robustness/p039__loss_small__variant_01_damaged.png,data/processed/masks/mask_robustness/p039__loss_small__variant_01_mask.png,p039__loss_small__variant_01,opencv_telea__mask_robustness__p039__loss_small__variant_01,opencv_telea,cv2.INPAINT_TELEA,3,4.11.0,restoration_eval.restoration_opencv,2.0.0,p039__loss_small__variant_01_restored_opencv_telea.png,data\processed\restored\opencv_telea\mask_robustness\p039__loss_small__variant_01_restored_opencv_telea.png,ec6002a73d62af77e1c54ff7d93db2fe2e21d6666b87776d87c809b1c25fd1b6,0.4355446999834385,2026-07-23T21:52:32.872420+00:00,2026-07-23T21:52:33.312586+00:00,True,ok,
mask_robustness,p039__loss_small__variant_02,p039,data/processed/clean/p039_clean.png,data/processed/damaged/mask_robustness/p039__loss_small__variant_02_damaged.png,data/processed/masks/mask_robustness/p039__loss_small__variant_02_mask.png,p039__loss_small__variant_02,opencv_telea__mask_robustness__p039__loss_small__variant_02,opencv_telea,cv2.INPAINT_TELEA,3,4.11.0,restoration_eval.restoration_opencv,2.0.0,p039__loss_small__variant_02_restored_opencv_telea.png,data\processed\restored\opencv_telea\mask_robustness\p039__loss_small__variant_02_restored_opencv_telea.png,719da2d8302f886638e45be985ef923a3587eb168efcb7536a90e4b73d11d4e2,0.42742160000489093,2026-07-23T21:52:33.314596+00:00,2026-07-23T21:52:33.730078+00:00,True,ok,
mask_robustness,p039__loss_small__variant_03,p039,data/processed/clean/p039_clean.png,data/processed/damaged/mask_robustness/p039__loss_small__variant_03_damaged.png,data/processed/masks/mask_robustness/p039__loss_small__variant_03_mask.png,p039__loss_small__variant_03,opencv_telea__mask_robustness__p039__loss_small__variant_03,opencv_telea,cv2.INPAINT_TELEA,3,4.11.0,restoration_eval.restoration_opencv,2.0.0,p039__loss_small__variant_03_restored_opencv_telea.png,data\processed\restored\opencv_telea\mask_robustness\p039__loss_small__variant_03_restored_opencv_telea.png,2633305e76934a76994fb6dda81f9d9e22adf5597862d86d5b6dbf7a79e45064,0.42283349999343045,2026-07-23T21:52:33.730078+00:00,2026-07-23T21:52:34.167680+00:00,True,ok,
mask_robustness,p039__loss_small__variant_04,p039,data/processed/clean/p039_clean.png,data/processed/damaged/mask_robustness/p039__loss_small__variant_04_damaged.png,data/processed/masks/mask_robustness/p039__loss_small__variant_04_mask.png,p039__loss_small__variant_04,opencv_telea__mask_robustness__p039__loss_small__variant_04,opencv_telea,cv2.INPAINT_TELEA,3,4.11.0,restoration_eval.restoration_opencv,2.0.0,p039__loss_small__variant_04_restored_opencv_telea.png,data\processed\restored\opencv_telea\mask_robustness\p039__loss_small__variant_04_restored_opencv_telea.png,5058323085fc7c2c0f3cbe0ae8cb840767e22f33f4d007cbc42e0de7cb33f0df,0.41991219998453744,2026-07-23T21:52:34.169690+00:00,2026-07-23T21:52:34.590383+00:00,True,ok,
mask_robustness,p039__loss_small__variant_05,p039,data/processed/clean/p039_clean.png,data/processed/damaged/mask_robustness/p039__loss_small__variant_05_damaged.png,data/processed/masks/mask_robustness/p039__loss_small__variant_05_mask.png,p039__loss_small__variant_05,opencv_telea__mask_robustness__p039__loss_small__variant_05,opencv_telea,cv2.INPAINT_TELEA,3,4.11.0,restoration_eval.restoration_opencv,2.0.0,p039__loss_small__variant_05_restored_opencv_telea.png,data\processed\restored\opencv_telea\mask_robustness\p039__loss_small__variant_05_restored_opencv_telea.png,08f9c9e671b1258517bbef5a5272479ffb78b04cc8cb03855e52e99a2eed7397,0.4244561999803409,2026-07-23T21:52:34.592392+00:00,2026-07-23T21:52:35.016255+00:00,True,ok,
mask_robustness,p039__scratch_thin__variant_01,p039,data/processed/clean/p039_clean.png,data/processed/damaged/mask_robustness/p039__scratch_thin__variant_01_damaged.png,data/processed/masks/mask_robustness/p039__scratch_thin__variant_01_mask.png,p039__scratch_thin__variant_01,opencv_telea__mask_robustness__p039__scratch_thin__variant_01,opencv_telea,cv2.INPAINT_TELEA,3,4.11.0,restoration_eval.restoration_opencv,2.0.0,p039__scratch_thin__variant_01_restored_opencv_telea.png,data\processed\restored\opencv_telea\mask_robustness\p039__scratch_thin__variant_01_restored_opencv_telea.png,a3739b6bc28f7c1612fd3ec8ec6918ed5fc268d709688ef4bc5d28435d9566e3,0.4047695999906864,2026-07-23T21:52:35.018265+00:00,2026-07-23T21:52:35.424340+00:00,True,ok,
mask_robustness,p039__scratch_thin__variant_02,p039,data/processed/clean/p039_clean.png,data/processed/damaged/mask_robustness/p039__scratch_thin__variant_02_damaged.png,data/processed/masks/mask_robustness/p039__scratch_thin__variant_02_mask.png,p039__scratch_thin__variant_02,opencv_telea__mask_robustness__p039__scratch_thin__variant_02,opencv_telea,cv2.INPAINT_TELEA,3,4.11.0,restoration_eval.restoration_opencv,2.0.0,p039__scratch_thin__variant_02_restored_opencv_telea.png,data\processed\restored\opencv_telea\mask_robustness\p039__scratch_thin__variant_02_restored_opencv_telea.png,e3f0f43277091379b311ada0697bf4673338b86806ec290ee324d1be913b0fe2,0.3929033999738749,2026-07-23T21:52:35.425858+00:00,2026-07-23T21:52:35.819747+00:00,True,ok,
mask_robustness,p039__scratch_thin__variant_03,p039,data/processed/clean/p039_clean.png,data/processed/damaged/mask_robustness/p039__scratch_thin__variant_03_damaged.png,data/processed/masks/mask_robustness/p039__scratch_thin__variant_03_mask.png,p039__scratch_thin__variant_03,opencv_telea__mask_robustness__p039__scratch_thin__variant_03,opencv_telea,cv2.INPAINT_TELEA,3,4.11.0,restoration_eval.restoration_opencv,2.0.0,p039__scratch_thin__variant_03_restored_opencv_telea.png,data\processed\restored\opencv_telea\mask_robustness\p039__scratch_thin__variant_03_restored_opencv_telea.png,b5049dbeb09b80e27ee3c906802cca33a0c20651ec381d63b0197119c424baa2,0.4040511999919545,2026-07-23T21:52:35.821757+00:00,2026-07-23T21:52:36.226209+00:00,True,ok,
mask_robustness,p039__scratch_thin__variant_04,p039,data/processed/clean/p039_clean.png,data/processed/damaged/mask_robustness/p039__scratch_thin__variant_04_damaged.png,data/processed/masks/mask_robustness/p039__scratch_thin__variant_04_mask.png,p039__scratch_thin__variant_04,opencv_telea__mask_robustness__p039__scratch_thin__variant_04,opencv_telea,cv2.INPAINT_TELEA,3,4.11.0,restoration_eval.restoration_opencv,2.0.0,p039__scratch_thin__variant_04_restored_opencv_telea.png,data\processed\restored\opencv_telea\mask_robustness\p039__scratch_thin__variant_04_restored_opencv_telea.png,51a4ac97e4940f940faaba4ece4a51ce53487bb10c4dc1e3ecfbb491a9e5935c,0.4072888999944553,2026-07-23T21:52:36.228216+00:00,2026-07-23T21:52:36.636205+00:00,True,ok,
mask_robustness,p039__scratch_thin__variant_05,p039,data/processed/clean/p039_clean.png,data/processed/damaged/mask_robustness/p039__scratch_thin__variant_05_damaged.png,data/processed/masks/mask_robustness/p039__scratch_thin__variant_05_mask.png,p039__scratch_thin__variant_05,opencv_telea__mask_robustness__p039__scratch_thin__variant_05,opencv_telea,cv2.INPAINT_TELEA,3,4.11.0,restoration_eval.restoration_opencv,2.0.0,p039__scratch_thin__variant_05_restored_opencv_telea.png,data\processed\restored\opencv_telea\mask_robustness\p039__scratch_thin__variant_05_restored_opencv_telea.png,1f67a0ec2652059908bb150a2519c9dca47d03eb5ff6ee074aed105be10a412b,0.41351519999443553,2026-07-23T21:52:36.639083+00:00,2026-07-23T21:52:37.052143+00:00,True,ok,
mask_robustness,p043__loss_large__variant_01,p043,data/processed/clean/p043_clean.png,data/processed/damaged/mask_robustness/p043__loss_large__variant_01_damaged.png,data/processed/masks/mask_robustness/p043__loss_large__variant_01_mask.png,p043__loss_large__variant_01,opencv_telea__mask_robustness__p043__loss_large__variant_01,opencv_telea,cv2.INPAINT_TELEA,3,4.11.0,restoration_eval.restoration_opencv,2.0.0,p043__loss_large__variant_01_restored_opencv_telea.png,data\processed\restored\opencv_telea\mask_robustness\p043__loss_large__variant_01_restored_opencv_telea.png,127c7ee9f7ffbf4d3d49e9010de498355141adf7cf6b13d8c4dfd01c70c17c6a,0.5348199000000022,2026-07-23T21:52:37.054151+00:00,2026-07-23T21:52:37.589567+00:00,True,ok,
mask_robustness,p043__loss_large__variant_02,p043,data/processed/clean/p043_clean.png,data/processed/damaged/mask_robustness/p043__loss_large__variant_02_damaged.png,data/processed/masks/mask_robustness/p043__loss_large__variant_02_mask.png,p043__loss_large__variant_02,opencv_telea__mask_robustness__p043__loss_large__variant_02,opencv_telea,cv2.INPAINT_TELEA,3,4.11.0,restoration_eval.restoration_opencv,2.0.0,p043__loss_large__variant_02_restored_opencv_telea.png,data\processed\restored\opencv_telea\mask_robustness\p043__loss_large__variant_02_restored_opencv_telea.png,f393a6068edc83ccf49456129b229decb6a7e995c9086b1014fa4c0986091658,0.5408533000154421,2026-07-23T21:52:37.591577+00:00,2026-07-23T21:52:38.132944+00:00,True,ok,
mask_robustness,p043__loss_large__variant_03,p043,data/processed/clean/p043_clean.png,data/processed/damaged/mask_robustness/p043__loss_large__variant_03_damaged.png,data/processed/masks/mask_robustness/p043__loss_large__variant_03_mask.png,p043__loss_large__variant_03,opencv_telea__mask_robustness__p043__loss_large__variant_03,opencv_telea,cv2.INPAINT_TELEA,3,4.11.0,restoration_eval.restoration_opencv,2.0.0,p043__loss_large__variant_03_restored_opencv_telea.png,data\processed\restored\opencv_telea\mask_robustness\p043__loss_large__variant_03_restored_opencv_telea.png,78c3a373bc7ecde6de1eff96aa1c298b1b9e9451ddd4f11869b9cc579d2ba443,0.5423857000132557,2026-07-23T21:52:38.134954+00:00,2026-07-23T21:52:38.676484+00:00,True,ok,
mask_robustness,p043__loss_large__variant_04,p043,data/processed/clean/p043_clean.png,data/processed/damaged/mask_robustness/p043__loss_large__variant_04_damaged.png,data/processed/masks/mask_robustness/p043__loss_large__variant_04_mask.png,p043__loss_large__variant_04,opencv_telea__mask_robustness__p043__loss_large__variant_04,opencv_telea,cv2.INPAINT_TELEA,3,4.11.0,restoration_eval.restoration_opencv,2.0.0,p043__loss_large__variant_04_restored_opencv_telea.png,data\processed\restored\opencv_telea\mask_robustness\p043__loss_large__variant_04_restored_opencv_telea.png,a4267c2a17b40cec94f202ea3fa59b2e1be109682932d1aeb72b35c6f979041f,0.5322358999983408,2026-07-23T21:52:38.680504+00:00,2026-07-23T21:52:39.212015+00:00,True,ok,
mask_robustness,p043__loss_large__variant_05,p043,data/processed/clean/p043_clean.png,data/processed/damaged/mask_robustness/p043__loss_large__variant_05_damaged.png,data/processed/masks/mask_robustness/p043__loss_large__variant_05_mask.png,p043__loss_large__variant_05,opencv_telea__mask_robustness__p043__loss_large__variant_05,opencv_telea,cv2.INPAINT_TELEA,3,4.11.0,restoration_eval.restoration_opencv,2.0.0,p043__loss_large__variant_05_restored_opencv_telea.png,data\processed\restored\opencv_telea\mask_robustness\p043__loss_large__variant_05_restored_opencv_telea.png,42ed00d7531f1bc74045c1dc3e1c71fdbbf48b2c4f5cc89be65af609b405c4cd,0.5358016999962274,2026-07-23T21:52:39.214024+00:00,2026-07-23T21:52:39.750518+00:00,True,ok,
mask_robustness,p043__loss_small__variant_01,p043,data/processed/clean/p043_clean.png,data/processed/damaged/mask_robustness/p043__loss_small__variant_01_damaged.png,data/processed/masks/mask_robustness/p043__loss_small__variant_01_mask.png,p043__loss_small__variant_01,opencv_telea__mask_robustness__p043__loss_small__variant_01,opencv_telea,cv2.INPAINT_TELEA,3,4.11.0,restoration_eval.restoration_opencv,2.0.0,p043__loss_small__variant_01_restored_opencv_telea.png,data\processed\restored\opencv_telea\mask_robustness\p043__loss_small__variant_01_restored_opencv_telea.png,596fded9295727514c67a923d1902fb13ba7c9bbf984fe9f5c3765a7ea622263,0.4733756000059657,2026-07-23T21:52:39.754280+00:00,2026-07-23T21:52:40.216344+00:00,True,ok,
mask_robustness,p043__loss_small__variant_02,p043,data/processed/clean/p043_clean.png,data/processed/damaged/mask_robustness/p043__loss_small__variant_02_damaged.png,data/processed/masks/mask_robustness/p043__loss_small__variant_02_mask.png,p043__loss_small__variant_02,opencv_telea__mask_robustness__p043__loss_small__variant_02,opencv_telea,cv2.INPAINT_TELEA,3,4.11.0,restoration_eval.restoration_opencv,2.0.0,p043__loss_small__variant_02_restored_opencv_telea.png,data\processed\restored\opencv_telea\mask_robustness\p043__loss_small__variant_02_restored_opencv_telea.png,b47096d30313280d5cca3e30c1e6f5aa625f7a99dd9aa468ee3ff7a67ecb781d,0.4600196999963373,2026-07-23T21:52:40.216344+00:00,2026-07-23T21:52:40.679435+00:00,True,ok,
mask_robustness,p043__loss_small__variant_03,p043,data/processed/clean/p043_clean.png,data/processed/damaged/mask_robustness/p043__loss_small__variant_03_damaged.png,data/processed/masks/mask_robustness/p043__loss_small__variant_03_mask.png,p043__loss_small__variant_03,opencv_telea__mask_robustness__p043__loss_small__variant_03,opencv_telea,cv2.INPAINT_TELEA,3,4.11.0,restoration_eval.restoration_opencv,2.0.0,p043__loss_small__variant_03_restored_opencv_telea.png,data\processed\restored\opencv_telea\mask_robustness\p043__loss_small__variant_03_restored_opencv_telea.png,f01c72c610640d8efdd8d8decbf3a194c0453dbdfc15483db3368fe618d0cd60,0.4648837000131607,2026-07-23T21:52:40.679435+00:00,2026-07-23T21:52:41.155317+00:00,True,ok,
mask_robustness,p043__loss_small__variant_04,p043,data/processed/clean/p043_clean.png,data/processed/damaged/mask_robustness/p043__loss_small__variant_04_damaged.png,data/processed/masks/mask_robustness/p043__loss_small__variant_04_mask.png,p043__loss_small__variant_04,opencv_telea__mask_robustness__p043__loss_small__variant_04,opencv_telea,cv2.INPAINT_TELEA,3,4.11.0,restoration_eval.restoration_opencv,2.0.0,p043__loss_small__variant_04_restored_opencv_telea.png,data\processed\restored\opencv_telea\mask_robustness\p043__loss_small__variant_04_restored_opencv_telea.png,e75ce22f68796dcccd8288de2071a9271f27729e7a266edcd0d45abae5b6389f,0.4643699000007473,2026-07-23T21:52:41.155317+00:00,2026-07-23T21:52:41.617224+00:00,True,ok,
mask_robustness,p043__loss_small__variant_05,p043,data/processed/clean/p043_clean.png,data/processed/damaged/mask_robustness/p043__loss_small__variant_05_damaged.png,data/processed/masks/mask_robustness/p043__loss_small__variant_05_mask.png,p043__loss_small__variant_05,opencv_telea__mask_robustness__p043__loss_small__variant_05,opencv_telea,cv2.INPAINT_TELEA,3,4.11.0,restoration_eval.restoration_opencv,2.0.0,p043__loss_small__variant_05_restored_opencv_telea.png,data\processed\restored\opencv_telea\mask_robustness\p043__loss_small__variant_05_restored_opencv_telea.png,46375ba56e7227127dc33d399d49a6414fa697ad458b9a0bc484c391bf049607,0.4650973999814596,2026-07-23T21:52:41.617224+00:00,2026-07-23T21:52:42.079893+00:00,True,ok,
mask_robustness,p043__scratch_thin__variant_01,p043,data/processed/clean/p043_clean.png,data/processed/damaged/mask_robustness/p043__scratch_thin__variant_01_damaged.png,data/processed/masks/mask_robustness/p043__scratch_thin__variant_01_mask.png,p043__scratch_thin__variant_01,opencv_telea__mask_robustness__p043__scratch_thin__variant_01,opencv_telea,cv2.INPAINT_TELEA,3,4.11.0,restoration_eval.restoration_opencv,2.0.0,p043__scratch_thin__variant_01_restored_opencv_telea.png,data\processed\restored\opencv_telea\mask_robustness\p043__scratch_thin__variant_01_restored_opencv_telea.png,e879e840ecde810c8fbea3d735d04e8a2a0a35a4d3f1fb6c74afca4e51e5a39c,0.44979030001559295,2026-07-23T21:52:42.079893+00:00,2026-07-23T21:52:42.540346+00:00,True,ok,
mask_robustness,p043__scratch_thin__variant_02,p043,data/processed/clean/p043_clean.png,data/processed/damaged/mask_robustness/p043__scratch_thin__variant_02_damaged.png,data/processed/masks/mask_robustness/p043__scratch_thin__variant_02_mask.png,p043__scratch_thin__variant_02,opencv_telea__mask_robustness__p043__scratch_thin__variant_02,opencv_telea,cv2.INPAINT_TELEA,3,4.11.0,restoration_eval.restoration_opencv,2.0.0,p043__scratch_thin__variant_02_restored_opencv_telea.png,data\processed\restored\opencv_telea\mask_robustness\p043__scratch_thin__variant_02_restored_opencv_telea.png,66794268c1d6ac2f814988311dc588334d86c5f314b2ca9d4a9d85692510718f,0.4477369000087492,2026-07-23T21:52:42.540346+00:00,2026-07-23T21:52:42.986094+00:00,True,ok,
mask_robustness,p043__scratch_thin__variant_03,p043,data/processed/clean/p043_clean.png,data/processed/damaged/mask_robustness/p043__scratch_thin__variant_03_damaged.png,data/processed/masks/mask_robustness/p043__scratch_thin__variant_03_mask.png,p043__scratch_thin__variant_03,opencv_telea__mask_robustness__p043__scratch_thin__variant_03,opencv_telea,cv2.INPAINT_TELEA,3,4.11.0,restoration_eval.restoration_opencv,2.0.0,p043__scratch_thin__variant_03_restored_opencv_telea.png,data\processed\restored\opencv_telea\mask_robustness\p043__scratch_thin__variant_03_restored_opencv_telea.png,cda72a6c419f48818a0cba641023f5dd38b56424155e71d62180cfb1dd5b32f1,0.447781800001394,2026-07-23T21:52:42.986094+00:00,2026-07-23T21:52:43.431331+00:00,True,ok,
mask_robustness,p043__scratch_thin__variant_04,p043,data/processed/clean/p043_clean.png,data/processed/damaged/mask_robustness/p043__scratch_thin__variant_04_damaged.png,data/processed/masks/mask_robustness/p043__scratch_thin__variant_04_mask.png,p043__scratch_thin__variant_04,opencv_telea__mask_robustness__p043__scratch_thin__variant_04,opencv_telea,cv2.INPAINT_TELEA,3,4.11.0,restoration_eval.restoration_opencv,2.0.0,p043__scratch_thin__variant_04_restored_opencv_telea.png,data\processed\restored\opencv_telea\mask_robustness\p043__scratch_thin__variant_04_restored_opencv_telea.png,636ea1aeac615478e2aa68d8a9d834200b594a6c40aafdd6a3461a9800df64c0,0.44530520000262186,2026-07-23T21:52:43.431331+00:00,2026-07-23T21:52:43.886545+00:00,True,ok,
mask_robustness,p043__scratch_thin__variant_05,p043,data/processed/clean/p043_clean.png,data/processed/damaged/mask_robustness/p043__scratch_thin__variant_05_damaged.png,data/processed/masks/mask_robustness/p043__scratch_thin__variant_05_mask.png,p043__scratch_thin__variant_05,opencv_telea__mask_robustness__p043__scratch_thin__variant_05,opencv_telea,cv2.INPAINT_TELEA,3,4.11.0,restoration_eval.restoration_opencv,2.0.0,p043__scratch_thin__variant_05_restored_opencv_telea.png,data\processed\restored\opencv_telea\mask_robustness\p043__scratch_thin__variant_05_restored_opencv_telea.png,f1bfd8173d8762e724356395053c1c5942c5cfbec8e414f3666229986905b6ae,0.44508350000251085,2026-07-23T21:52:43.886545+00:00,2026-07-23T21:52:44.334676+00:00,True,ok,
