case_id,painting_id,category,title,mask_type,mse_improvement,restored_mse,mae_improvement,psnr_improvement,damaged_lpips,restored_lpips,lpips_improvement
p001_loss_large,p001,portrait_figure,Juan de Pareja,loss_large,48015.95104980469,981.8536376953124,200.80171585083008,16.981298687118507,0.5921071767807007,0.2738807201385498,0.3182264566421509
p001_loss_small,p001,portrait_figure,Juan de Pareja,loss_small,46962.81076812744,32.689231872558594,212.51450848579407,31.5765155885504,0.34100931882858276,0.007826346904039383,0.3331829719245434
p001_mixed_damage,p001,portrait_figure,Juan de Pareja,mixed_damage,50520.93118286133,219.76803588867188,216.62253284454343,23.63391920787114,0.41632840037345886,0.030484460294246674,0.3858439400792122
p001_scratch_thin,p001,portrait_figure,Juan de Pareja,scratch_thin,48335.43656921387,173.1220245361328,211.37976169586184,24.47466047771981,0.4253467917442322,0.005461147055029869,0.4198856446892023
p002_loss_large,p002,portrait_figure,Madame X (Madame Pierre Gautreau),loss_large,50914.55773925781,315.2899169921875,213.73927211761475,22.10812982221108,0.5892032980918884,0.2020873725414276,0.3871159255504608
p002_loss_small,p002,portrait_figure,Madame X (Madame Pierre Gautreau),loss_small,45021.30486297608,73.05841827392578,206.42278003692627,27.904519937637083,0.1513971984386444,0.0136558897793293,0.1377413086593151
p002_mixed_damage,p002,portrait_figure,Madame X (Madame Pierre Gautreau),mixed_damage,45717.56604003906,281.3128662109375,202.91853427886963,22.13557651455624,0.4236736595630646,0.05059213936328888,0.3730815201997757
p002_scratch_thin,p002,portrait_figure,Madame X (Madame Pierre Gautreau),scratch_thin,50114.38048553467,69.27576446533203,218.87821745872495,28.59980972725987,0.28562024235725403,0.0016085176030173898,0.28401172475423664
p003_loss_large,p003,portrait_figure,Marie Joséphine Charlotte du Val d'Ognes,loss_large,31275.55145263672,843.3235473632812,155.66765975952148,15.80766098306818,0.5375250577926636,0.2970004081726074,0.24052464962005615
p003_loss_small,p003,portrait_figure,Marie Joséphine Charlotte du Val d'Ognes,loss_small,35172.7975769043,452.4289855957031,172.93438148498535,18.962072140442075,0.1557527482509613,0.026070980355143547,0.12968176789581776
p003_mixed_damage,p003,portrait_figure,Marie Joséphine Charlotte du Val d'Ognes,mixed_damage,33403.221435546875,594.505126953125,166.1173334121704,17.572942723362328,0.35796433687210083,0.05214402452111244,0.3058203123509884
p003_scratch_thin,p003,portrait_figure,Marie Joséphine Charlotte du Val d'Ognes,scratch_thin,36839.0802154541,157.76744079589844,182.3713212013245,23.70147340522485,0.2528427243232727,0.0022690342739224434,0.25057369004935026
p004_loss_large,p004,portrait_figure,Madame Georges Charpentier and Her Children,loss_large,34788.599853515625,2166.282958984375,153.13356399536133,12.319566460668938,0.4133918583393097,0.2612385153770447,0.15215334296226501
p004_loss_small,p004,portrait_figure,Madame Georges Charpentier and Her Children,loss_small,27384.215911865234,503.6512756347656,150.4992504119873,17.432853632394036,0.13605326414108276,0.01652761548757553,0.11952564865350723
p004_mixed_damage,p004,portrait_figure,Madame Georges Charpentier and Her Children,mixed_damage,31829.676696777344,637.8096313476562,160.55180168151855,17.067575932353115,0.3154430389404297,0.05251336842775345,0.26292967051267624
p004_scratch_thin,p004,portrait_figure,Madame Georges Charpentier and Her Children,scratch_thin,32575.33320617676,145.4011688232422,164.8181858062744,23.52255144631537,0.2398073375225067,0.0021340337116271257,0.2376733038108796
p005_loss_large,p005,portrait_figure,Self-Portrait with Two Pupils,loss_large,35037.200439453125,1329.151123046875,160.67140579223633,14.37125370282389,0.433108925819397,0.27373266220092773,0.15937626361846924
p005_loss_small,p005,portrait_figure,Self-Portrait with Two Pupils,loss_small,41530.27960205078,818.1032104492188,185.3937511444092,17.14028733325497,0.2521321773529053,0.022305602207779884,0.2298265751451254
p005_mixed_damage,p005,portrait_figure,Self-Portrait with Two Pupils,mixed_damage,36603.4775390625,1114.3271484375,167.23745346069336,15.295336958959552,0.2632683217525482,0.050073061138391495,0.21319526061415672
p005_scratch_thin,p005,portrait_figure,Self-Portrait with Two Pupils,scratch_thin,31126.06900024414,459.1712341308594,159.19976997375488,18.375095116100272,0.15563097596168518,0.0015308486763387918,0.1541001272853464
p006_loss_large,p006,portrait_figure,Boy with a Sword,loss_large,51838.57540893555,344.2409973144531,216.12399101257324,21.80664923810936,0.5987578630447388,0.21491344273090363,0.38384442031383514
p006_loss_small,p006,portrait_figure,Boy with a Sword,loss_small,49780.10179138184,67.87867736816406,219.34662580490112,28.659141966841275,0.3332367539405823,0.016326243057847023,0.31691051088273525
p006_mixed_damage,p006,portrait_figure,Boy with a Sword,mixed_damage,51841.33726501465,125.12757873535156,221.72965717315677,26.183701329077287,0.43814849853515625,0.02942579984664917,0.4087226986885071
p006_scratch_thin,p006,portrait_figure,Boy with a Sword,scratch_thin,50997.089210510254,72.9850082397461,220.55552411079407,28.44932827615384,0.46624433994293213,0.00511857308447361,0.4611257668584585
p007_loss_large,p007,portrait_figure,Princesse de Broglie,loss_large,28616.42529296875,1517.43212890625,142.70563888549805,12.97945453845283,0.5293353199958801,0.26331353187561035,0.2660217881202698
p007_loss_small,p007,portrait_figure,Princesse de Broglie,loss_small,29985.666442871094,621.0171508789062,152.72441864013672,16.927126794712564,0.21759209036827087,0.033325280994176865,0.184266809374094
p007_mixed_damage,p007,portrait_figure,Princesse de Broglie,mixed_damage,29733.355834960938,1898.9468994140625,143.93791580200195,12.21617987715552,0.3398490250110626,0.045789193361997604,0.294059831649065
p007_scratch_thin,p007,portrait_figure,Princesse de Broglie,scratch_thin,36727.08415222168,167.9197540283203,178.4954171180725,23.41865771248851,0.3229203522205353,0.0023112199269235134,0.32060913229361176
p008_loss_large,p008,portrait_figure,Manuel Osorio Manrique de Zuñiga,loss_large,42649.978515625,853.185546875,184.56248092651367,17.074773553047148,0.49358728528022766,0.2661002576351166,0.22748702764511108
p008_loss_small,p008,portrait_figure,Manuel Osorio Manrique de Zuñiga,loss_small,30387.899505615234,508.1161193847656,159.16720294952393,17.839395034613357,0.21342644095420837,0.018182098865509033,0.19524434208869934
p008_mixed_damage,p008,portrait_figure,Manuel Osorio Manrique de Zuñiga,mixed_damage,32452.54019165039,179.57894897460938,171.41340017318726,22.593898525041052,0.34429892897605896,0.033952873200178146,0.3103460557758808
p008_scratch_thin,p008,portrait_figure,Manuel Osorio Manrique de Zuñiga,scratch_thin,39434.62716674805,264.2908020019531,188.47154712677,21.76696620988519,0.3146711587905884,0.003893338143825531,0.31077782064676285
p009_loss_large,p009,portrait_figure,Madame Roulin and Her Baby,loss_large,18937.0322265625,2045.8681640625,94.02520561218262,10.109878746659383,0.6020157337188721,0.32476484775543213,0.27725088596343994
p009_loss_small,p009,portrait_figure,Madame Roulin and Her Baby,loss_small,24999.46655273437,576.217041015625,123.52595901489258,16.472411525401853,0.15130583941936493,0.00950941164046526,0.14179642777889967
p009_mixed_damage,p009,portrait_figure,Madame Roulin and Her Baby,mixed_damage,26953.66357421875,939.88330078125,133.28788948059082,14.724298081828175,0.2458253800868988,0.04001123085618019,0.2058141492307186
p009_scratch_thin,p009,portrait_figure,Madame Roulin and Her Baby,scratch_thin,21377.748962402344,842.8877563476562,113.04047393798828,14.209867538352285,0.17296214401721954,0.004283879417926073,0.16867826459929347
p010_loss_large,p010,portrait_figure,Joan of Arc,loss_large,38123.13516235352,446.9234313964844,178.7146463394165,19.3601717408502,0.5043120980262756,0.30461573600769043,0.1996963620185852
p010_loss_small,p010,portrait_figure,Joan of Arc,loss_small,43292.633392333984,290.3744201660156,195.7843599319458,21.76358843504289,0.25323858857154846,0.017047692090272903,0.23619089648127556
p010_mixed_damage,p010,portrait_figure,Joan of Arc,mixed_damage,39740.788146972656,554.0282592773438,184.7529830932617,18.617172640340787,0.49672678112983704,0.055791180580854416,0.4409356005489826
p010_scratch_thin,p010,portrait_figure,Joan of Arc,scratch_thin,42821.99607086182,111.5390853881836,198.0924367904663,25.853695708608832,0.36392325162887573,0.0018421905115246773,0.36208106111735106
p011_loss_large,p011,landscape_natural,View of Haarlem and the Haarlemmer Meer,loss_large,18997.17807006836,287.2887268066406,125.70010566711426,18.26889050769048,0.6593158841133118,0.30025041103363037,0.3590654730796814
p011_loss_small,p011,landscape_natural,View of Haarlem and the Haarlemmer Meer,loss_small,22529.74755859375,188.71728515625,140.20289421081543,20.805673011609088,0.28575754165649414,0.01565580442547798,0.27010173723101616
p011_mixed_damage,p011,landscape_natural,View of Haarlem and the Haarlemmer Meer,mixed_damage,23493.206909179688,392.9786376953125,139.7178611755371,17.837778587773634,0.3453073501586914,0.04877553880214691,0.2965318113565445
p011_scratch_thin,p011,landscape_natural,View of Haarlem and the Haarlemmer Meer,scratch_thin,27325.09875488281,553.9500732421875,150.36268615722656,17.01807328377252,0.34150660037994385,0.006682998966425657,0.3348236014135182
p012_loss_large,p012,landscape_natural,An Extensive Wooded Landscape,loss_large,13518.080932617188,969.0421142578124,93.34084129333496,11.746394970716516,0.42329326272010803,0.24152038991451263,0.1817728728055954
p012_loss_small,p012,landscape_natural,An Extensive Wooded Landscape,loss_small,16766.48959350586,179.38150024414062,114.41926670074464,19.75286246546309,0.17598064243793488,0.015611116774380207,0.16036952566355467
p012_mixed_damage,p012,landscape_natural,An Extensive Wooded Landscape,mixed_damage,15732.673583984377,812.929931640625,105.4151725769043,13.086294987273453,0.29214197397232056,0.0490788035094738,0.24306317046284676
p012_scratch_thin,p012,landscape_natural,An Extensive Wooded Landscape,scratch_thin,23988.14758300781,1689.7664794921875,132.18971061706543,11.8173305044564,0.2969414293766022,0.019727805629372597,0.2772136237472296
p013_loss_large,p013,landscape_natural,Landscape with a Village in the Distance,loss_large,44703.27282714844,1388.6451416015625,187.16033172607425,15.210335012392433,0.623293399810791,0.40376442670822144,0.21952897310256958
p013_loss_small,p013,landscape_natural,Landscape with a Village in the Distance,loss_small,29369.31149291992,347.9971008300781,153.15474033355713,19.31433848292552,0.2383146733045578,0.023797621950507164,0.21451705135405064
p013_mixed_damage,p013,landscape_natural,Landscape with a Village in the Distance,mixed_damage,39120.92840576172,570.5208129882812,177.86259174346924,18.42425463804569,0.396556556224823,0.07076884806156158,0.3257877081632614
p013_scratch_thin,p013,landscape_natural,Landscape with a Village in the Distance,scratch_thin,40196.86880493164,368.0374450683594,183.37977600097656,20.422584694625296,0.38236114382743835,0.007821055129170418,0.37454008869826794
p014_loss_large,p014,landscape_natural,Landscape on a River,loss_large,26803.85009765625,1275.59912109375,139.3166847229004,13.426743734750737,0.5740740299224854,0.35078009963035583,0.22329393029212952
p014_loss_small,p014,landscape_natural,Landscape on a River,loss_small,23962.766662597656,136.75286865234375,143.4800510406494,22.46071938936428,0.2961568534374237,0.021867383271455765,0.27428947016596794
p014_mixed_damage,p014,landscape_natural,Landscape on a River,mixed_damage,24221.775665283203,491.1813659667969,137.96792030334473,17.016828315192193,0.4394245743751526,0.06708231568336487,0.3723422586917877
p014_scratch_thin,p014,landscape_natural,Landscape on a River,scratch_thin,40049.637786865234,421.6278381347656,182.81715774536133,19.82217508336541,0.421140193939209,0.005662888288497925,0.41547730565071106
p015_loss_large,p015,landscape_natural,Landscape,loss_large,20930.594665527344,746.0596313476562,122.66028594970705,14.632187101378166,0.6520757675170898,0.4836895167827606,0.16838625073432922
p015_loss_small,p015,landscape_natural,Landscape,loss_small,16166.191802978516,322.8081970214844,112.21566486358644,17.082497638399907,0.12911100685596466,0.010244019329547882,0.11886698752641678
p015_mixed_damage,p015,landscape_natural,Landscape,mixed_damage,14364.448852539062,1076.0286865234375,95.66929054260254,11.568368783402931,0.30545979738235474,0.07753275334835052,0.2279270440340042
p015_scratch_thin,p015,landscape_natural,Landscape,scratch_thin,11408.091766357422,187.24124145507807,91.53869819641112,17.918817137671727,0.15827175974845886,0.0014840950025245547,0.1567876647459343
p016_loss_large,p016,landscape_natural,Wooded Landscape with a House beside a River,loss_large,11261.2666015625,1693.2373046875,74.8512191772461,8.837029581992567,0.526730477809906,0.4351871609687805,0.09154331684112549
p016_loss_small,p016,landscape_natural,Wooded Landscape with a House beside a River,loss_small,14794.901245117188,915.2042236328124,96.9110164642334,12.346610849507789,0.14031606912612915,0.027741584926843643,0.11257448419928551
p016_mixed_damage,p016,landscape_natural,Wooded Landscape with a House beside a River,mixed_damage,11211.77801513672,913.8508911132812,77.88490676879883,11.22828933255893,0.198218435049057,0.0671999454498291,0.1310184895992279
p016_scratch_thin,p016,landscape_natural,Wooded Landscape with a House beside a River,scratch_thin,9762.392944335938,797.1715087890625,68.98567962646484,11.220942369089045,0.10143551230430603,0.007224059663712978,0.09421145264059305
p017_loss_large,p017,landscape_natural,Picturesque Landscape,loss_large,8919.4443359375,1484.4287109375,64.24769401550293,8.456356984598031,0.3723841607570648,0.33948254585266113,0.032901614904403687
p017_loss_small,p017,landscape_natural,Picturesque Landscape,loss_small,9369.60302734375,1182.99365234375,69.07392120361328,9.50376925403277,0.1596577912569046,0.0607866533100605,0.0988711379468441
p017_mixed_damage,p017,landscape_natural,Picturesque Landscape,mixed_damage,9888.088256835938,1100.4859619140625,73.32229804992676,9.9935683887564,0.19561046361923218,0.06012863293290138,0.1354818306863308
p017_scratch_thin,p017,landscape_natural,Picturesque Landscape,scratch_thin,11575.901550292969,524.1697387695312,85.71289825439453,13.633159842648114,0.09323197603225708,0.001788478926755488,0.09144349710550159
p018_loss_large,p018,landscape_natural,Classical Landscape with Figures,loss_large,19571.1416015625,1779.5400390625,109.93971633911131,10.791039809108009,0.4889947175979614,0.2848009169101715,0.20419380068778992
p018_loss_small,p018,landscape_natural,Classical Landscape with Figures,loss_small,30529.275512695312,397.3514404296875,159.48878288269043,18.9115776406979,0.19561190903186798,0.03031313419342041,0.16529877483844757
p018_mixed_damage,p018,landscape_natural,Classical Landscape with Figures,mixed_damage,25292.44403076172,486.5032348632813,136.4554271697998,17.241794457739033,0.31987670063972473,0.035560425370931625,0.2843162752687931
p018_scratch_thin,p018,landscape_natural,Classical Landscape with Figures,scratch_thin,39903.2108001709,129.58216857910156,188.00163555145264,24.89870646934432,0.3084329068660736,0.0018888075137510896,0.3065440993523225
p019_loss_large,p019,landscape_natural,Evening: Landscape with an Aqueduct,loss_large,25688.907470703125,2503.639404296875,115.27515411376952,10.515625329840375,0.33679288625717163,0.20905914902687073,0.1277337372303009
p019_loss_small,p019,landscape_natural,Evening: Landscape with an Aqueduct,loss_small,44883.55497741699,211.9489288330078,201.28735542297363,23.27902018150616,0.13740324974060059,0.009668958373367786,0.1277342913672328
p019_mixed_damage,p019,landscape_natural,Evening: Landscape with an Aqueduct,mixed_damage,43425.31103515625,883.16943359375,187.6593894958496,17.004428266766354,0.29815444350242615,0.04128871113061905,0.2568657323718071
p019_scratch_thin,p019,landscape_natural,Evening: Landscape with an Aqueduct,scratch_thin,30969.56401062012,192.8344268798828,152.69229936599731,22.08446304669564,0.232696533203125,0.0008889652672223747,0.23180756793590263
p020_loss_large,p020,landscape_natural,Mediterranean landscape (recto); Mountains (verso),loss_large,5225.530151367188,1214.7965087890625,46.85239410400391,7.244043606658163,0.4251325726509094,0.3839724063873291,0.04116016626358032
p020_loss_small,p020,landscape_natural,Mediterranean landscape (recto); Mountains (verso),loss_small,3981.432342529297,256.5134582519531,53.18275737762451,12.18045242436436,0.17223742604255676,0.026392389088869095,0.14584503695368767
p020_mixed_damage,p020,landscape_natural,Mediterranean landscape (recto); Mountains (verso),mixed_damage,4540.541717529297,436.2405090332031,50.75857925415039,10.572226459126258,0.2603759467601776,0.04301323741674423,0.21736270934343338
p020_scratch_thin,p020,landscape_natural,Mediterranean landscape (recto); Mountains (verso),scratch_thin,8513.512023925781,551.1862182617188,71.37262725830078,12.160550012637731,0.18873794376850128,0.012697705999016762,0.17604023776948452
p021_loss_large,p021,architecture_structured,Interior of the Oude Kerk in Delft,loss_large,25887.306640625,1296.13671875,129.0927219390869,13.216536543976552,0.5458166599273682,0.36021482944488525,0.1856018304824829
p021_loss_small,p021,architecture_structured,Interior of the Oude Kerk in Delft,loss_small,36344.1103515625,599.9091796875,171.2017002105713,17.894586376986883,0.13929502665996552,0.014993109740316868,0.12430191691964865
p021_mixed_damage,p021,architecture_structured,Interior of the Oude Kerk in Delft,mixed_damage,24579.17987060547,645.4588012695312,136.07932567596436,15.919564268611753,0.3369160294532776,0.04985935986042023,0.28705666959285736
p021_scratch_thin,p021,architecture_structured,Interior of the Oude Kerk in Delft,scratch_thin,33284.92254638672,519.6751098632812,162.9844036102295,18.132438547733347,0.16973194479942322,0.004586686845868826,0.1651452579535544
p022_loss_large,p022,architecture_structured,"Interior of a Protestant, Gothic Church, with a Gravedigger in the Choir",loss_large,32630.9658203125,2198.2958984375,150.04197311401367,11.998581191462256,0.5423682928085327,0.3193618059158325,0.2230064868927002
p022_loss_small,p022,architecture_structured,"Interior of a Protestant, Gothic Church, with a Gravedigger in the Choir",loss_small,36720.03741455078,652.1578979492188,174.76116180419922,17.581958517030326,0.2673954665660858,0.03959216922521591,0.2278032973408699
p022_mixed_damage,p022,architecture_structured,"Interior of a Protestant, Gothic Church, with a Gravedigger in the Choir",mixed_damage,34831.59460449219,1309.6632080078125,163.93378067016602,14.408436359227004,0.37797117233276367,0.06272722780704498,0.3152439445257187
p022_scratch_thin,p022,architecture_structured,"Interior of a Protestant, Gothic Church, with a Gravedigger in the Choir",scratch_thin,32728.567794799805,196.2642364501953,168.30822944641113,22.24682399002366,0.41253697872161865,0.004629465751349926,0.4079075129702687
p023_loss_large,p023,architecture_structured,Church Interior,loss_large,13118.390625,2463.8994140625,79.0265884399414,8.010083095079102,0.4801730513572693,0.2987881302833557,0.18138492107391357
p023_loss_small,p023,architecture_structured,Church Interior,loss_small,18974.134399414062,733.7562255859375,111.17950630187988,14.290883442974437,0.24733510613441467,0.07163234055042267,0.175702765583992
p023_mixed_damage,p023,architecture_structured,Church Interior,mixed_damage,17355.62255859375,1254.27197265625,103.38115310668944,11.713521939918374,0.22794783115386963,0.04144398123025894,0.1865038499236107
p023_scratch_thin,p023,architecture_structured,Church Interior,scratch_thin,20016.736671447758,111.3160629272461,124.01565837860107,22.57243923967981,0.23356984555721283,0.0009437572443857789,0.23262608831282705
p024_loss_large,p024,architecture_structured,Interior of the Church of St Bavo in Haarlem,loss_large,27863.74584960937,1475.570556640625,137.48246383666992,12.984900099653276,0.6011741161346436,0.3703939914703369,0.23078012466430664
p024_loss_small,p024,architecture_structured,Interior of the Church of St Bavo in Haarlem,loss_small,35357.21923828125,355.99560546875,172.8980302810669,20.013843094872804,0.21196773648262024,0.038878604769706726,0.1730891317129135
p024_mixed_damage,p024,architecture_structured,Interior of the Church of St Bavo in Haarlem,mixed_damage,35659.18878173828,966.7369995117188,167.48603630065918,15.784802705390272,0.3825615644454956,0.05727602541446686,0.32528553903102875
p024_scratch_thin,p024,architecture_structured,Interior of the Church of St Bavo in Haarlem,scratch_thin,35513.329917907715,73.33023834228516,177.99576425552368,26.860041343760663,0.2976979911327362,0.0005670731770806015,0.2971309179556556
p025_loss_large,p025,architecture_structured,The Quay de Paris in Rouen,loss_large,12662.985229492188,1383.6368408203125,83.32238388061523,10.06549780666936,0.4949984848499298,0.345065176486969,0.14993330836296082
p025_loss_small,p025,architecture_structured,The Quay de Paris in Rouen,loss_small,13928.414764404297,487.2385559082031,96.34593486785889,14.710926821337775,0.18816585838794708,0.02966671995818615,0.15849913842976093
p025_mixed_damage,p025,architecture_structured,The Quay de Paris in Rouen,mixed_damage,17671.193939208984,472.0580139160156,106.39927768707275,15.847197567531085,0.31241682171821594,0.033825017511844635,0.2785918042063713
p025_scratch_thin,p025,architecture_structured,The Quay de Paris in Rouen,scratch_thin,15680.38314819336,473.0514221191406,104.40239810943604,15.333565244789092,0.21140477061271667,0.010356779210269451,0.20104799140244722
p026_loss_large,p026,architecture_structured,View of a Village along a River,loss_large,16703.765197753906,986.7875366210938,104.05174446105956,12.53517746880314,0.5515366792678833,0.3606991767883301,0.19083750247955322
p026_loss_small,p026,architecture_structured,View of a Village along a River,loss_small,20584.240211486816,112.2207260131836,131.7823624610901,22.65823014078176,0.23622290790081024,0.020491236820816994,0.21573167107999325
p026_mixed_damage,p026,architecture_structured,View of a Village along a River,mixed_damage,28681.17712402344,1157.6510009765625,147.11990547180176,14.112041112502697,0.45245397090911865,0.07990194857120514,0.3725520223379135
p026_scratch_thin,p026,architecture_structured,View of a Village along a River,scratch_thin,20937.564254760742,163.0841827392578,129.63291120529175,21.118839600811157,0.2837904095649719,0.0014231037348508835,0.28236730583012104
p027_loss_large,p027,architecture_structured,Italian Landscape with the Ponte Lucano over the Aniene River,loss_large,25954.5107421875,1165.7900390625,132.2746753692627,13.66674161593599,0.4849361181259155,0.2881203889846802,0.19681572914123535
p027_loss_small,p027,architecture_structured,Italian Landscape with the Ponte Lucano over the Aniene River,loss_small,30904.115661621094,438.3687133789063,156.53071403503418,18.542938672874417,0.2883341908454895,0.04629392549395561,0.2420402653515339
p027_mixed_damage,p027,architecture_structured,Italian Landscape with the Ponte Lucano over the Aniene River,mixed_damage,23249.70098876953,688.9240112304688,129.80554580688477,15.40927879956234,0.4683019816875458,0.06944957375526428,0.3988524079322815
p027_scratch_thin,p027,architecture_structured,Italian Landscape with the Ponte Lucano over the Aniene River,scratch_thin,30840.91372680664,274.4358825683594,161.47041130065918,20.54533790170896,0.39669567346572876,0.001926748314872384,0.3947689251508564
p028_loss_large,p028,architecture_structured,Trading posts of the Dutch East India Company (VOC),loss_large,17621.27978515625,812.49169921875,109.15253257751463,13.557952666977847,0.5547989010810852,0.34008339047431946,0.21471551060676575
p028_loss_small,p028,architecture_structured,Trading posts of the Dutch East India Company (VOC),loss_small,13073.837211608889,113.24384307861328,98.53812265396118,20.6613407629998,0.2246599644422531,0.013145415112376213,0.2115145493298769
p028_mixed_damage,p028,architecture_structured,Trading posts of the Dutch East India Company (VOC),mixed_damage,24426.45767211914,281.0833435058594,139.57140064239502,19.43994414126964,0.3220379948616028,0.045041732490062714,0.27699626237154007
p028_scratch_thin,p028,architecture_structured,Trading posts of the Dutch East India Company (VOC),scratch_thin,24679.307334899902,113.20829010009766,143.79005527496338,23.404423647580412,0.324027419090271,0.0011095271911472082,0.3229178918991238
p029_loss_large,p029,architecture_structured,"The Trading Post of the Dutch East India Company in Hooghly, Bengal",loss_large,24718.7080078125,747.1826171875,135.5148468017578,15.325321097622265,0.46757206320762634,0.3399909734725952,0.12758108973503113
p029_loss_small,p029,architecture_structured,"The Trading Post of the Dutch East India Company in Hooghly, Bengal",loss_small,23614.281494140625,670.308349609375,135.47404098510742,15.59056143663946,0.18953177332878113,0.040559034794569016,0.1489727385342121
p029_mixed_damage,p029,architecture_structured,"The Trading Post of the Dutch East India Company in Hooghly, Bengal",mixed_damage,21619.71655273437,522.242431640625,128.5348072052002,16.273438870637566,0.287725567817688,0.05823652446269989,0.2294890433549881
p029_scratch_thin,p029,architecture_structured,"The Trading Post of the Dutch East India Company in Hooghly, Bengal",scratch_thin,20453.45401000977,168.12802124023438,131.11191177368164,20.886818784718603,0.2481532245874405,0.0021404060535132885,0.2460128185339272
p030_loss_large,p030,architecture_structured,Interior with Five Women,loss_large,29748.995727539062,1138.7620849609375,149.9029312133789,14.333533844763927,0.5234336853027344,0.34600773453712463,0.17742595076560974
p030_loss_small,p030,architecture_structured,Interior with Five Women,loss_small,30988.70556640625,672.68505859375,158.54359436035156,16.727182045189966,0.15636682510375977,0.03292619436979294,0.12344063073396683
p030_mixed_damage,p030,architecture_structured,Interior with Five Women,mixed_damage,31162.962799072266,374.4551696777344,162.90077686309814,19.254263031186024,0.3440941274166107,0.036023836582899094,0.3080702908337116
p030_scratch_thin,p030,architecture_structured,Interior with Five Women,scratch_thin,35483.98045349121,67.81642150878906,180.83198928833008,27.19526686440445,0.3460116386413574,0.0009456563857384026,0.345065982255619
p031_loss_large,p031,abstraction_surrealism,Improvisation No. 30 (Cannons),loss_large,16148.701782226562,1563.6517333984375,97.7613754272461,10.541362409507425,0.3698729872703552,0.2569723427295685,0.11290064454078674
p031_loss_small,p031,abstraction_surrealism,Improvisation No. 30 (Cannons),loss_small,17825.910400390625,1039.013427734375,109.57591247558594,12.590338957506304,0.09255994856357574,0.020082129165530205,0.07247781939804554
p031_mixed_damage,p031,abstraction_surrealism,Improvisation No. 30 (Cannons),mixed_damage,17329.050659179688,678.1134033203125,112.11075401306152,14.241429928724475,0.21458089351654053,0.04029957950115204,0.1742813140153885
p031_scratch_thin,p031,abstraction_surrealism,Improvisation No. 30 (Cannons),scratch_thin,19978.205123901367,126.1112823486328,128.58034658432007,22.025353688747288,0.20210398733615875,0.0008884386043064296,0.20121554873185232
p032_loss_large,p032,abstraction_surrealism,Composition (No. 1) Gray-Red,loss_large,2986.65625,4368.19775390625,28.36188507080078,2.262717650621818,0.2490488886833191,0.17712607979774475,0.07192280888557434
p032_loss_small,p032,abstraction_surrealism,Composition (No. 1) Gray-Red,loss_small,5503.778564453125,2846.248779296875,45.98590469360352,4.674150403032543,0.13163530826568604,0.041477128863334656,0.09015817940235138
p032_mixed_damage,p032,abstraction_surrealism,Composition (No. 1) Gray-Red,mixed_damage,2284.706817626953,478.9772644042969,33.28829097747803,7.611734978780376,0.21358250081539154,0.03163587301969528,0.18194662779569626
p032_scratch_thin,p032,abstraction_surrealism,Composition (No. 1) Gray-Red,scratch_thin,5656.185775756836,232.8601226806641,50.925469398498535,14.029498172374575,0.17260819673538208,0.006811508908867836,0.16579668782651424
p033_loss_large,p033,abstraction_surrealism,Movement,loss_large,20807.654296875,5379.146484375,92.78741836547852,6.873690731791466,0.3748617172241211,0.290643572807312,0.08421814441680908
p033_loss_small,p033,abstraction_surrealism,Movement,loss_small,20029.057373046875,3469.657470703125,97.2926139831543,8.307575083767471,0.11269798874855042,0.03314629942178726,0.07955168932676315
p033_mixed_damage,p033,abstraction_surrealism,Movement,mixed_damage,25064.468017578125,2416.809326171875,121.32253837585448,10.557945269272984,0.1783459186553955,0.037921495735645294,0.1404244229197502
p033_scratch_thin,p033,abstraction_surrealism,Movement,scratch_thin,27751.331665039062,197.5687255859375,145.16204643249512,21.506465274175326,0.12299755215644836,0.0006018387502990663,0.1223957134061493
p034_loss_large,p034,abstraction_surrealism,Painting with Green Center,loss_large,23762.18603515625,3063.43701171875,118.22342681884766,9.423408625012254,0.35978561639785767,0.21793526411056519,0.14185035228729248
p034_loss_small,p034,abstraction_surrealism,Painting with Green Center,loss_small,21242.189086914062,1295.0042724609375,118.54237747192384,12.406286295299465,0.09496395289897919,0.01801418513059616,0.07694976776838303
p034_mixed_damage,p034,abstraction_surrealism,Painting with Green Center,mixed_damage,23394.23413085937,1374.795166015625,122.81547355651855,12.55670990409408,0.17526641488075256,0.0325927697122097,0.14267364516854286
p034_scratch_thin,p034,abstraction_surrealism,Painting with Green Center,scratch_thin,23587.29971313477,147.68661499023438,136.49501848220825,22.06047849410014,0.1745859533548355,0.0014358945190906525,0.17315005883574486
p035_loss_large,p035,abstraction_surrealism,The Bewitched Mill,loss_large,9811.5234375,2784.6787109375,58.6893196105957,6.554645271157381,0.3712199330329895,0.2992211580276489,0.07199877500534058
p035_loss_small,p035,abstraction_surrealism,The Bewitched Mill,loss_small,24499.560668945312,1090.1229248046875,127.45226097106934,13.705894432809211,0.06725757569074631,0.009462990798056126,0.05779458489269018
p035_mixed_damage,p035,abstraction_surrealism,The Bewitched Mill,mixed_damage,17539.696044921875,2267.602783203125,92.84677505493164,9.412582723678238,0.19552931189537048,0.053449831902980804,0.14207947999238968
p035_scratch_thin,p035,abstraction_surrealism,The Bewitched Mill,scratch_thin,19492.67042541504,222.3334808349609,116.52204895019533,19.477920001397045,0.07272163778543472,0.0008786413818597794,0.07184299640357494
p036_loss_large,p036,abstraction_surrealism,"Lozenge Composition with Yellow, Black, Blue, Red, and Gray",loss_large,516.27001953125,4746.7626953125,16.115942001342773,0.4483854898919208,0.2463143765926361,0.19810885190963745,0.04820552468299866
p036_loss_small,p036,abstraction_surrealism,"Lozenge Composition with Yellow, Black, Blue, Red, and Gray",loss_small,2443.492919921875,847.4501953125,29.022994995117188,5.892061913535837,0.06012517213821411,0.018700847402215004,0.04142432473599911
p036_mixed_damage,p036,abstraction_surrealism,"Lozenge Composition with Yellow, Black, Blue, Red, and Gray",mixed_damage,3545.692626953125,1155.855224609375,31.530436515808105,6.093374202357964,0.16622602939605713,0.03885648772120476,0.12736954167485237
p036_scratch_thin,p036,abstraction_surrealism,"Lozenge Composition with Yellow, Black, Blue, Red, and Gray",scratch_thin,1971.559955596924,38.38523483276367,27.734291791915894,17.190200128517667,0.10542716085910797,0.000719440751709044,0.10470772010739893
p037_loss_large,p037,abstraction_surrealism,In the Sea,loss_large,32042.75341796875,1451.81298828125,151.46774864196777,13.63063682744562,0.5041353106498718,0.2631968557834625,0.2409384548664093
p037_loss_small,p037,abstraction_surrealism,In the Sea,loss_small,26038.669494628903,751.0980834960938,139.9093723297119,15.522722919506588,0.16670310497283936,0.024860527366399765,0.1418425776064396
p037_mixed_damage,p037,abstraction_surrealism,In the Sea,mixed_damage,21914.903198242188,2011.8897705078125,116.96032905578612,10.752803093272128,0.2872665524482727,0.04373003542423248,0.24353651702404022
p037_scratch_thin,p037,abstraction_surrealism,In the Sea,scratch_thin,20778.46942138672,187.38409423828125,127.84413528442384,20.48779823328857,0.2702181041240692,0.00176202820148319,0.268456075922586
p038_loss_large,p038,abstraction_surrealism,Mahana no atua (Day of the God),loss_large,23633.928466796875,2684.194580078125,121.43193817138672,9.914409179780137,0.3962997496128082,0.2507379651069641,0.14556178450584412
p038_loss_small,p038,abstraction_surrealism,Mahana no atua (Day of the God),loss_small,24539.811584472656,718.1473999023438,136.8244104385376,15.461846612526369,0.12287551909685135,0.02070820890367031,0.10216731019318104
p038_mixed_damage,p038,abstraction_surrealism,Mahana no atua (Day of the God),mixed_damage,23826.646484375,1703.00390625,127.00123405456544,11.75829223385609,0.26142197847366333,0.04436441883444786,0.21705755963921547
p038_scratch_thin,p038,abstraction_surrealism,Mahana no atua (Day of the God),scratch_thin,26804.832244873047,287.7009582519531,147.25380897521973,19.739083058806614,0.14642688632011414,0.002060418948531151,0.14436646737158298
p039_loss_large,p039,abstraction_surrealism,Painting with Troika,loss_large,12187.85302734375,1640.61669921875,81.91751861572266,9.257669955133016,0.44388145208358765,0.2553475797176361,0.18853387236595154
p039_loss_small,p039,abstraction_surrealism,Painting with Troika,loss_small,18083.210815429688,1035.3536376953125,108.52144813537598,12.66366565770836,0.13661716878414154,0.02194325439631939,0.11467391438782215
p039_mixed_damage,p039,abstraction_surrealism,Painting with Troika,mixed_damage,30365.941528320312,1569.1190185546875,148.0432357788086,13.086118575743908,0.26701658964157104,0.0619528591632843,0.20506373047828674
p039_scratch_thin,p039,abstraction_surrealism,Painting with Troika,scratch_thin,24640.896286010742,163.3673858642578,141.06906032562256,21.813609795884872,0.18945904076099396,0.0010588932782411575,0.1884001474827528
p040_loss_large,p040,abstraction_surrealism,Houses at Murnau,loss_large,29661.27905273437,2334.951416015625,135.3022689819336,11.36820967839638,0.4651392102241516,0.3185393512248993,0.14659985899925232
p040_loss_small,p040,abstraction_surrealism,Houses at Murnau,loss_small,28794.397033691406,850.9896850585938,144.62960815429688,15.420328240271456,0.11582774668931961,0.015055088326334953,0.10077265836298466
p040_mixed_damage,p040,abstraction_surrealism,Houses at Murnau,mixed_damage,30494.816040039062,1579.9515380859375,146.88539123535156,13.075197520233193,0.2603781819343567,0.06154068559408188,0.1988374963402748
p040_scratch_thin,p040,abstraction_surrealism,Houses at Murnau,scratch_thin,29017.90608215332,178.4923553466797,152.12086009979248,22.137096613123017,0.22280587255954742,0.0017877103528007865,0.22101816220674664
p041_loss_large,p041,high_texture_brushwork,Wheat Field with Cypresses,loss_large,18409.359619140625,1067.980224609375,109.9232692718506,12.609664308656612,0.49615395069122314,0.3905580937862396,0.10559585690498352
p041_loss_small,p041,high_texture_brushwork,Wheat Field with Cypresses,loss_small,15441.245910644531,645.3058471679688,103.07980155944824,13.966973603260632,0.21276067197322845,0.04736587032675743,0.16539480164647102
p041_mixed_damage,p041,high_texture_brushwork,Wheat Field with Cypresses,mixed_damage,24349.449584960938,1027.1597900390625,129.52932167053223,13.92795584744193,0.2936883568763733,0.07416452467441559,0.2195238322019577
p041_scratch_thin,p041,high_texture_brushwork,Wheat Field with Cypresses,scratch_thin,26119.953979492188,544.6475830078125,137.26962184906006,16.898195178979734,0.259859174489975,0.003262885380536318,0.25659628910943866
p042_loss_large,p042,high_texture_brushwork,View of Beirut,loss_large,5184.239700317383,35.87309265136719,65.61999797821045,21.62911067864953,0.44703298807144165,0.12716208398342133,0.3198709040880203
p042_loss_small,p042,high_texture_brushwork,View of Beirut,loss_small,17740.271575927734,492.5624084472656,110.9026231765747,15.68392913475433,0.18756642937660217,0.027828410267829895,0.15973801910877228
p042_mixed_damage,p042,high_texture_brushwork,View of Beirut,mixed_damage,12680.769104003906,614.9369506835938,90.65000820159912,13.34880815074018,0.33408433198928833,0.05557846277952194,0.2785058692097664
p042_scratch_thin,p042,high_texture_brushwork,View of Beirut,scratch_thin,22585.67236328125,1451.43896484375,123.31672859191896,12.190834970839129,0.19662794470787048,0.009908396750688553,0.18671954795718193
p043_loss_large,p043,high_texture_brushwork,The Card Players,loss_large,23389.06884765625,2500.93896484375,117.26217651367188,10.150290885384308,0.4886609613895416,0.3579384386539459,0.1307225227355957
p043_loss_small,p043,high_texture_brushwork,The Card Players,loss_small,26574.97540283203,578.2062377929688,144.03595733642578,16.717379522206787,0.1945955455303192,0.023318327963352203,0.171277217566967
p043_mixed_damage,p043,high_texture_brushwork,The Card Players,mixed_damage,24277.021728515625,1042.937255859375,130.72293853759766,13.85204816210005,0.28864341974258423,0.05606655031442642,0.2325768694281578
p043_scratch_thin,p043,high_texture_brushwork,The Card Players,scratch_thin,29644.194564819336,254.9011383056641,157.95008754730225,20.692862784133226,0.23601575195789337,0.0011712098494172096,0.23484454210847616
p044_loss_large,p044,high_texture_brushwork,Versailles,loss_large,15768.85922241211,475.0245666503906,107.74660110473631,15.339738033927633,0.564807116985321,0.29692283272743225,0.2678842842578888
p044_loss_small,p044,high_texture_brushwork,Versailles,loss_small,22045.582565307617,144.6596221923828,132.44476318359375,21.85814715694981,0.2918889820575714,0.027584725990891457,0.26430425606667995
p044_mixed_damage,p044,high_texture_brushwork,Versailles,mixed_damage,25095.49227905273,363.1913146972656,140.3918571472168,18.457004892729422,0.36302340030670166,0.05378778651356697,0.3092356137931347
p044_scratch_thin,p044,high_texture_brushwork,Versailles,scratch_thin,20893.765090942383,86.70170593261719,130.50173330307007,23.837875039464063,0.3671807050704956,0.0013843282358720899,0.3657963768346235
p045_loss_large,p045,high_texture_brushwork,Two Girls with Parasols,loss_large,24547.88537597656,1654.5189208984375,128.40614891052246,11.996694053486564,0.4061497151851654,0.28600090742111206,0.12014880776405334
p045_loss_small,p045,high_texture_brushwork,Two Girls with Parasols,loss_small,29721.33312988281,511.9949951171875,155.64229202270508,17.71220241867708,0.14125783741474152,0.014530089683830738,0.12672774773091078
p045_mixed_damage,p045,high_texture_brushwork,Two Girls with Parasols,mixed_damage,24072.25390625,606.333984375,136.94242668151855,16.09608395070753,0.3224121928215027,0.03489663079380989,0.2875155620276928
p045_scratch_thin,p045,high_texture_brushwork,Two Girls with Parasols,scratch_thin,30726.10266113281,1067.4617919921875,155.93400764465332,14.739868813139184,0.26521795988082886,0.007090753875672817,0.25812720600515604
p046_loss_large,p046,high_texture_brushwork,Boating,loss_large,18686.536376953125,1303.963623046875,109.1053981781006,11.855581808172122,0.4714337885379791,0.32900726795196533,0.1424265205860138
p046_loss_small,p046,high_texture_brushwork,Boating,loss_small,24430.26611328125,333.72607421875,139.28106021881104,18.70430518661144,0.1987081617116928,0.01952414959669113,0.17918401211500168
p046_mixed_damage,p046,high_texture_brushwork,Boating,mixed_damage,32843.79620361328,845.1530151367188,160.39548110961914,16.005521200733455,0.23283007740974426,0.031321506947278976,0.2015085704624653
p046_scratch_thin,p046,high_texture_brushwork,Boating,scratch_thin,32294.73373413086,230.62954711914065,165.48296356201172,21.493072097804102,0.2820442318916321,0.001273898989893496,0.2807703329017386
p047_loss_large,p047,high_texture_brushwork,The Dance Class,loss_large,30665.153564453125,934.420654296875,157.59784317016602,15.291388014001129,0.339446485042572,0.13035070896148682,0.2090957760810852
p047_loss_small,p047,high_texture_brushwork,The Dance Class,loss_small,30983.538696289062,286.2249755859375,165.4544563293457,20.384170719806043,0.2392454445362091,0.022693287581205368,0.21655215695500374
p047_mixed_damage,p047,high_texture_brushwork,The Dance Class,mixed_damage,31179.87489318848,218.25987243652344,167.0650634765625,21.579299521452704,0.33620575070381165,0.021703101694583893,0.31450264900922775
p047_scratch_thin,p047,high_texture_brushwork,The Dance Class,scratch_thin,35672.09262084961,153.55972290039062,179.21411037445068,23.679167873836786,0.33777090907096863,0.0009440237772651017,0.3368268852937035
p048_loss_large,p048,high_texture_brushwork,A Farm in Brittany,loss_large,27720.657470703125,1030.723388671875,142.9624786376953,14.455165766853446,0.5204262733459473,0.3287687301635742,0.19165754318237305
p048_loss_small,p048,high_texture_brushwork,A Farm in Brittany,loss_small,24675.041564941406,298.6713256835937,138.15689373016355,19.22289584942208,0.2540143132209778,0.04159318655729294,0.21242112666368484
p048_mixed_damage,p048,high_texture_brushwork,A Farm in Brittany,mixed_damage,31153.450714111328,490.1215515136719,161.48284816741943,18.099817057786307,0.3580309748649597,0.043660569936037064,0.31437040492892265
p048_scratch_thin,p048,high_texture_brushwork,A Farm in Brittany,scratch_thin,34820.914611816406,356.1049194335937,173.88206005096436,19.94681066593982,0.3053283989429474,0.007660957984626293,0.2976674409583211
p049_loss_large,p049,high_texture_brushwork,Peonies,loss_large,25158.731201171875,1339.378173828125,134.40815353393555,12.963116708749386,0.484439492225647,0.2730269134044647,0.21141257882118225
p049_loss_small,p049,high_texture_brushwork,Peonies,loss_small,32699.17694091797,347.22930908203125,164.65492820739746,19.785078613095205,0.15483713150024414,0.019460372626781464,0.13537675887346268
p049_mixed_damage,p049,high_texture_brushwork,Peonies,mixed_damage,30912.40594482422,492.6135864257813,159.404860496521,18.044926821981843,0.3058660924434662,0.04038165509700775,0.26548443734645844
p049_scratch_thin,p049,high_texture_brushwork,Peonies,scratch_thin,37125.632232666016,140.28182983398438,182.77926301956177,24.24310355943634,0.2127646803855896,0.0017554900841787457,0.21100919030141085
p050_loss_large,p050,high_texture_brushwork,Landscape with a Sunlit Stream,loss_large,36170.44073486328,834.8366088867188,167.57230949401855,16.46662178166921,0.6429330110549927,0.4399030804634094,0.20302993059158325
p050_loss_small,p050,high_texture_brushwork,Landscape with a Sunlit Stream,loss_small,34473.021423339844,349.17779541015625,170.05403900146484,19.98809577138776,0.37615787982940674,0.072556272149086,0.30360160768032074
p050_mixed_damage,p050,high_texture_brushwork,Landscape with a Sunlit Stream,mixed_damage,37441.743896484375,470.197509765625,177.5861358642578,19.06495699771775,0.43472298979759216,0.07870996743440628,0.3560130223631859
p050_scratch_thin,p050,high_texture_brushwork,Landscape with a Sunlit Stream,scratch_thin,42760.59780883789,145.34359741210938,196.4964542388916,24.70121530087209,0.4201236367225647,0.0038842856884002686,0.41623935103416443
