case_id,painting_id,mask_id,mask_type,category,title,opencv_telea_mse_improvement,opencv_telea_psnr_improvement,opencv_telea_ssim_improvement,opencv_telea_lpips_improvement,opencv_telea_clip_improvement,opencv_telea_dinov2_improvement,lama_mse_improvement,lama_psnr_improvement,lama_ssim_improvement,lama_lpips_improvement,lama_clip_improvement,lama_dinov2_improvement,stable_diffusion_inpainting_mse_improvement,stable_diffusion_inpainting_psnr_improvement,stable_diffusion_inpainting_ssim_improvement,stable_diffusion_inpainting_lpips_improvement,stable_diffusion_inpainting_clip_improvement,stable_diffusion_inpainting_dinov2_improvement,winner_mse_improvement,winner_psnr_improvement,winner_ssim_improvement,winner_lpips_improvement,winner_clip_improvement,winner_dinov2_improvement,opencv_telea_metric_wins,lama_metric_wins,stable_diffusion_inpainting_metric_wins,metric_ties,overall_metric_vote,mixed_metric_outcome,all_metrics_same_winner,opencv_telea_all_metrics_win,lama_all_metrics_win,stable_diffusion_inpainting_all_metrics_win,num_unique_metric_winners,max_model_metric_wins,disagreement_strength,refined_selection_reason,comparison_figure_path
p035_loss_large,p035,p035_loss_large,loss_large,abstraction_surrealism,The Bewitched Mill,9811.5234375,6.554645271157381,0.0611639487873071,0.0719987750053405,0.0880398154258728,-0.0701621770858764,10581.60302734375,7.960509815905181,0.0853725059427735,0.1552884876728058,0.1628056764602661,0.0876283049583435,9628.76708984375,6.278583984073019,-0.1295084568496088,0.1037282943725586,0.1527618169784546,0.0406903624534606,lama,lama,lama,lama,lama,lama,0,6,0,0,lama,False,True,False,True,False,,6.0,,refined_category_mask_representative,
p037_loss_large,p037,p037_loss_large,loss_large,abstraction_surrealism,In the Sea,32042.75341796875,13.63063682744562,0.1970196503323995,0.2409384548664093,0.0630731582641601,-0.0893460512161254,31426.18505859375,12.093437474189368,0.1864120684087166,0.2988933175802231,0.1647880673408508,0.0804858207702636,32135.70556640625,13.917993769741576,0.0675870679054061,0.3427233397960663,0.1687482595443725,0.0161963701248168,stable_diffusion_inpainting,stable_diffusion_inpainting,opencv_telea,stable_diffusion_inpainting,stable_diffusion_inpainting,lama,1,1,4,0,stable_diffusion_inpainting,True,False,False,False,False,,,,refined_majority_vote_stable_diffusion_inpainting; refined_metric_disagreement,D:\Masters\FH\Thesis\painting-restoration-eval\outputs\figures\model_comparison\opencv_lama_stable_diffusion\p037_loss_large_opencv_lama_stable_diffusion_comparison.png
p040_loss_large,p040,p040_loss_large,loss_large,abstraction_surrealism,Houses at Murnau,29661.27905273437,11.36820967839638,0.1333405793983298,0.1465998589992523,0.057957112789154,-0.1731972694396972,28801.917236328125,10.00721315804944,0.1075898742254181,0.1822912395000457,0.1431777477264404,0.0888788700103759,28093.213623046875,9.136983906178452,-0.1300573014422523,0.1547966599464416,0.1459025740623474,-0.0452993512153625,opencv_telea,opencv_telea,opencv_telea,lama,stable_diffusion_inpainting,lama,3,2,1,0,opencv_telea,True,False,False,False,False,3.0,3.0,3.0,old_vs_refined_vote_changed; refined_metric_disagreement,D:\Masters\FH\Thesis\painting-restoration-eval\outputs\figures\model_comparison\opencv_lama_stable_diffusion\p040_loss_large_opencv_lama_stable_diffusion_comparison.png
p031_loss_small,p031,p031_loss_small,loss_small,abstraction_surrealism,Improvisation No. 30 (Cannons),17825.910400390625,12.590338957506304,0.0270251269659741,0.0724778193980455,0.0486063361167907,0.0209041833877563,18224.127197265625,14.689348362916473,0.0330698530494065,0.0833474975079298,0.0526665449142456,0.0375400781631469,17307.213989257812,10.831684929484013,-0.27655894988303,0.0372164100408554,0.0327880382537841,0.0023928880691528,lama,lama,lama,lama,lama,lama,0,6,0,0,lama,False,True,False,True,False,,,,refined_majority_vote_lama,D:\Masters\FH\Thesis\painting-restoration-eval\outputs\figures\model_comparison\opencv_lama_stable_diffusion\p031_loss_small_opencv_lama_stable_diffusion_comparison.png
p032_loss_small,p032,p032_loss_small,loss_small,abstraction_surrealism,Composition (No. 1) Gray-Red,5503.778564453125,4.674150403032543,0.0201232228675332,0.0901581794023513,0.0758719444274902,0.000820517539978,8312.230773925781,23.442355098392905,0.0279641258500628,0.1312568045104853,0.0986987352371215,0.0520140528678894,8251.094635009766,19.263479976064385,-0.105277473096963,0.1133538065478205,0.092082142829895,0.0343816876411438,lama,lama,lama,lama,lama,lama,0,6,0,0,lama,False,True,False,True,False,,,,refined_majority_vote_lama,D:\Masters\FH\Thesis\painting-restoration-eval\outputs\figures\model_comparison\opencv_lama_stable_diffusion\p032_loss_small_opencv_lama_stable_diffusion_comparison.png
p034_loss_small,p034,p034_loss_small,loss_small,abstraction_surrealism,Painting with Green Center,21242.189086914062,12.406286295299465,0.0342603206936941,0.076949767768383,0.0253113508224487,0.0344797372817993,21676.210388183597,14.179043212993532,0.0371318747248999,0.0798747930675745,0.0266960859298706,0.041860818862915,21135.934448242188,12.06380875616433,-0.2501183836290371,0.0457362905144691,0.0139082670211792,0.0173852443695068,lama,lama,lama,lama,lama,lama,0,6,0,0,lama,False,True,False,True,False,,6.0,,refined_category_mask_representative,
p033_mixed_damage,p033,p033_mixed_damage,mixed_damage,abstraction_surrealism,Movement,25064.468017578125,10.557945269272984,0.0505242172771365,0.1404244229197502,0.0322310328483581,0.0586774349212646,25920.942260742188,12.458185289277631,0.0514868952607223,0.1577677428722381,0.042694866657257,0.0692540407180786,25415.0517578125,11.238588003462077,-0.342762122840752,0.1263585947453975,0.0326557159423828,0.0631607770919799,lama,lama,lama,lama,lama,lama,0,6,0,0,lama,False,True,False,True,False,,6.0,,refined_category_mask_representative,
p037_scratch_thin,p037,p037_scratch_thin,scratch_thin,abstraction_surrealism,In the Sea,20778.46942138672,20.48779823328857,0.0732903079684477,0.268456075922586,0.1917739510536193,0.0898695588111877,20753.019485473636,19.93467533441813,0.0700528103143328,0.2682767242658883,0.1915016174316406,0.0895138382911682,19806.36828613281,12.572466354418928,-0.1745834234708793,0.1940653175115585,0.1726832389831543,-0.0182195305824279,opencv_telea,opencv_telea,opencv_telea,opencv_telea,opencv_telea,opencv_telea,6,0,0,0,opencv_telea,False,True,True,False,False,,,,refined_category_mask_representative; refined_majority_vote_opencv_telea,D:\Masters\FH\Thesis\painting-restoration-eval\outputs\figures\model_comparison\opencv_lama_stable_diffusion\p037_scratch_thin_opencv_lama_stable_diffusion_comparison.png
p039_scratch_thin,p039,p039_scratch_thin,scratch_thin,abstraction_surrealism,Painting with Troika,24640.896286010742,21.813609795884872,0.060798367421716,0.1884001474827528,0.0592058897018432,0.1190716028213501,24652.15103149414,22.123665765593355,0.056952470369756,0.1888657601666636,0.0590927600860595,0.1175298690795898,23084.13256835937,11.589652493548764,-0.273123106622743,0.1305820234119892,0.0287420749664306,-0.0108201503753662,lama,lama,opencv_telea,lama,opencv_telea,opencv_telea,3,3,0,0,tie_lama_opencv_telea,True,False,False,False,False,,,,old_vs_refined_vote_changed,
p040_scratch_thin,p040,p040_scratch_thin,scratch_thin,abstraction_surrealism,Houses at Murnau,29017.90608215332,22.137096613123017,0.0689566369007368,0.2210181622067466,0.0492585897445678,0.220974326133728,28903.977630615234,19.993210106129403,0.0609097173667467,0.2206530689727515,0.0491319894790649,0.2206225991249084,26005.68798828125,9.61441887149924,-0.3827439279095318,0.124578095972538,0.0189971923828125,-0.0351556539535522,opencv_telea,opencv_telea,opencv_telea,opencv_telea,opencv_telea,opencv_telea,6,0,0,0,opencv_telea,False,True,True,False,False,,,,refined_majority_vote_opencv_telea,D:\Masters\FH\Thesis\painting-restoration-eval\outputs\figures\model_comparison\opencv_lama_stable_diffusion\p040_scratch_thin_opencv_lama_stable_diffusion_comparison.png
p024_loss_large,p024,p024_loss_large,loss_large,architecture_structured,Interior of the Church of St Bavo in Haarlem,27863.74584960937,12.984900099653276,0.1678887143234259,0.2307801246643066,0.1021432280540466,-0.115026831626892,28470.362182617188,15.284530922575314,0.1512541749363065,0.3547512590885162,0.1850593090057373,0.1021957993507385,25933.097900390625,9.351774866247656,-0.0396450624478657,0.3654626607894897,0.1614338159561157,0.0717297196388244,lama,lama,opencv_telea,stable_diffusion_inpainting,lama,lama,1,4,1,0,lama,True,False,False,False,False,3.0,4.0,3.0,refined_metric_disagreement,
p030_loss_large,p030,p030_loss_large,loss_large,architecture_structured,Interior with Five Women,29748.995727539062,14.333533844763927,0.1633324481205806,0.1774259507656097,0.0300440192222595,-0.2441242337226867,30330.6767578125,17.4387098458663,0.1822944431682174,0.3114605993032455,0.10984468460083,0.1260564923286438,29672.559326171875,14.051405046001635,-0.023441189161597,0.2953331470489502,0.1076409220695495,0.0414581298828125,lama,lama,lama,lama,lama,lama,0,6,0,0,lama,False,True,False,True,False,,6.0,,refined_category_mask_representative,D:\Masters\FH\Thesis\painting-restoration-eval\outputs\figures\model_comparison\opencv_lama_stable_diffusion\p030_loss_large_opencv_lama_stable_diffusion_comparison.png
p021_loss_small,p021,p021_loss_small,loss_small,architecture_structured,Interior of the Oude Kerk in Delft,36344.1103515625,17.894586376986883,0.0212482454744559,0.1243019169196486,0.0487406253814697,0.0194228291511535,36632.51251220703,20.740763083109997,0.0283666617276187,0.1342508741654455,0.0541525483131408,0.0236083269119262,36244.25830078125,17.2259426798553,-0.2712728828616737,0.0858667269349098,0.035118818283081,-0.0138382911682128,lama,lama,lama,lama,lama,lama,0,6,0,0,lama,False,True,False,True,False,,6.0,,refined_category_mask_representative,
p026_loss_small,p026,p026_loss_small,loss_small,architecture_structured,View of a Village along a River,20584.240211486816,22.65823014078176,0.0546032303872344,0.2157316710799932,0.1760314106941223,0.0006470680236816,20558.037536621094,21.74686573053706,0.0504437783890102,0.2262563621625304,0.1787887811660766,0.034255564212799,20060.11865234375,15.122053049197714,-0.3470760017014485,0.0764611512422561,0.1198295354843139,-0.0609058737754821,opencv_telea,opencv_telea,opencv_telea,lama,lama,lama,3,3,0,0,tie_lama_opencv_telea,True,False,False,False,False,,,,old_vs_refined_vote_changed,
p027_loss_small,p027,p027_loss_small,loss_small,architecture_structured,Italian Landscape with the Ponte Lucano over the Aniene River,30904.115661621094,18.542938672874417,0.0598094095039798,0.2420402653515339,0.1616478562355041,0.0619608163833618,30897.129028320312,18.474267474565483,0.0529786942455704,0.267674284055829,0.1642454266548156,0.1013545989990234,30881.99267578125,18.329116119780718,-0.3167568077929609,0.1738183200359344,0.1378035545349121,0.0292200446128845,opencv_telea,opencv_telea,opencv_telea,lama,lama,lama,3,3,0,0,tie_lama_opencv_telea,True,False,False,False,False,,,,old_vs_refined_vote_changed,
p030_loss_small,p030,p030_loss_small,loss_small,architecture_structured,Interior with Five Women,30988.70556640625,16.727182045189966,0.0605971972921667,0.1234406307339668,0.1153820157051086,0.0156556367874145,30897.11834716797,16.172818790707268,0.0695477185693388,0.1353442203253507,0.1128087639808654,0.0196432471275329,30482.889404296875,14.291999492299093,-0.1823638989663832,0.0831656455993652,0.0996517539024353,-0.0052603483200073,opencv_telea,opencv_telea,lama,lama,opencv_telea,lama,3,3,0,0,tie_lama_opencv_telea,True,False,False,False,False,,,,old_vs_refined_vote_changed,
p021_mixed_damage,p021,p021_mixed_damage,mixed_damage,architecture_structured,Interior of the Oude Kerk in Delft,24579.17987060547,15.919564268611753,0.0734033353546873,0.2870566695928573,0.2238418459892273,0.1108227372169494,24831.716674804688,18.075164860636484,0.0775456708223677,0.3142302092164755,0.2280734777450561,0.1283338665962219,24060.83374023437,13.359440655341125,-0.2450447792279467,0.2123121321201324,0.1840514540672302,0.0479581952095031,lama,lama,lama,lama,lama,lama,0,6,0,0,lama,False,True,False,True,False,,6.0,,refined_category_mask_representative,
p030_mixed_damage,p030,p030_mixed_damage,mixed_damage,architecture_structured,Interior with Five Women,31162.962799072266,19.254263031186024,0.099122193291443,0.3080702908337116,0.1956048011779785,0.0591245889663696,31241.20132446289,20.27216676200929,0.1040386894943505,0.3242066912353039,0.2121652364730835,0.2249278426170349,30886.80450439453,16.855030871908024,-0.1373954716461796,0.2668665498495102,0.1824560761451721,0.1696094870567321,lama,lama,lama,lama,lama,lama,0,6,0,0,lama,False,True,False,True,False,,,,refined_majority_vote_lama,
p021_scratch_thin,p021,p021_scratch_thin,scratch_thin,architecture_structured,Interior of the Oude Kerk in Delft,33284.92254638672,18.132438547733347,0.0329676392069752,0.1651452579535544,0.040755808353424,0.0391507148742675,33422.392578125,19.466837068068127,0.0336223512518941,0.1671141358092427,0.0408387184143066,0.0393508672714233,31118.88256835937,10.999164138235503,-0.2750102441315704,0.1030701324343681,0.0191894173622131,-0.0153008103370666,lama,lama,lama,lama,lama,lama,0,6,0,0,lama,False,True,False,True,False,,6.0,,refined_category_mask_representative,
p024_scratch_thin,p024,p024_scratch_thin,scratch_thin,architecture_structured,Interior of the Church of St Bavo in Haarlem,35513.329917907715,26.860041343760663,0.0549096949932863,0.2971309179556556,0.0889835357666015,0.0567128658294677,35434.624450683594,23.69341637015669,0.0515629638892767,0.2943493665661663,0.0875849723815918,0.0499400496482849,33975.85852050781,13.442451689892076,-0.2526405250408643,0.2043969184160232,0.0588552355766296,0.0211443901062011,opencv_telea,opencv_telea,opencv_telea,opencv_telea,opencv_telea,opencv_telea,6,0,0,0,opencv_telea,False,True,True,False,False,,,,refined_majority_vote_opencv_telea,D:\Masters\FH\Thesis\painting-restoration-eval\outputs\figures\model_comparison\opencv_lama_stable_diffusion\p024_scratch_thin_opencv_lama_stable_diffusion_comparison.png
p029_scratch_thin,p029,p029_scratch_thin,scratch_thin,architecture_structured,"The Trading Post of the Dutch East India Company in Hooghly, Bengal",20453.45401000977,20.886818784718603,0.0824241218609512,0.2460128185339272,0.0916076302528381,0.0788788795471191,20421.501922607426,20.131138672603484,0.0793818202043469,0.2455362814944237,0.0915165543556213,0.0791146159172058,19539.60791015625,12.80104363935972,-0.3676499945050093,0.1489317193627357,0.0702811479568481,-0.004509687423706,opencv_telea,opencv_telea,opencv_telea,opencv_telea,opencv_telea,lama,5,1,0,0,opencv_telea,True,False,False,False,False,,,,refined_majority_vote_opencv_telea,D:\Masters\FH\Thesis\painting-restoration-eval\outputs\figures\model_comparison\opencv_lama_stable_diffusion\p029_scratch_thin_opencv_lama_stable_diffusion_comparison.png
p030_scratch_thin,p030,p030_scratch_thin,scratch_thin,architecture_structured,Interior with Five Women,35483.98045349121,27.19526686440445,0.1039801748230175,0.345065982255619,0.196303904056549,0.1732300519943237,35459.6379699707,25.86324249816547,0.1000824219110473,0.3439278446603566,0.1960881948471069,0.1731989383697509,31956.5302734375,9.95130455564582,-0.1991346651746758,0.1607543230056762,0.0720787048339843,-0.0077072381973266,opencv_telea,opencv_telea,opencv_telea,opencv_telea,opencv_telea,opencv_telea,6,0,0,0,opencv_telea,False,True,True,False,False,,,,refined_majority_vote_opencv_telea,D:\Masters\FH\Thesis\painting-restoration-eval\outputs\figures\model_comparison\opencv_lama_stable_diffusion\p030_scratch_thin_opencv_lama_stable_diffusion_comparison.png
p041_loss_large,p041,p041_loss_large,loss_large,high_texture_brushwork,Wheat Field with Cypresses,18409.359619140625,12.609664308656612,0.0609909425304865,0.1055958569049835,0.0001491904258728,-0.0783341526985168,18331.59631347656,12.304422283924067,0.0286255255186221,0.2862197160720825,0.158038318157196,0.23280930519104,17959.410888671875,11.082781965835052,-0.2850412498810883,0.2488380968570709,0.1496609449386596,0.2249387502670288,opencv_telea,opencv_telea,opencv_telea,lama,lama,lama,3,3,0,0,tie_lama_opencv_telea,True,False,False,False,False,,,,old_vs_refined_vote_changed,
p046_loss_large,p046,p046_loss_large,loss_large,high_texture_brushwork,Boating,18686.536376953125,11.855581808172122,0.0977576723010649,0.1424265205860138,-0.0906470417976379,-0.1489777565002441,19018.35595703125,13.130938676017363,0.0873700235715269,0.2607779502868652,0.1572717428207397,-0.1007546186447143,17703.577880859375,9.41572610237474,-0.1716668792517534,0.2023821175098419,0.1502583026885986,0.1002488732337951,lama,lama,opencv_telea,lama,lama,stable_diffusion_inpainting,1,4,1,0,lama,True,False,False,False,False,3.0,4.0,3.0,refined_metric_disagreement,
p048_loss_large,p048,p048_loss_large,loss_large,high_texture_brushwork,A Farm in Brittany,27720.657470703125,14.455165766853446,0.1573508856492959,0.191657543182373,0.0072274208068847,-0.2544845640659332,28284.35922241211,17.893217058849977,0.1499989683525098,0.2719768285751343,0.2022416591644287,0.1768238544464111,27452.81188964844,13.451936867711195,-0.0826675072461414,0.2626664936542511,0.2082928419113159,0.1441987752914428,lama,lama,opencv_telea,lama,stable_diffusion_inpainting,lama,1,4,1,0,lama,True,False,False,False,False,3.0,4.0,3.0,refined_metric_disagreement,
p049_loss_large,p049,p049_loss_large,loss_large,high_texture_brushwork,Peonies,25158.731201171875,12.963116708749386,0.1613355942132277,0.2114125788211822,0.0217477083206176,0.0204291343688964,26045.01315307617,17.670226074219855,0.1723631767866549,0.2986589670181274,0.2334747910499572,0.0926483869552612,22785.93701171875,8.535865587489429,-0.0962566002358904,0.1716964840888977,0.2230065464973449,0.0026559829711914,lama,lama,lama,lama,lama,lama,0,6,0,0,lama,False,True,False,True,False,,6.0,,refined_category_mask_representative,
p050_loss_large,p050,p050_loss_large,loss_large,high_texture_brushwork,Landscape with a Sunlit Stream,36170.44073486328,16.46662178166921,0.1787401309506733,0.2030299305915832,0.0626245141029357,-0.1228090822696685,36316.64410400391,17.30278099249465,0.1056332730298229,0.4179140031337738,0.3441696166992187,0.3743863701820373,35462.07409667969,13.798415884977626,-0.1195018808830539,0.2976932525634765,0.2580386400222778,0.4131391048431396,lama,lama,opencv_telea,lama,lama,stable_diffusion_inpainting,1,4,1,0,lama,True,False,False,False,False,3.0,4.0,3.0,refined_metric_disagreement,
p041_loss_small,p041,p041_loss_small,loss_small,high_texture_brushwork,Wheat Field with Cypresses,15441.245910644531,13.966973603260632,0.0460226017852337,0.165394801646471,0.1135149598121643,0.0876585841178894,15437.066162109377,13.938934368988372,0.0391801148824385,0.1913084350526332,0.1226593255996704,0.1445527076721191,15176.734130859377,12.475086139614726,-0.5857347173309745,0.0792187005281448,0.0791932344436645,0.0887479782104492,opencv_telea,opencv_telea,opencv_telea,lama,lama,lama,3,3,0,0,tie_lama_opencv_telea,True,False,False,False,False,,,,old_vs_refined_vote_changed,
p046_loss_small,p046,p046_loss_small,loss_small,high_texture_brushwork,Boating,24430.26611328125,18.70430518661144,0.0606200573028882,0.1791840121150016,0.0642025470733642,0.0335183143615722,24608.277801513672,22.01491920740713,0.0631429657708559,0.1913844924420118,0.0669580698013305,0.0463873147964477,23165.50646972656,11.901118980604863,-0.2682815176458846,0.0648281425237655,0.0161851644515991,-0.0084465742111206,lama,lama,lama,lama,lama,lama,0,6,0,0,lama,False,True,False,True,False,,6.0,,refined_category_mask_representative,
p049_loss_small,p049,p049_loss_small,loss_small,high_texture_brushwork,Peonies,32699.17694091797,19.785078613095205,0.047495915515523,0.1353767588734626,0.0455909967422485,0.0289989709854125,32548.51058959961,18.219858964453817,0.0451164668622445,0.1421853937208652,0.0456344485282897,0.0402747392654418,32501.46459960937,17.827742347794302,-0.1772241058634125,0.1065576151013374,0.0275495052337646,0.01627117395401,opencv_telea,opencv_telea,opencv_telea,lama,lama,lama,3,3,0,0,tie_lama_opencv_telea,True,False,False,False,False,,,,old_vs_refined_vote_changed,
p050_loss_small,p050,p050_loss_small,loss_small,high_texture_brushwork,Landscape with a Sunlit Stream,34473.021423339844,19.98809577138776,0.0506135245227923,0.3036016076803207,0.1533991694450378,0.2361522316932678,34377.444763183594,18.93732122597432,0.0411275120484222,0.3536928948014974,0.1901987195014953,0.3444817066192627,34283.76159667969,18.107176962269023,-0.4961297351237768,0.1744552105665207,0.1676029562950134,0.2713973522186279,opencv_telea,opencv_telea,opencv_telea,lama,lama,lama,3,3,0,0,tie_lama_opencv_telea,True,False,False,False,False,,,,old_vs_refined_vote_changed,
p041_mixed_damage,p041,p041_mixed_damage,mixed_damage,high_texture_brushwork,Wheat Field with Cypresses,24349.449584960938,13.92795584744193,0.0424675189399377,0.2195238322019577,0.1005750894546508,0.2427684664726257,24235.32287597656,13.47038914825806,0.0394281544144634,0.2608042620122432,0.1178239583969116,0.3130087256431579,23985.401977539062,12.610417163140813,-0.5507951961427315,0.1832953095436096,0.1074119806289672,0.2961287498474121,opencv_telea,opencv_telea,opencv_telea,lama,lama,lama,3,3,0,0,tie_lama_opencv_telea,True,False,False,False,False,,,,old_vs_refined_vote_changed,
p046_mixed_damage,p046,p046_mixed_damage,mixed_damage,high_texture_brushwork,Boating,32843.79620361328,16.005521200733455,0.0738197847841659,0.2015085704624653,0.1024627089500427,0.0672257542610168,33423.10110473633,21.02860212587325,0.0795979947259759,0.2193573769181966,0.1058788895606994,0.1070733666419982,32570.486328125,14.788673524226157,-0.246942108620355,0.1547206342220306,0.0615115165710449,0.0347867608070373,lama,lama,lama,lama,lama,lama,0,6,0,0,lama,False,True,False,True,False,,6.0,,refined_category_mask_representative,
p050_mixed_damage,p050,p050_mixed_damage,mixed_damage,high_texture_brushwork,Landscape with a Sunlit Stream,37441.743896484375,19.06495699771775,0.0736982837473545,0.3560130223631859,0.1632707118988037,0.5090683996677399,37331.942321777344,18.15351596652429,0.0651111527024704,0.3997372090816498,0.1907312273979187,0.5781295597553253,36709.70947265625,14.987891313463546,-0.3769338605824869,0.2559824585914612,0.1032080054283142,0.3465621769428253,opencv_telea,opencv_telea,opencv_telea,lama,lama,lama,3,3,0,0,tie_lama_opencv_telea,True,False,False,False,False,,,,old_vs_refined_vote_changed,
p042_scratch_thin,p042,p042_scratch_thin,scratch_thin,high_texture_brushwork,View of Beirut,22585.67236328125,12.190834970839129,0.0519689306121758,0.1867195479571819,0.1203921437263488,0.1975273489952087,23306.14428710937,15.16984479659004,0.0502241649174097,0.1916551780886948,0.1197943687438964,0.1960865259170532,20715.45068359375,8.595270139636856,-0.2354573394691153,0.0913298949599266,0.0705392360687255,0.0932137370109558,lama,lama,opencv_telea,lama,opencv_telea,opencv_telea,3,3,0,0,tie_lama_opencv_telea,True,False,False,False,False,,,,old_vs_refined_vote_changed,
p045_scratch_thin,p045,p045_scratch_thin,scratch_thin,high_texture_brushwork,Two Girls with Parasols,30726.10266113281,14.739868813139184,0.0625791273736533,0.258127206005156,0.0695471763610839,0.0746619701385498,31045.0458984375,16.2813665010349,0.0633255789668483,0.2617596983909607,0.0709660649299621,0.0750593543052673,28189.0546875,9.45493013958862,-0.3589618072661972,0.1403183490037918,0.0271833539009094,0.0146049261093139,lama,lama,lama,lama,lama,lama,0,6,0,0,lama,False,True,False,True,False,,6.0,,refined_category_mask_representative,
p049_scratch_thin,p049,p049_scratch_thin,scratch_thin,high_texture_brushwork,Peonies,37125.632232666016,24.24310355943634,0.0534222097332242,0.2110091903014108,0.1041469573974609,0.0699548721313476,37164.24847412109,25.641377996924128,0.0524422055775488,0.2119499746477231,0.104085624217987,0.069689929485321,34275.23681640625,10.95542231623333,-0.1818225752113923,0.1202776953577995,0.0782201290130615,-0.0314860939979553,lama,lama,opencv_telea,lama,opencv_telea,opencv_telea,3,3,0,0,tie_lama_opencv_telea,True,False,False,False,False,,,,old_vs_refined_vote_changed,
p015_loss_large,p015,p015_loss_large,loss_large,landscape_natural,Landscape,20930.594665527344,14.632187101378166,0.1193496041794934,0.1683862507343292,-0.0467734932899475,-0.1973687410354614,20803.24493408203,13.94775340330906,0.0497236813929928,0.4214644581079483,0.1642574071884155,0.3434723615646362,18072.2431640625,7.791581252492291,-0.183211405778695,0.2557416558265686,0.0382831096649169,0.1829873919486999,opencv_telea,opencv_telea,opencv_telea,lama,lama,lama,3,3,0,0,tie_lama_opencv_telea,True,False,False,False,False,,,,old_vs_refined_vote_changed,
p017_loss_large,p017,p017_loss_large,loss_large,landscape_natural,Picturesque Landscape,8919.4443359375,8.456356984598031,0.0415539384570735,0.0329016149044036,-0.0309364795684814,-0.2869917154312134,8867.896484375,8.308104552463803,0.0174164037433446,0.207484945654869,0.0872251391410827,0.1792643070220947,8670.136962890625,7.782120558985792,-0.2590749485578174,0.155702531337738,0.0748223662376403,0.0428134202957153,opencv_telea,opencv_telea,opencv_telea,lama,lama,lama,3,3,0,0,tie_lama_opencv_telea,True,False,False,False,False,,,,old_vs_refined_vote_changed,
p019_loss_large,p019,p019_loss_large,loss_large,landscape_natural,Evening: Landscape with an Aqueduct,25688.907470703125,10.515625329840375,0.100379515740662,0.1277337372303009,0.0080465078353881,-0.1018826961517334,27329.53387451172,15.141188787635596,0.1170254222222842,0.23399518430233,0.1492893695831298,0.1008278131484985,26482.109741210938,12.170281263022202,-0.1179517838669047,0.1839820742607116,0.1403539776802063,0.0417901277542114,lama,lama,lama,lama,lama,lama,0,6,0,0,lama,False,True,False,True,False,,6.0,,refined_category_mask_representative,
p020_loss_large,p020,p020_loss_large,loss_large,landscape_natural,Mediterranean landscape (recto); Mountains (verso),5225.530151367188,7.244043606658163,0.0382345854916079,0.0411601662635803,-0.0031177401542663,-0.36402228474617,5207.5474853515625,7.180224674167205,-0.0107915580064067,0.1962473690509796,0.1859938502311706,0.1591154336929321,3271.84521484375,3.080566935596501,-0.2983104041646078,0.1036734580993652,0.0788500905036926,-0.1451420783996582,opencv_telea,opencv_telea,opencv_telea,lama,lama,lama,3,3,0,0,tie_lama_opencv_telea,True,False,False,False,False,,,,old_vs_refined_vote_changed,
p015_loss_small,p015,p015_loss_small,loss_small,landscape_natural,Landscape,16166.191802978516,17.082497638399907,0.0224554196471501,0.1188669875264167,0.0446751713752746,0.0766756534576416,16078.172576904297,16.035328793277706,0.0169639487523877,0.1230125571601092,0.0454081296920776,0.0891027450561523,15727.9150390625,13.357601145935634,-0.4761414345351913,0.0558198243379592,0.0290002226829528,0.0308336019515991,opencv_telea,opencv_telea,opencv_telea,lama,lama,lama,3,3,0,0,tie_lama_opencv_telea,True,False,False,False,False,,,,old_vs_refined_vote_changed,
p018_loss_small,p018,p018_loss_small,loss_small,landscape_natural,Classical Landscape with Figures,30529.275512695312,18.9115776406979,0.048570421899358,0.1652987748384475,0.1286853551864624,0.040526807308197,30777.10852050781,23.15637820036094,0.0565006186071532,0.1891403696499765,0.1363428831100464,0.0610690116882324,30069.90704345703,15.574936960095895,-0.187196201580497,0.1324931234121322,0.0989964008331298,0.000497817993164,lama,lama,lama,lama,lama,lama,0,6,0,0,lama,False,True,False,True,False,,,,refined_majority_vote_lama,
p019_loss_small,p019,p019_loss_small,loss_small,landscape_natural,Evening: Landscape with an Aqueduct,44883.55497741699,23.27902018150616,0.0367219489432678,0.1277342913672328,0.0889493823051452,0.0152899622917175,45002.448081970215,26.854078771230306,0.0386414657516716,0.1341600185260176,0.0898062586784362,0.0167474746704101,44788.19366455078,21.66561692769137,-0.237324727907963,0.0757067278027534,0.0793157219886779,-0.0176209211349487,lama,lama,lama,lama,lama,lama,0,6,0,0,lama,False,True,False,True,False,,6.0,,refined_category_mask_representative,
p012_mixed_damage,p012,p012_mixed_damage,mixed_damage,landscape_natural,An Extensive Wooded Landscape,15732.673583984377,13.086294987273453,0.0534462744860525,0.2430631704628467,0.1163185834884643,0.2504206895828247,16187.784698486328,16.65017118066745,0.0563892601114075,0.2760225608944893,0.1619871854782104,0.2928517460823059,15311.829223632812,11.274462601603547,-0.2197162730147541,0.1814938113093376,0.0527564883232116,-0.1233280897140502,lama,lama,lama,lama,lama,lama,0,6,0,0,lama,False,True,False,True,False,,6.0,,refined_category_mask_representative,
p016_mixed_damage,p016,p016_mixed_damage,mixed_damage,landscape_natural,Wooded Landscape with a House beside a River,11211.77801513672,11.22828933255893,0.0410228618753458,0.1310184895992279,0.1667985320091247,0.1875715255737304,11195.005920410156,11.149300770142755,0.0324559571446007,0.1691376492381096,0.1819378137588501,0.3077877163887024,10800.452514648438,9.61430297652503,-0.4457835599228948,0.1151655092835426,0.1614837646484375,0.2564638257026672,opencv_telea,opencv_telea,opencv_telea,lama,lama,lama,3,3,0,0,tie_lama_opencv_telea,True,False,False,False,False,,,,old_vs_refined_vote_changed,
p014_scratch_thin,p014,p014_scratch_thin,scratch_thin,landscape_natural,Landscape on a River,40049.637786865234,19.82217508336541,0.1047135314001117,0.415477305650711,0.140863299369812,0.3726850152015686,39918.44952392578,18.645661023253616,0.1015817038051822,0.4169335691258311,0.1347090005874633,0.350375771522522,34379.2998046875,8.223893279315224,-0.2481792643008054,0.1565363407135009,0.0118151307106018,-0.1291376948356628,opencv_telea,opencv_telea,opencv_telea,lama,opencv_telea,opencv_telea,5,1,0,0,opencv_telea,True,False,False,False,False,,5.0,,refined_category_mask_representative,
p016_scratch_thin,p016,p016_scratch_thin,scratch_thin,landscape_natural,Wooded Landscape with a House beside a River,9762.392944335938,11.220942369089045,0.0304635151752423,0.094211452640593,0.03790283203125,0.0624782443046569,9802.864868164062,11.447219892861517,0.0301553313441471,0.0964444885030388,0.0378718376159668,0.0624757409095764,7386.870361328125,5.222177120027347,-0.5153905817982412,-0.0061971694231033,0.0023524761199951,-0.0062337517738342,lama,lama,opencv_telea,lama,opencv_telea,opencv_telea,3,3,0,0,tie_lama_opencv_telea,True,False,False,False,False,,,,old_vs_refined_vote_changed,
p001_loss_large,p001,p001_loss_large,loss_large,portrait_figure,Juan de Pareja,48015.95104980469,16.981298687118507,0.3071639617829522,0.3182264566421509,-0.0028921961784362,0.0418266654014587,48703.6318359375,22.215740318555344,0.319821325516719,0.4446377009153366,0.1667868494987487,0.2536272406578064,48133.03063964844,17.532739743795705,0.118626766739494,0.3911323845386505,0.119137167930603,0.2484029531478881,lama,lama,lama,lama,lama,lama,0,6,0,0,lama,False,True,False,True,False,,,,refined_category_mask_representative; refined_majority_vote_lama,D:\Masters\FH\Thesis\painting-restoration-eval\outputs\figures\model_comparison\opencv_lama_stable_diffusion\p001_loss_large_opencv_lama_stable_diffusion_comparison.png
p009_loss_large,p009,p009_loss_large,loss_large,portrait_figure,Madame Roulin and Her Baby,18937.0322265625,10.109878746659383,0.1279449971814874,0.2772508859634399,-0.0661631822586059,-0.2997395396232605,19110.28686523437,10.494177756542122,0.0956642407500258,0.3605985790491104,0.1298187375068664,0.0682291388511657,14208.7275390625,4.9100932973564575,-0.2402667881871068,0.1938725113868713,0.1394519209861755,0.1910362839698791,lama,lama,opencv_telea,lama,stable_diffusion_inpainting,stable_diffusion_inpainting,1,3,2,0,lama,True,False,False,False,False,3.0,3.0,3.0,refined_metric_disagreement,D:\Masters\FH\Thesis\painting-restoration-eval\outputs\figures\model_comparison\opencv_lama_stable_diffusion\p009_loss_large_opencv_lama_stable_diffusion_comparison.png
p010_loss_large,p010,p010_loss_large,loss_large,portrait_figure,Joan of Arc,38123.13516235352,19.3601717408502,0.1676579660158628,0.1996963620185852,0.054261028766632,-0.0443043708801269,38095.727142333984,19.101648437916182,0.1097510826275874,0.367238238453865,0.1899043321609497,0.3130960464477539,37876.23669433594,17.4499989396261,-0.153183345946177,0.2825779616832733,0.1569653153419494,0.2559692859649658,opencv_telea,opencv_telea,opencv_telea,lama,lama,lama,3,3,0,0,tie_lama_opencv_telea,True,False,False,False,False,,,,old_vs_refined_vote_changed,
p001_loss_small,p001,p001_loss_small,loss_small,portrait_figure,Juan de Pareja,46962.81076812744,31.5765155885504,0.0790746575492647,0.3331829719245434,0.0886038541793823,0.0489463806152343,46980.14071369171,34.85685238522643,0.0780122295346862,0.3380720471031964,0.0891089439392089,0.0506902337074279,46912.75653839111,27.54322588719374,-0.0778224902549369,0.3060020729899406,0.0711422562599182,0.0376319885253906,lama,lama,opencv_telea,lama,lama,lama,1,5,0,0,lama,True,False,False,False,False,2.0,5.0,2.0,refined_metric_disagreement,D:\Masters\FH\Thesis\painting-restoration-eval\outputs\figures\model_comparison\opencv_lama_stable_diffusion\p001_loss_small_opencv_lama_stable_diffusion_comparison.png
p004_loss_small,p004,p004_loss_small,loss_small,portrait_figure,Madame Georges Charpentier and Her Children,27384.215911865234,17.432853632394036,0.0506291828882591,0.1195256486535072,0.0458605289459228,0.010292649269104,27496.817810058597,18.53183702678494,0.0474045175455378,0.1252485485747456,0.0467602610588073,0.0187365412712097,26787.91357421875,14.040409308125682,-0.3044505560367444,0.0728057622909545,0.0267199873924255,-0.0391765832901001,lama,lama,opencv_telea,lama,lama,lama,1,5,0,0,lama,True,False,False,False,False,2.0,5.0,2.0,refined_metric_disagreement,
p008_loss_small,p008,p008_loss_small,loss_small,portrait_figure,Manuel Osorio Manrique de Zuñiga,30387.899505615234,17.839395034613357,0.0480528079294172,0.1952443420886993,0.148230493068695,0.0950701832771301,30747.81471252441,23.190402064729216,0.0509160659338412,0.2078405474312603,0.1597018241882324,0.1292062401771545,29881.909423828125,14.838174197200132,-0.0928010817636211,0.109080322086811,0.0969822406768798,0.0178707838058471,lama,lama,lama,lama,lama,lama,0,6,0,0,lama,False,True,False,True,False,,6.0,,refined_category_mask_representative,
p010_loss_small,p010,p010_loss_small,loss_small,portrait_figure,Joan of Arc,43292.633392333984,21.76358843504289,0.0295335965309092,0.2361908964812755,0.1199399232864379,0.029944896697998,43276.67184448242,21.5311920720138,0.0249373278473724,0.2449731975793838,0.1212677955627441,0.0500761270523071,43180.51480102539,20.34558855020845,-0.4718088307832965,0.161634162068367,0.0949597954750061,0.001774251461029,opencv_telea,opencv_telea,opencv_telea,lama,lama,lama,3,3,0,0,tie_lama_opencv_telea,True,False,False,False,False,,,,old_vs_refined_vote_changed,
p001_mixed_damage,p001,p001_mixed_damage,mixed_damage,portrait_figure,Juan de Pareja,50520.93118286133,23.63391920787114,0.085102870062997,0.3858439400792122,0.09855717420578,0.1796562075614929,50444.49594116211,22.337665877820644,0.083533776195798,0.3917700815945864,0.1023889183998107,0.1972331404685974,49826.72888183594,17.444243467566327,-0.093748648485088,0.2444644421339035,0.0605040788650512,0.1679370403289795,opencv_telea,opencv_telea,opencv_telea,lama,lama,lama,3,3,0,0,tie_lama_opencv_telea,True,False,False,False,False,2.0,3.0,2.0,old_vs_refined_vote_changed; refined_metric_disagreement,D:\Masters\FH\Thesis\painting-restoration-eval\outputs\figures\model_comparison\opencv_lama_stable_diffusion\p001_mixed_damage_opencv_lama_stable_diffusion_comparison.png
p008_mixed_damage,p008,p008_mixed_damage,mixed_damage,portrait_figure,Manuel Osorio Manrique de Zuñiga,32452.54019165039,22.593898525041052,0.0752068537424217,0.3103460557758808,0.1915122866630554,0.2111111879348755,32567.994300842285,27.06658592175831,0.0806495920005594,0.337734873406589,0.1999260783195495,0.2192122340202331,32138.03091430664,18.198458451008463,-0.0668206352268375,0.247022733092308,0.1719281077384948,0.1161341667175293,lama,lama,lama,lama,lama,lama,0,6,0,0,lama,False,True,False,True,False,,6.0,,refined_category_mask_representative,
p001_scratch_thin,p001,p001_scratch_thin,scratch_thin,portrait_figure,Juan de Pareja,48335.43656921387,24.47466047771981,0.0472760689419137,0.4198856446892023,0.1416660547256469,0.0740264058113098,48363.67512512207,25.24811209532254,0.0472119839499205,0.4202968664467335,0.1417280435562133,0.074596107006073,42301.111328125,8.929055695455837,-0.1537747545473062,0.1617195010185241,0.0434409379959106,-0.0055909156799316,lama,lama,opencv_telea,lama,lama,lama,1,5,0,0,lama,True,False,False,False,False,2.0,5.0,2.0,refined_metric_disagreement,D:\Masters\FH\Thesis\painting-restoration-eval\outputs\figures\model_comparison\opencv_lama_stable_diffusion\p001_scratch_thin_opencv_lama_stable_diffusion_comparison.png
p002_scratch_thin,p002,p002_scratch_thin,scratch_thin,portrait_figure,Madame X (Madame Pierre Gautreau),50114.38048553467,28.59980972725987,0.075618480359718,0.2840117247542366,0.1097153425216674,0.1251502037048339,50163.59069824219,33.98111193330545,0.0766943969684104,0.2852567431982606,0.1096439361572265,0.1252999901771545,46487.78466796875,11.328454270204762,-0.0776454314491459,0.121918112039566,0.0437761545181274,-0.0119901299476623,lama,lama,lama,lama,opencv_telea,lama,1,5,0,0,lama,True,False,False,False,False,2.0,5.0,2.0,refined_metric_disagreement,D:\Masters\FH\Thesis\painting-restoration-eval\outputs\figures\model_comparison\opencv_lama_stable_diffusion\p002_scratch_thin_opencv_lama_stable_diffusion_comparison.png
p004_scratch_thin,p004,p004_scratch_thin,scratch_thin,portrait_figure,Madame Georges Charpentier and Her Children,32575.33320617676,23.52255144631537,0.0488125438864972,0.2376733038108796,0.103688895702362,0.1556568741798401,32578.40739440918,23.61535806220705,0.048163485070287,0.2387948483228683,0.103634238243103,0.1548500657081604,31850.838012695312,15.753555275591284,-0.3104560162274097,0.1790601760149002,0.0895023345947265,0.0757519006729126,lama,lama,opencv_telea,lama,opencv_telea,opencv_telea,3,3,0,0,tie_lama_opencv_telea,True,False,False,False,False,,,,old_vs_refined_vote_changed,D:\Masters\FH\Thesis\painting-restoration-eval\outputs\figures\model_comparison\opencv_lama_stable_diffusion\p004_scratch_thin_opencv_lama_stable_diffusion_comparison.png
p006_scratch_thin,p006,p006_scratch_thin,scratch_thin,portrait_figure,Boy with a Sword,50997.089210510254,28.44932827615384,0.0913584108808018,0.4611257668584585,0.1267351508140564,0.1877256035804748,51037.97666931152,32.01694612548803,0.0923965504295408,0.4653345406404696,0.1282750368118286,0.1886417269706726,44927.53271484375,9.198183894026569,-0.0692007381704088,0.1453761458396911,0.0198424458503723,-0.092015266418457,lama,lama,lama,lama,lama,lama,0,6,0,0,lama,False,True,False,True,False,,6.0,,refined_category_mask_representative,
p010_scratch_thin,p010,p010_scratch_thin,scratch_thin,portrait_figure,Joan of Arc,42821.99607086182,25.853695708608832,0.0617229656760919,0.362081061117351,0.1296925544738769,0.1778187155723571,42817.48448181152,25.681489811110783,0.0606009822441357,0.3624455295503139,0.12972491979599,0.1780105829238891,38657.36669921875,10.017418442118384,-0.4591242765720543,0.1666091382503509,0.0787569880485534,0.0020129084587097,opencv_telea,opencv_telea,opencv_telea,lama,lama,lama,3,3,0,0,tie_lama_opencv_telea,True,False,False,False,False,,,,old_vs_refined_vote_changed,
