restoration_case_id,model_name,iopaint_model_name,iopaint_package_version,lama_model_version,restoration_method,inference_mode,restoration_generator_name,restoration_generator_version,execution_device,execution_backend,operating_system,processor,machine,python_version,torch_version,cuda_available,cuda_device_count,cuda_device_name,cuda_runtime_version,retry_count,attempt_count,iopaint_returncode,iopaint_command,iopaint_command_log_path,iopaint_stdout_log_path,iopaint_stderr_log_path,dataset_name,source_case_id,source_case_id_original,case_id,painting_id,lama_applicability,source_mask_semantics,mask_threshold,mask_area_pixels,clean_path,damaged_path,mask_path,restored_filename,restored_path,restored_sha256,restored_width,restored_height,restored_mode,runtime_seconds,batch_runtime_seconds,started_at_utc,completed_at_utc,output_written,status,issue,source_metadata_path,mask_id,mask_type,generator_name,generator_version,generated_at_utc,generation_action,clean_filename,mask_filename,damaged_filename,damage_fill_strategy,damage_fill_r,damage_fill_g,damage_fill_b,damaged_area_pixels,damaged_area_percentage_content,damaged_area_percentage_full,width,height,mode,format,damaged_file_size_bytes,clean_sha256,mask_sha256,damaged_sha256,config_version,experiment_name,experiment_version,notebook_stage,base_mask_id,base_mask_type,sensitivity_mask_id,target_percentage_content,target_pixels,realised_pixels,realised_percentage_content,realised_percentage_full,percentage_error_content,absolute_percentage_error_content,absolute_pixel_error,scale_factor,base_mask_pixels,base_percentage_content,base_percentage_full,content_area_pixels,content_bbox_left,content_bbox_top,content_bbox_right,content_bbox_bottom,deterministic_seed,global_seed,base_mask_path,sensitivity_mask_filename,sensitivity_mask_path,base_mask_sha256,sensitivity_mask_sha256,sensitivity_mask_file_size_bytes,full_generation_started_at_utc,full_generation_completed_at_utc,variant_id,robustness_group_id,painting_index,mask_type_index,variant_index,painting_seed,mask_seed,variant_seed,generation_attempt_index,generation_seed,maximum_generation_attempts,generation_area_tolerance,raw_mask_pixels,content_x_min,content_y_min,content_x_max,content_y_max,canvas_area_pixels,padding_area_pixels,actual_mask_area_pixels,damaged_content_pixels,padding_overlap_pixels,actual_mask_area_percentage_content,actual_mask_area_percentage_full,bbox_x_min,bbox_y_min,bbox_x_max,bbox_y_max,bbox_width,bbox_height,bbox_area_pixels,bbox_fill_ratio,bbox_aspect_ratio,connected_component_count,largest_component_pixels,smallest_component_pixels,mean_component_pixels,median_component_pixels,component_area_std_pixels,largest_component_fraction,component_density_per_100k_content_pixels,mean_component_aspect_ratio,maximum_component_aspect_ratio,touches_content_border,minimum_distance_to_content_border_pixels,centroid_x_pixels,centroid_y_pixels,centroid_x_normalised_content,centroid_y_normalised_content,centroid_quadrant,mask_bbox_width_normalised_content,mask_bbox_height_normalised_content,mask_bbox_area_fraction_content_bbox,touches_left_content_border,touches_right_content_border,touches_top_content_border,touches_bottom_content_border,mask_file_size_bytes,mask_generator_name,mask_generator_version,full_generation_finished_at_utc,full_generation_duration_seconds,degradation_type,severity,severity_rank,is_combined,component_degradations,component_count,case_seed,effect_mask_seed,operator_seeds_json,operator_parameters_json,effect_support_pixels,effect_active_pixels,effect_percentage_content,effect_percentage_full,effect_mean_intensity,effect_max_intensity,effect_bbox_x_min,effect_bbox_y_min,effect_bbox_x_max,effect_bbox_y_max,effect_centroid_x,effect_centroid_y,changed_pixels,changed_percentage_full,outside_effect_changed_pixels,inside_effect_changed_pixels,mean_absolute_difference_effect,maximum_absolute_difference,effect_mask_filename,effect_mask_path,degraded_filename,degraded_path,effect_mask_sha256,degraded_sha256,effect_mask_file_size_bytes,degraded_file_size_bytes,lama_mask_area_pixels,lama_staged_input_path,lama_staged_mask_path,lama_staged_output_path,device,is_zero_control,title,artist,date,category,style_or_period,medium,source,source_url,license,filename,damaged_mse,restored_mse,mse_improvement,damaged_mae,restored_mae,mae_improvement,damaged_psnr,restored_psnr,psnr_improvement,damaged_ssim,restored_ssim,ssim_improvement,region_pixel_count,lpips_damaged_lpips,lpips_restored_lpips,lpips_improvement,lpips_region_pixel_count,feature_clip_damaged_similarity,feature_clip_restored_similarity,feature_clip_similarity_improvement,feature_dinov2_damaged_similarity,feature_dinov2_restored_similarity,feature_dinov2_similarity_improvement,feature_mean_similarity_improvement,feature_region_pixel_count,clip_similarity_improvement,dinov2_similarity_improvement,mean_similarity_improvement,error_map_figure_path_x,clean_path_resolved,damaged_path_resolved,restored_path_resolved,mask_path_resolved,report_schema_version,classical_report_region,lpips_report_region,feature_report_region,clean_path_resolved_exists,damaged_path_resolved_exists,restored_path_resolved_exists,mask_path_resolved_exists,source_images_available,error_map_figure_path_y,diagnostic_reason,panel_size_mb,error_map_figure_path_exists,error_map_figure_path_project_relative,selection_reason,selection_metric,metric_candidate,selection_priority_score
lama__mask_robustness__mask_robustness__p001__loss_large__variant_03,lama,lama,,iopaint_lama,iopaint_lama,model_inference,restoration_eval.restoration_lama,2.0.0,cuda,iopaint,Windows-11-10.0.26200-SP0,"Intel64 Family 6 Model 165 Stepping 2, GenuineIntel",AMD64,3.12.6,2.5.1+cu121,True,1,NVIDIA GeForce RTX 3060 Laptop GPU,12.1,0,1,0,iopaint run --model lama --device cuda --image D:\Masters\FH\Thesis\painting-restoration-eval\outputs\tmp\lama_batch_full\input --mask D:\Masters\FH\Thesis\painting-restoration-eval\outputs\tmp\lama_batch_full\mask --output D:\Masters\FH\Thesis\painting-restoration-eval\outputs\tmp\lama_batch_full\output,outputs/tmp/lama_batch_full/logs/iopaint_batch_command.txt,outputs/tmp/lama_batch_full/logs/iopaint_batch_stdout.txt,outputs/tmp/lama_batch_full/logs/iopaint_batch_stderr.txt,mask_robustness,mask_robustness__p001__loss_large__variant_03,p001__loss_large__variant_03,mask_robustness__p001__loss_large__variant_03,p001,primary,binary_missing_content,127,63593,data/processed/clean/p001_clean.png,data/processed/damaged/mask_robustness/p001__loss_large__variant_03_damaged.png,data/processed/masks/mask_robustness/p001__loss_large__variant_03_mask.png,mask_robustness__p001__loss_large__variant_03_restored_lama.png,data/processed/restored/lama/mask_robustness/mask_robustness__p001__loss_large__variant_03_restored_lama.png,b0eb15d8185efc4b161215e6cc7555d7e6bc267f5d8d2c0e3d5fc814f1d740a4,768,768,RGB,1.4609382327775366,525.9377637999132,2026-07-27T22:48:36.045403+00:00,2026-07-27T22:57:21.970156+00:00,True,ok,,data/processed/metadata/metadata_mask_robustness.csv,,,mask_robustness,1.1.0,2026-07-24T22:43:37.606013+00:00,generated,,p001__loss_large__variant_03_mask.png,p001__loss_large__variant_03_damaged.png,constant_rgb,255.0,255.0,255.0,,,,768,768,,,634655.0,b5852f0337c8342a1a70268f9e9f682534177581d238713f67bf28e0033482a2,27f062aa52136eaab0012e9c54c942902b7f5e2eddc5a09787f9a6c60fa79f4a,69cf98822aee4a7a0329f97a02af06c550d639f28bb32ebfe1aeb02de56532e5,1.1.0,painting_restoration_50_subset,1.0.0,06_mask_robustness,,loss_large,,12.5,63648.0,63593.0,12.489198403720463,,-0.0108015962795366,0.0108015962795366,,1.0936554408980972,,,,509184.0,,,,,,20260606.0,,,,,,,2026-07-24T22:42:26.283360+00:00,,p001__loss_large__variant_03,p001__loss_large,0.0,2.0,3.0,3990620007.0,594704418.0,1515262985.0,1.0,3619899153.0,20.0,0.5,53191.0,52.0,0.0,715.0,768.0,589824.0,80640.0,63593.0,63593.0,0.0,12.489198,10.781691,98.0,113.0,383.0,447.0,285.0,334.0,95190.0,0.668064,1.17193,1.0,63593.0,63593.0,63593.0,63593.0,0.0,1.0,0.196393,1.17193,1.17193,0.0,46.0,232.0728067554605,266.8341012375576,0.2720133032559826,0.3478932219524871,top_left,0.4298642533936652,0.4348958333333333,0.1869461726998491,0.0,0.0,0.0,0.0,2591.0,canonical_synthetic_damage_masks,2.0.0,2026-07-24T22:45:40.751505+00:00,194.468145,,,,,,,,,,,,,,,,,,,,,,,,,,,,,,,,,,,,,63593,outputs/tmp/lama_batch_full/input/mask_robustness__p001__loss_large__variant_03.png,outputs/tmp/lama_batch_full/mask/mask_robustness__p001__loss_large__variant_03.png,outputs/tmp/lama_batch_full/output/mask_robustness__p001__loss_large__variant_03.png,cuda,False,Juan de Pareja,Diego Velázquez,1650,portrait_figure,Baroque,Oil on canvas,The Metropolitan Museum of Art,https://www.metmuseum.org/art/collection/search/437869,Public Domain / Open Access,p001.jpg,49117.7890625,331.76251220703125,48786.02655029297,218.61036682128903,11.12844181060791,207.48192501068115,1.2184155117874114,22.92253049889088,21.704114987103463,,,,63593,0.7212536931037903,0.2048655450344085,0.5163881480693817,122500,0.6700056791305542,0.9297772645950316,0.2597715854644775,0.5046560764312744,0.947908103466034,0.4432520270347595,0.3515118062496185,122500,0.2597715854644775,0.4432520270347595,0.3515118062496185,,D:\Masters\FH\Thesis\painting-restoration-eval\data\processed\clean\p001_clean.png,D:\Masters\FH\Thesis\painting-restoration-eval\data\processed\damaged\mask_robustness\p001__loss_large__variant_03_damaged.png,D:\Masters\FH\Thesis\painting-restoration-eval\data\processed\restored\lama\mask_robustness\mask_robustness__p001__loss_large__variant_03_restored_lama.png,D:\Masters\FH\Thesis\painting-restoration-eval\data\processed\masks\mask_robustness\p001__loss_large__variant_03_mask.png,2.0.0,masked_region,mask_bbox_crop,mask_bbox_crop,True,True,True,True,True,,,,False,,Representative high-scoring category example; Representative high-scoring dataset example,mean_similarity_improvement,True,4.828169014084507
lama__canonical__canonical__p050_mixed_damage,lama,lama,,iopaint_lama,iopaint_lama,model_inference,restoration_eval.restoration_lama,2.0.0,cuda,iopaint,Windows-11-10.0.26200-SP0,"Intel64 Family 6 Model 165 Stepping 2, GenuineIntel",AMD64,3.12.6,2.5.1+cu121,True,1,NVIDIA GeForce RTX 3060 Laptop GPU,12.1,0,1,0,iopaint run --model lama --device cuda --image D:\Masters\FH\Thesis\painting-restoration-eval\outputs\tmp\lama_batch_full\input --mask D:\Masters\FH\Thesis\painting-restoration-eval\outputs\tmp\lama_batch_full\mask --output D:\Masters\FH\Thesis\painting-restoration-eval\outputs\tmp\lama_batch_full\output,outputs/tmp/lama_batch_full/logs/iopaint_batch_command.txt,outputs/tmp/lama_batch_full/logs/iopaint_batch_stdout.txt,outputs/tmp/lama_batch_full/logs/iopaint_batch_stderr.txt,canonical,canonical__p050_mixed_damage,p050_mixed_damage,canonical__p050_mixed_damage,p050,primary,binary_missing_content,127,50756,data\processed\clean\p050_clean.png,data\processed\masked\p050_mixed_damage_damaged.png,data\processed\masks\p050_mixed_damage_mask.png,canonical__p050_mixed_damage_restored_lama.png,data/processed/restored/lama/canonical/canonical__p050_mixed_damage_restored_lama.png,3a0aaaed6cebd26da6eb26ae39c78338fc537ca63297d327508eb731fc003ebe,768,768,RGB,1.4609382327775366,525.9377637999132,2026-07-27T22:48:36.045403+00:00,2026-07-27T22:57:21.970156+00:00,True,ok,,data/processed/metadata/metadata_damaged_images.csv,p050_mixed_damage,mixed_damage,canonical_damage_generator,2.0.0,2026-07-24T18:47:20.616478+00:00,generated,p050_clean.png,p050_mixed_damage_mask.png,p050_mixed_damage_damaged.png,white_fill,255.0,255.0,255.0,50756.0,11.35542,8.605279,768,768,RGB,PNG,693211.0,c2e802fd25387bd32bc1c089616e323be14c49d6ed97ee646f77bf827d3ecadd,4a2991d5ae54a04165056fd225aa6db33e114bcdf02298c48a9da3cdd46b5151,535a6c9dec1d3cacdec8ee08c4ddbb82387899534f9bd0f4fd8e8aeb7c1813bb,1.1.0,painting_restoration_50_subset,1.0.0,04_damage_creation,,,,,,,,,,,,,,,,,,,,,,,,,,,,,,,,,,,,,,,,,,,,,,,,,,,,,,,,,,,,,,,,,,,,,,,,,,,,,,,,,,,,,,,,,,,,,,,,,,,,,,,,,,,,,,,,,,,,,,,,,,,,,,,,,50756,outputs/tmp/lama_batch_full/input/canonical__p050_mixed_damage.png,outputs/tmp/lama_batch_full/mask/canonical__p050_mixed_damage.png,outputs/tmp/lama_batch_full/output/canonical__p050_mixed_damage.png,cuda,False,Landscape with a Sunlit Stream,Charles-François Daubigny,,high_texture_brushwork,,,The Metropolitan Museum of Art,https://www.metmuseum.org/art/collection/search/436090,Public Domain / Open Access,p050.jpg,40647.34765625,295.4593505859375,40351.88830566406,199.5938720703125,11.834797859191896,187.7590742111206,2.040481488427699,23.42582621946994,21.38534473104224,,,,50756,0.4446590542793274,0.021737553179264,0.4229215011000633,589824,0.7521167397499084,0.994715690612793,0.2425989508628845,0.3144276142120361,0.9874746203422546,0.6730470061302185,0.4578229784965515,589824,0.2425989508628845,0.6730470061302185,0.4578229784965515,,D:\Masters\FH\Thesis\painting-restoration-eval\data\processed\clean\p050_clean.png,D:\Masters\FH\Thesis\painting-restoration-eval\data\processed\masked\p050_mixed_damage_damaged.png,D:\Masters\FH\Thesis\painting-restoration-eval\data\processed\restored\lama\canonical\canonical__p050_mixed_damage_restored_lama.png,D:\Masters\FH\Thesis\painting-restoration-eval\data\processed\masks\p050_mixed_damage_mask.png,2.0.0,masked_region,mask_bbox_crop,mask_bbox_crop,True,True,True,True,True,,,,False,,Representative high-scoring category example; Representative high-scoring dataset example; Strongest local feature-similarity improvement,mean_similarity_improvement,True,4.659154929577465
lama__canonical__canonical__p001_mixed_damage,lama,lama,,iopaint_lama,iopaint_lama,model_inference,restoration_eval.restoration_lama,2.0.0,cuda,iopaint,Windows-11-10.0.26200-SP0,"Intel64 Family 6 Model 165 Stepping 2, GenuineIntel",AMD64,3.12.6,2.5.1+cu121,True,1,NVIDIA GeForce RTX 3060 Laptop GPU,12.1,0,1,0,iopaint run --model lama --device cuda --image D:\Masters\FH\Thesis\painting-restoration-eval\outputs\tmp\lama_batch_full\input --mask D:\Masters\FH\Thesis\painting-restoration-eval\outputs\tmp\lama_batch_full\mask --output D:\Masters\FH\Thesis\painting-restoration-eval\outputs\tmp\lama_batch_full\output,outputs/tmp/lama_batch_full/logs/iopaint_batch_command.txt,outputs/tmp/lama_batch_full/logs/iopaint_batch_stdout.txt,outputs/tmp/lama_batch_full/logs/iopaint_batch_stderr.txt,canonical,canonical__p001_mixed_damage,p001_mixed_damage,canonical__p001_mixed_damage,p001,primary,binary_missing_content,127,45733,data\processed\clean\p001_clean.png,data\processed\masked\p001_mixed_damage_damaged.png,data\processed\masks\p001_mixed_damage_mask.png,canonical__p001_mixed_damage_restored_lama.png,data/processed/restored/lama/canonical/canonical__p001_mixed_damage_restored_lama.png,727ec32e11888e501ea3f7b3b53f2b7b98fc3fc8720e22503b49811397c6b520,768,768,RGB,1.4609382327775366,525.9377637999132,2026-07-27T22:48:36.045403+00:00,2026-07-27T22:57:21.970156+00:00,True,ok,,data/processed/metadata/metadata_damaged_images.csv,p001_mixed_damage,mixed_damage,canonical_damage_generator,2.0.0,2026-07-24T18:47:20.616478+00:00,generated,p001_clean.png,p001_mixed_damage_mask.png,p001_mixed_damage_damaged.png,white_fill,255.0,255.0,255.0,45733.0,8.981626,7.753669,768,768,RGB,PNG,675436.0,b5852f0337c8342a1a70268f9e9f682534177581d238713f67bf28e0033482a2,66aa435e3d05dd8f922f95a0065ef7b626192d8a1e983329ea895b73b356dd94,e5a985ef19e47ab186d825692ca24efbea810c3bd1391ab63a4e8667285c98bb,1.1.0,painting_restoration_50_subset,1.0.0,04_damage_creation,,,,,,,,,,,,,,,,,,,,,,,,,,,,,,,,,,,,,,,,,,,,,,,,,,,,,,,,,,,,,,,,,,,,,,,,,,,,,,,,,,,,,,,,,,,,,,,,,,,,,,,,,,,,,,,,,,,,,,,,,,,,,,,,,45733,outputs/tmp/lama_batch_full/input/canonical__p001_mixed_damage.png,outputs/tmp/lama_batch_full/mask/canonical__p001_mixed_damage.png,outputs/tmp/lama_batch_full/output/canonical__p001_mixed_damage.png,cuda,False,Juan de Pareja,Diego Velázquez,1650,portrait_figure,Baroque,Oil on canvas,The Metropolitan Museum of Art,https://www.metmuseum.org/art/collection/search/437869,Public Domain / Open Access,p001.jpg,50902.8046875,320.2294921875,50582.5751953125,223.8587646484375,9.466657638549805,214.3921070098877,1.0633864873258143,23.07619034207585,22.01280385475004,,,,45733,0.5040223598480225,0.0241017118096351,0.4799206480383873,589824,0.6738892793655396,0.9607895016670228,0.2869002223014831,0.7721320986747742,0.9873285889625548,0.2151964902877807,0.2510483562946319,589824,0.2869002223014831,0.2151964902877807,0.2510483562946319,,D:\Masters\FH\Thesis\painting-restoration-eval\data\processed\clean\p001_clean.png,D:\Masters\FH\Thesis\painting-restoration-eval\data\processed\masked\p001_mixed_damage_damaged.png,D:\Masters\FH\Thesis\painting-restoration-eval\data\processed\restored\lama\canonical\canonical__p001_mixed_damage_restored_lama.png,D:\Masters\FH\Thesis\painting-restoration-eval\data\processed\masks\p001_mixed_damage_mask.png,2.0.0,masked_region,mask_bbox_crop,mask_bbox_crop,True,True,True,True,True,,,,False,,Slowest restoration runtime,runtime_seconds,True,4.622535211267605
lama__canonical__canonical__p027_loss_large,lama,lama,,iopaint_lama,iopaint_lama,model_inference,restoration_eval.restoration_lama,2.0.0,cuda,iopaint,Windows-11-10.0.26200-SP0,"Intel64 Family 6 Model 165 Stepping 2, GenuineIntel",AMD64,3.12.6,2.5.1+cu121,True,1,NVIDIA GeForce RTX 3060 Laptop GPU,12.1,0,1,0,iopaint run --model lama --device cuda --image D:\Masters\FH\Thesis\painting-restoration-eval\outputs\tmp\lama_batch_full\input --mask D:\Masters\FH\Thesis\painting-restoration-eval\outputs\tmp\lama_batch_full\mask --output D:\Masters\FH\Thesis\painting-restoration-eval\outputs\tmp\lama_batch_full\output,outputs/tmp/lama_batch_full/logs/iopaint_batch_command.txt,outputs/tmp/lama_batch_full/logs/iopaint_batch_stdout.txt,outputs/tmp/lama_batch_full/logs/iopaint_batch_stderr.txt,canonical,canonical__p027_loss_large,p027_loss_large,canonical__p027_loss_large,p027,primary,binary_missing_content,127,51962,data\processed\clean\p027_clean.png,data\processed\masked\p027_loss_large_damaged.png,data\processed\masks\p027_loss_large_mask.png,canonical__p027_loss_large_restored_lama.png,data/processed/restored/lama/canonical/canonical__p027_loss_large_restored_lama.png,e1117c189b3c3cc12baa14fd4ffb1eb673a4ef6f981b801c2761d431a57da96a,768,768,RGB,1.4609382327775366,525.9377637999132,2026-07-27T22:48:36.045403+00:00,2026-07-27T22:57:21.970156+00:00,True,ok,,data/processed/metadata/metadata_damaged_images.csv,p027_loss_large,loss_large,canonical_damage_generator,2.0.0,2026-07-24T18:47:20.616478+00:00,generated,p027_clean.png,p027_loss_large_mask.png,p027_loss_large_damaged.png,white_fill,255.0,255.0,255.0,51962.0,11.257713,8.809747,768,768,RGB,PNG,728170.0,b511d4ea728be4b693a1e639af9800e4242fc884d50527c9cab568aa8591ed8c,3aa5c764d93d70b145f9c203a8e16aa92b7c2993f74d1212e032abf57fe513f1,a9383db1f87ff1a8f78ae92280549dae3f745df6dbc8a69dbb77bce170fb1354,1.1.0,painting_restoration_50_subset,1.0.0,04_damage_creation,,,,,,,,,,,,,,,,,,,,,,,,,,,,,,,,,,,,,,,,,,,,,,,,,,,,,,,,,,,,,,,,,,,,,,,,,,,,,,,,,,,,,,,,,,,,,,,,,,,,,,,,,,,,,,,,,,,,,,,,,,,,,,,,,51962,outputs/tmp/lama_batch_full/input/canonical__p027_loss_large.png,outputs/tmp/lama_batch_full/mask/canonical__p027_loss_large.png,outputs/tmp/lama_batch_full/output/canonical__p027_loss_large.png,cuda,False,Italian Landscape with the Ponte Lucano over the Aniene River,Jan Both,,architecture_structured,,,Rijksmuseum,https://www.rijksmuseum.nl/en/collection/object/Italian-Landscape-with-the-Ponte-Lucano-over-the-Aniene-River--18a22d96a256250a8d2a00d7e5f38d05,Public domain,p027.jpg,30886.51171875,938.7614135742188,29947.75030517578,168.63653564453125,20.469940185546875,148.16659545898438,3.233114984338181,18.405251306190213,15.172136321852031,,,,51962,0.7793211936950684,0.2639458775520324,0.5153753161430359,95481,0.6391332745552063,0.9610693454742432,0.3219360709190368,0.6121512651443481,0.9420570135116576,0.3299057483673095,0.3259209096431732,95481,0.3219360709190368,0.3299057483673095,0.3259209096431732,,D:\Masters\FH\Thesis\painting-restoration-eval\data\processed\clean\p027_clean.png,D:\Masters\FH\Thesis\painting-restoration-eval\data\processed\masked\p027_loss_large_damaged.png,D:\Masters\FH\Thesis\painting-restoration-eval\data\processed\restored\lama\canonical\canonical__p027_loss_large_restored_lama.png,D:\Masters\FH\Thesis\painting-restoration-eval\data\processed\masks\p027_loss_large_mask.png,2.0.0,masked_region,mask_bbox_crop,mask_bbox_crop,True,True,True,True,True,,,,False,,Representative high-scoring category example,mean_similarity_improvement,True,4.5154929577464795
lama__canonical__canonical__p006_scratch_thin,lama,lama,,iopaint_lama,iopaint_lama,model_inference,restoration_eval.restoration_lama,2.0.0,cuda,iopaint,Windows-11-10.0.26200-SP0,"Intel64 Family 6 Model 165 Stepping 2, GenuineIntel",AMD64,3.12.6,2.5.1+cu121,True,1,NVIDIA GeForce RTX 3060 Laptop GPU,12.1,0,1,0,iopaint run --model lama --device cuda --image D:\Masters\FH\Thesis\painting-restoration-eval\outputs\tmp\lama_batch_full\input --mask D:\Masters\FH\Thesis\painting-restoration-eval\outputs\tmp\lama_batch_full\mask --output D:\Masters\FH\Thesis\painting-restoration-eval\outputs\tmp\lama_batch_full\output,outputs/tmp/lama_batch_full/logs/iopaint_batch_command.txt,outputs/tmp/lama_batch_full/logs/iopaint_batch_stdout.txt,outputs/tmp/lama_batch_full/logs/iopaint_batch_stderr.txt,canonical,canonical__p006_scratch_thin,p006_scratch_thin,canonical__p006_scratch_thin,p006,primary,binary_missing_content,127,12613,data\processed\clean\p006_clean.png,data\processed\masked\p006_scratch_thin_damaged.png,data\processed\masks\p006_scratch_thin_mask.png,canonical__p006_scratch_thin_restored_lama.png,data/processed/restored/lama/canonical/canonical__p006_scratch_thin_restored_lama.png,b53ec0f5ddd75864a9d1603ebbaf1a0b11f36b440f093b7e5617ba10224b25d2,768,768,RGB,1.4609382327775366,525.9377637999132,2026-07-27T22:48:36.045403+00:00,2026-07-27T22:57:21.970156+00:00,True,ok,,data/processed/metadata/metadata_damaged_images.csv,p006_scratch_thin,scratch_thin,canonical_damage_generator,2.0.0,2026-07-24T18:47:20.616478+00:00,generated,p006_clean.png,p006_scratch_thin_mask.png,p006_scratch_thin_damaged.png,white_fill,255.0,255.0,255.0,12613.0,2.851246,2.138435,768,768,RGB,PNG,461644.0,fabead74b973d925a3692b0c10f8c1ddb90e140172f620c0201cdbdcc1759112,dcb2e7d06dc38896a69365ae0933bf7f25ab4d2705c0603403b1d482b6d8b2e4,a347d1f4684223943a89217ffcc2a324240748453c02ae411df0c7d1df1d1487,1.1.0,painting_restoration_50_subset,1.0.0,04_damage_creation,,,,,,,,,,,,,,,,,,,,,,,,,,,,,,,,,,,,,,,,,,,,,,,,,,,,,,,,,,,,,,,,,,,,,,,,,,,,,,,,,,,,,,,,,,,,,,,,,,,,,,,,,,,,,,,,,,,,,,,,,,,,,,,,,12613,outputs/tmp/lama_batch_full/input/canonical__p006_scratch_thin.png,outputs/tmp/lama_batch_full/mask/canonical__p006_scratch_thin.png,outputs/tmp/lama_batch_full/output/canonical__p006_scratch_thin.png,cuda,False,Boy with a Sword,Édouard Manet,1861,portrait_figure,Realism / early modern French painting,Oil on canvas,The Metropolitan Museum of Art,https://www.metmuseum.org/art/collection/search/436948,Public Domain / Open Access,p006.jpg,53555.17578125,35.96355438232422,53519.21222686768,230.69097900390625,3.164433479309082,227.5265455245972,0.8427891175766073,32.57217753102998,31.72938841345337,,,,12613,0.4166843295097351,0.0010230503976345,0.4156612791121006,589824,0.7604175806045532,0.9996512532234192,0.2392336726188659,0.7881960868835449,0.9990572929382324,0.2108612060546875,0.2250474393367767,589824,0.2392336726188659,0.2108612060546875,0.2250474393367767,,D:\Masters\FH\Thesis\painting-restoration-eval\data\processed\clean\p006_clean.png,D:\Masters\FH\Thesis\painting-restoration-eval\data\processed\masked\p006_scratch_thin_damaged.png,D:\Masters\FH\Thesis\painting-restoration-eval\data\processed\restored\lama\canonical\canonical__p006_scratch_thin_restored_lama.png,D:\Masters\FH\Thesis\painting-restoration-eval\data\processed\masks\p006_scratch_thin_mask.png,2.0.0,masked_region,mask_bbox_crop,mask_bbox_crop,True,True,True,True,True,,,,False,,Strongest local MSE improvement,mse_improvement,True,4.439436619718309
lama__canonical__canonical__p013_mixed_damage,lama,lama,,iopaint_lama,iopaint_lama,model_inference,restoration_eval.restoration_lama,2.0.0,cuda,iopaint,Windows-11-10.0.26200-SP0,"Intel64 Family 6 Model 165 Stepping 2, GenuineIntel",AMD64,3.12.6,2.5.1+cu121,True,1,NVIDIA GeForce RTX 3060 Laptop GPU,12.1,0,1,0,iopaint run --model lama --device cuda --image D:\Masters\FH\Thesis\painting-restoration-eval\outputs\tmp\lama_batch_full\input --mask D:\Masters\FH\Thesis\painting-restoration-eval\outputs\tmp\lama_batch_full\mask --output D:\Masters\FH\Thesis\painting-restoration-eval\outputs\tmp\lama_batch_full\output,outputs/tmp/lama_batch_full/logs/iopaint_batch_command.txt,outputs/tmp/lama_batch_full/logs/iopaint_batch_stdout.txt,outputs/tmp/lama_batch_full/logs/iopaint_batch_stderr.txt,canonical,canonical__p013_mixed_damage,p013_mixed_damage,canonical__p013_mixed_damage,p013,primary,binary_missing_content,127,35229,data\processed\clean\p013_clean.png,data\processed\masked\p013_mixed_damage_damaged.png,data\processed\masks\p013_mixed_damage_mask.png,canonical__p013_mixed_damage_restored_lama.png,data/processed/restored/lama/canonical/canonical__p013_mixed_damage_restored_lama.png,db2584bff65df67bf12585f692a2174356979461a27c2d6b01d4a066169f28b1,768,768,RGB,1.4609382327775366,525.9377637999132,2026-07-27T22:48:36.045403+00:00,2026-07-27T22:57:21.970156+00:00,True,ok,,data/processed/metadata/metadata_damaged_images.csv,p013_mixed_damage,mixed_damage,canonical_damage_generator,2.0.0,2026-07-24T18:47:20.616478+00:00,generated,p013_clean.png,p013_mixed_damage_mask.png,p013_mixed_damage_damaged.png,white_fill,255.0,255.0,255.0,35229.0,8.590092,5.972799,768,768,RGB,PNG,665884.0,ab2e5caeaa57270afc7b61f8e4c2e2387942afab0da003318f9ddf3a3f3d50e6,a1db591487c0e2bc95df21a34796af3384ce148a202594a2426aeef3012fe046,2770623af5942cf1030cd3ea860b8ae372927c8cef4833bf1fec2077ffc9857a,1.1.0,painting_restoration_50_subset,1.0.0,04_damage_creation,,,,,,,,,,,,,,,,,,,,,,,,,,,,,,,,,,,,,,,,,,,,,,,,,,,,,,,,,,,,,,,,,,,,,,,,,,,,,,,,,,,,,,,,,,,,,,,,,,,,,,,,,,,,,,,,,,,,,,,,,,,,,,,,,35229,outputs/tmp/lama_batch_full/input/canonical__p013_mixed_damage.png,outputs/tmp/lama_batch_full/mask/canonical__p013_mixed_damage.png,outputs/tmp/lama_batch_full/output/canonical__p013_mixed_damage.png,cuda,False,Landscape with a Village in the Distance,Jacob van Ruisdael,,landscape_natural,,,The Metropolitan Museum of Art,https://www.metmuseum.org/art/collection/search/437545,Public Domain / Open Access,p013.jpg,39053.0546875,483.5826416015625,38569.47204589844,192.0865936279297,13.701373100280762,178.38522052764893,2.214253512835308,21.286096575790022,19.071843062954716,,,,35229,0.3869192600250244,0.0166430361568927,0.3702762238681316,589824,0.8310893177986145,0.9987523555755616,0.167663037776947,0.416358470916748,0.993855893611908,0.5774974226951599,0.3725802302360534,589824,0.167663037776947,0.5774974226951599,0.3725802302360534,,D:\Masters\FH\Thesis\painting-restoration-eval\data\processed\clean\p013_clean.png,D:\Masters\FH\Thesis\painting-restoration-eval\data\processed\masked\p013_mixed_damage_damaged.png,D:\Masters\FH\Thesis\painting-restoration-eval\data\processed\restored\lama\canonical\canonical__p013_mixed_damage_restored_lama.png,D:\Masters\FH\Thesis\painting-restoration-eval\data\processed\masks\p013_mixed_damage_mask.png,2.0.0,masked_region,mask_bbox_crop,mask_bbox_crop,True,True,True,True,True,,,,False,,Representative high-scoring category example; Strongest local feature-similarity improvement,mean_similarity_improvement,True,4.309859154929578
lama__canonical__canonical__p044_mixed_damage,lama,lama,,iopaint_lama,iopaint_lama,model_inference,restoration_eval.restoration_lama,2.0.0,cuda,iopaint,Windows-11-10.0.26200-SP0,"Intel64 Family 6 Model 165 Stepping 2, GenuineIntel",AMD64,3.12.6,2.5.1+cu121,True,1,NVIDIA GeForce RTX 3060 Laptop GPU,12.1,0,1,0,iopaint run --model lama --device cuda --image D:\Masters\FH\Thesis\painting-restoration-eval\outputs\tmp\lama_batch_full\input --mask D:\Masters\FH\Thesis\painting-restoration-eval\outputs\tmp\lama_batch_full\mask --output D:\Masters\FH\Thesis\painting-restoration-eval\outputs\tmp\lama_batch_full\output,outputs/tmp/lama_batch_full/logs/iopaint_batch_command.txt,outputs/tmp/lama_batch_full/logs/iopaint_batch_stdout.txt,outputs/tmp/lama_batch_full/logs/iopaint_batch_stderr.txt,canonical,canonical__p044_mixed_damage,p044_mixed_damage,canonical__p044_mixed_damage,p044,primary,binary_missing_content,127,42711,data\processed\clean\p044_clean.png,data\processed\masked\p044_mixed_damage_damaged.png,data\processed\masks\p044_mixed_damage_mask.png,canonical__p044_mixed_damage_restored_lama.png,data/processed/restored/lama/canonical/canonical__p044_mixed_damage_restored_lama.png,d7481b4408dae787c0fdd414cd26da60e54dc1feccdb277303eb5f7403855346,768,768,RGB,1.4609382327775366,525.9377637999132,2026-07-27T22:48:36.045403+00:00,2026-07-27T22:57:21.970156+00:00,True,ok,,data/processed/metadata/metadata_damaged_images.csv,p044_mixed_damage,mixed_damage,canonical_damage_generator,2.0.0,2026-07-24T18:47:20.616478+00:00,generated,p044_clean.png,p044_mixed_damage_mask.png,p044_mixed_damage_damaged.png,white_fill,255.0,255.0,255.0,42711.0,8.676019,7.241313,768,768,RGB,PNG,712982.0,ed7ed9f39aa6e8cb7b1e7f0637d18eb2cb412309cafdc7b0f166db32ea8bc9ce,c79933020bdea7bf4b1761a4682b30093b15594ec13dfad5b1a9b2cfb98820df,4166e8aac51c16c61f2dae2ee931004a2ee3969edea9bc42a80eec60922a8efd,1.1.0,painting_restoration_50_subset,1.0.0,04_damage_creation,,,,,,,,,,,,,,,,,,,,,,,,,,,,,,,,,,,,,,,,,,,,,,,,,,,,,,,,,,,,,,,,,,,,,,,,,,,,,,,,,,,,,,,,,,,,,,,,,,,,,,,,,,,,,,,,,,,,,,,,,,,,,,,,,42711,outputs/tmp/lama_batch_full/input/canonical__p044_mixed_damage.png,outputs/tmp/lama_batch_full/mask/canonical__p044_mixed_damage.png,outputs/tmp/lama_batch_full/output/canonical__p044_mixed_damage.png,cuda,False,Versailles,Auguste Renoir,1900-1905,high_texture_brushwork,Impressionism,Oil on canvas,The Metropolitan Museum of Art,https://www.metmuseum.org/art/collection/search/459113,Public Domain / Open Access,p044.jpg,29112.125,413.6116333007813,28698.51336669922,165.2247314453125,12.920004844665527,152.30472660064697,3.4900645353658177,21.9648761558066,18.47481162044078,,,,42711,0.3754864931106567,0.0220463015139102,0.3534401915967464,589824,0.7945359349250793,0.996598482131958,0.2020625472068786,0.394756555557251,0.9753575921058656,0.5806010365486145,0.3913317918777466,589824,0.2020625472068786,0.5806010365486145,0.3913317918777466,,D:\Masters\FH\Thesis\painting-restoration-eval\data\processed\clean\p044_clean.png,D:\Masters\FH\Thesis\painting-restoration-eval\data\processed\masked\p044_mixed_damage_damaged.png,D:\Masters\FH\Thesis\painting-restoration-eval\data\processed\restored\lama\canonical\canonical__p044_mixed_damage_restored_lama.png,D:\Masters\FH\Thesis\painting-restoration-eval\data\processed\masks\p044_mixed_damage_mask.png,2.0.0,masked_region,mask_bbox_crop,mask_bbox_crop,True,True,True,True,True,,,,False,,Strongest local feature-similarity improvement,mean_similarity_improvement,True,4.143661971830985
lama__canonical__canonical__p011_loss_large,lama,lama,,iopaint_lama,iopaint_lama,model_inference,restoration_eval.restoration_lama,2.0.0,cuda,iopaint,Windows-11-10.0.26200-SP0,"Intel64 Family 6 Model 165 Stepping 2, GenuineIntel",AMD64,3.12.6,2.5.1+cu121,True,1,NVIDIA GeForce RTX 3060 Laptop GPU,12.1,0,1,0,iopaint run --model lama --device cuda --image D:\Masters\FH\Thesis\painting-restoration-eval\outputs\tmp\lama_batch_full\input --mask D:\Masters\FH\Thesis\painting-restoration-eval\outputs\tmp\lama_batch_full\mask --output D:\Masters\FH\Thesis\painting-restoration-eval\outputs\tmp\lama_batch_full\output,outputs/tmp/lama_batch_full/logs/iopaint_batch_command.txt,outputs/tmp/lama_batch_full/logs/iopaint_batch_stdout.txt,outputs/tmp/lama_batch_full/logs/iopaint_batch_stderr.txt,canonical,canonical__p011_loss_large,p011_loss_large,canonical__p011_loss_large,p011,primary,binary_missing_content,127,42824,data\processed\clean\p011_clean.png,data\processed\masked\p011_loss_large_damaged.png,data\processed\masks\p011_loss_large_mask.png,canonical__p011_loss_large_restored_lama.png,data/processed/restored/lama/canonical/canonical__p011_loss_large_restored_lama.png,9fa56c4b9a590d164ac443c0051f62e59951927e94b77a63dfd43928c768f596,768,768,RGB,1.4609382327775366,525.9377637999132,2026-07-27T22:48:36.045403+00:00,2026-07-27T22:57:21.970156+00:00,True,ok,,data/processed/metadata/metadata_damaged_images.csv,p011_loss_large,loss_large,canonical_damage_generator,2.0.0,2026-07-24T18:47:20.616478+00:00,generated,p011_clean.png,p011_loss_large_mask.png,p011_loss_large_damaged.png,white_fill,255.0,255.0,255.0,42824.0,10.560685,7.260471,768,768,RGB,PNG,554187.0,0ffabfe2fd662e4196288479ccfe36357db824d9a54e571be1b815a285d3851e,1481e67b96b5e55cdb134231cf342cd9742756b426376d0392e199d597456865,7a7a0209cd91bdd28476181a4a353eb30e83a4df50115f3b3dacc3e5461ff291,1.1.0,painting_restoration_50_subset,1.0.0,04_damage_creation,,,,,,,,,,,,,,,,,,,,,,,,,,,,,,,,,,,,,,,,,,,,,,,,,,,,,,,,,,,,,,,,,,,,,,,,,,,,,,,,,,,,,,,,,,,,,,,,,,,,,,,,,,,,,,,,,,,,,,,,,,,,,,,,,42824,outputs/tmp/lama_batch_full/input/canonical__p011_loss_large.png,outputs/tmp/lama_batch_full/mask/canonical__p011_loss_large.png,outputs/tmp/lama_batch_full/output/canonical__p011_loss_large.png,cuda,False,View of Haarlem and the Haarlemmer Meer,Jan van Goyen,,landscape_natural,,,The Metropolitan Museum of Art,https://www.metmuseum.org/art/collection/search/436558,Public Domain / Open Access,p011.jpg,18322.048828125,98.8649673461914,18223.18386077881,134.07322692871094,7.437620639801025,126.63560628890993,5.501063246694083,28.18037933613833,22.67931608944425,,,,42824,0.6887830495834351,0.1279796063899994,0.5608034431934357,92416,0.7336057424545288,0.986639678478241,0.2530339360237121,0.6689509749412537,0.977838695049286,0.3088877201080322,0.2809608280658722,92416,0.2530339360237121,0.3088877201080322,0.2809608280658722,,D:\Masters\FH\Thesis\painting-restoration-eval\data\processed\clean\p011_clean.png,D:\Masters\FH\Thesis\painting-restoration-eval\data\processed\masked\p011_loss_large_damaged.png,D:\Masters\FH\Thesis\painting-restoration-eval\data\processed\restored\lama\canonical\canonical__p011_loss_large_restored_lama.png,D:\Masters\FH\Thesis\painting-restoration-eval\data\processed\masks\p011_loss_large_mask.png,2.0.0,masked_region,mask_bbox_crop,mask_bbox_crop,True,True,True,True,True,,,,False,,Strongest local LPIPS improvement,lpips_improvement,True,4.087323943661972
lama__canonical__canonical__p014_mixed_damage,lama,lama,,iopaint_lama,iopaint_lama,model_inference,restoration_eval.restoration_lama,2.0.0,cuda,iopaint,Windows-11-10.0.26200-SP0,"Intel64 Family 6 Model 165 Stepping 2, GenuineIntel",AMD64,3.12.6,2.5.1+cu121,True,1,NVIDIA GeForce RTX 3060 Laptop GPU,12.1,0,1,0,iopaint run --model lama --device cuda --image D:\Masters\FH\Thesis\painting-restoration-eval\outputs\tmp\lama_batch_full\input --mask D:\Masters\FH\Thesis\painting-restoration-eval\outputs\tmp\lama_batch_full\mask --output D:\Masters\FH\Thesis\painting-restoration-eval\outputs\tmp\lama_batch_full\output,outputs/tmp/lama_batch_full/logs/iopaint_batch_command.txt,outputs/tmp/lama_batch_full/logs/iopaint_batch_stdout.txt,outputs/tmp/lama_batch_full/logs/iopaint_batch_stderr.txt,canonical,canonical__p014_mixed_damage,p014_mixed_damage,canonical__p014_mixed_damage,p014,primary,binary_missing_content,127,41872,data\processed\clean\p014_clean.png,data\processed\masked\p014_mixed_damage_damaged.png,data\processed\masks\p014_mixed_damage_mask.png,canonical__p014_mixed_damage_restored_lama.png,data/processed/restored/lama/canonical/canonical__p014_mixed_damage_restored_lama.png,f4d30867f067876315a6c3e7b01000cc2891ef117517c3ccfb27997e9b143f6f,768,768,RGB,1.4609382327775366,525.9377637999132,2026-07-27T22:48:36.045403+00:00,2026-07-27T22:57:21.970156+00:00,True,ok,,data/processed/metadata/metadata_damaged_images.csv,p014_mixed_damage,mixed_damage,canonical_damage_generator,2.0.0,2026-07-24T18:47:20.616478+00:00,generated,p014_clean.png,p014_mixed_damage_mask.png,p014_mixed_damage_damaged.png,white_fill,255.0,255.0,255.0,41872.0,12.533525,7.099067,768,768,RGB,PNG,452179.0,9afe2858c9da3b0d02763ab3bcc308ea9bd4a570b82cd6bcf23f7d52d102cbb4,fdafaf820aeedcdc7a95690db355cc9a9eb5bd005d8cbcfdaf78eb4eed0a7004,e624c68d2606b2bdadf6c52b09e7e9cbc3281d344c7c6d18f60987ef98761ac6,1.1.0,painting_restoration_50_subset,1.0.0,04_damage_creation,,,,,,,,,,,,,,,,,,,,,,,,,,,,,,,,,,,,,,,,,,,,,,,,,,,,,,,,,,,,,,,,,,,,,,,,,,,,,,,,,,,,,,,,,,,,,,,,,,,,,,,,,,,,,,,,,,,,,,,,,,,,,,,,,41872,outputs/tmp/lama_batch_full/input/canonical__p014_mixed_damage.png,outputs/tmp/lama_batch_full/mask/canonical__p014_mixed_damage.png,outputs/tmp/lama_batch_full/output/canonical__p014_mixed_damage.png,cuda,False,Landscape on a River,Charles-François Daubigny,,landscape_natural,,,The Metropolitan Museum of Art,https://www.metmuseum.org/art/collection/search/436081,Public Domain / Open Access,p014.jpg,29566.701171875,299.5450439453125,29267.156127929688,162.95089721679688,10.00363826751709,152.9472589492798,3.422774889211396,23.36618222403081,19.94340733481941,,,,41872,0.3342538475990295,0.0220694821327924,0.312184365466237,589824,0.7950265407562256,0.992817759513855,0.1977912187576294,0.4606019854545593,0.9743915796279908,0.5137895941734314,0.3557904064655304,589824,0.1977912187576294,0.5137895941734314,0.3557904064655304,,D:\Masters\FH\Thesis\painting-restoration-eval\data\processed\clean\p014_clean.png,D:\Masters\FH\Thesis\painting-restoration-eval\data\processed\masked\p014_mixed_damage_damaged.png,D:\Masters\FH\Thesis\painting-restoration-eval\data\processed\restored\lama\canonical\canonical__p014_mixed_damage_restored_lama.png,D:\Masters\FH\Thesis\painting-restoration-eval\data\processed\masks\p014_mixed_damage_mask.png,2.0.0,masked_region,mask_bbox_crop,mask_bbox_crop,True,True,True,True,True,,,,False,,Strongest local feature-similarity improvement,mean_similarity_improvement,True,4.033802816901408
lama__canonical__canonical__p001_scratch_thin,lama,lama,,iopaint_lama,iopaint_lama,model_inference,restoration_eval.restoration_lama,2.0.0,cuda,iopaint,Windows-11-10.0.26200-SP0,"Intel64 Family 6 Model 165 Stepping 2, GenuineIntel",AMD64,3.12.6,2.5.1+cu121,True,1,NVIDIA GeForce RTX 3060 Laptop GPU,12.1,0,1,0,iopaint run --model lama --device cuda --image D:\Masters\FH\Thesis\painting-restoration-eval\outputs\tmp\lama_batch_full\input --mask D:\Masters\FH\Thesis\painting-restoration-eval\outputs\tmp\lama_batch_full\mask --output D:\Masters\FH\Thesis\painting-restoration-eval\outputs\tmp\lama_batch_full\output,outputs/tmp/lama_batch_full/logs/iopaint_batch_command.txt,outputs/tmp/lama_batch_full/logs/iopaint_batch_stdout.txt,outputs/tmp/lama_batch_full/logs/iopaint_batch_stderr.txt,canonical,canonical__p001_scratch_thin,p001_scratch_thin,canonical__p001_scratch_thin,p001,primary,binary_missing_content,127,12058,data\processed\clean\p001_clean.png,data\processed\masked\p001_scratch_thin_damaged.png,data\processed\masks\p001_scratch_thin_mask.png,canonical__p001_scratch_thin_restored_lama.png,data/processed/restored/lama/canonical/canonical__p001_scratch_thin_restored_lama.png,90bfb62f8b26e0ec2fbc34c7d7073dbf9ddd8e22d0514684896928ad70de9aa6,768,768,RGB,1.4609382327775366,525.9377637999132,2026-07-27T22:48:36.045403+00:00,2026-07-27T22:57:21.970156+00:00,True,ok,,data/processed/metadata/metadata_damaged_images.csv,p001_scratch_thin,scratch_thin,canonical_damage_generator,2.0.0,2026-07-24T18:47:20.616478+00:00,generated,p001_clean.png,p001_scratch_thin_mask.png,p001_scratch_thin_damaged.png,white_fill,255.0,255.0,255.0,12058.0,2.368103,2.044339,768,768,RGB,PNG,728164.0,b5852f0337c8342a1a70268f9e9f682534177581d238713f67bf28e0033482a2,14dc08421a7e8d5a5f8f96825a2161b6295cd41a98e48a0d71e7c474511e1f4e,7d2e0affa9d97493f34263767ed46cce8d5df73a74caa2812d907c6e3bfe56cb,1.1.0,painting_restoration_50_subset,1.0.0,04_damage_creation,,,,,,,,,,,,,,,,,,,,,,,,,,,,,,,,,,,,,,,,,,,,,,,,,,,,,,,,,,,,,,,,,,,,,,,,,,,,,,,,,,,,,,,,,,,,,,,,,,,,,,,,,,,,,,,,,,,,,,,,,,,,,,,,,12058,outputs/tmp/lama_batch_full/input/canonical__p001_scratch_thin.png,outputs/tmp/lama_batch_full/mask/canonical__p001_scratch_thin.png,outputs/tmp/lama_batch_full/output/canonical__p001_scratch_thin.png,cuda,False,Juan de Pareja,Diego Velázquez,1650,portrait_figure,Baroque,Oil on canvas,The Metropolitan Museum of Art,https://www.metmuseum.org/art/collection/search/437869,Public Domain / Open Access,p001.jpg,49801.60546875,79.70592498779297,49721.89954376221,221.43716430664065,4.7822747230529785,216.65488958358765,1.15837017405779,29.115897547307483,27.957527373249693,,,,12058,0.5241221189498901,0.0016946960240602,0.5224274229258299,589824,0.7972686290740967,0.9994229674339294,0.2021543383598327,0.8988736867904663,0.9995550513267516,0.1006813645362854,0.151417851448059,589824,0.2021543383598327,0.1006813645362854,0.151417851448059,,D:\Masters\FH\Thesis\painting-restoration-eval\data\processed\clean\p001_clean.png,D:\Masters\FH\Thesis\painting-restoration-eval\data\processed\masked\p001_scratch_thin_damaged.png,D:\Masters\FH\Thesis\painting-restoration-eval\data\processed\restored\lama\canonical\canonical__p001_scratch_thin_restored_lama.png,D:\Masters\FH\Thesis\painting-restoration-eval\data\processed\masks\p001_scratch_thin_mask.png,2.0.0,masked_region,mask_bbox_crop,mask_bbox_crop,True,True,True,True,True,,,,False,,Slowest restoration runtime,runtime_seconds,True,3.9605633802816897
lama__damage_size__damage_size__p018__loss_large__size_02pct,lama,lama,,iopaint_lama,iopaint_lama,model_inference,restoration_eval.restoration_lama,2.0.0,cuda,iopaint,Windows-11-10.0.26200-SP0,"Intel64 Family 6 Model 165 Stepping 2, GenuineIntel",AMD64,3.12.6,2.5.1+cu121,True,1,NVIDIA GeForce RTX 3060 Laptop GPU,12.1,0,1,0,iopaint run --model lama --device cuda --image D:\Masters\FH\Thesis\painting-restoration-eval\outputs\tmp\lama_batch_full\input --mask D:\Masters\FH\Thesis\painting-restoration-eval\outputs\tmp\lama_batch_full\mask --output D:\Masters\FH\Thesis\painting-restoration-eval\outputs\tmp\lama_batch_full\output,outputs/tmp/lama_batch_full/logs/iopaint_batch_command.txt,outputs/tmp/lama_batch_full/logs/iopaint_batch_stdout.txt,outputs/tmp/lama_batch_full/logs/iopaint_batch_stderr.txt,damage_size,damage_size__p018__loss_large__size_02pct,p018__loss_large__size_02pct,damage_size__p018__loss_large__size_02pct,p018,primary,binary_missing_content,127,7777,data/processed/clean/p018_clean.png,data/processed/damaged/damage_size_sensitivity/p018__loss_large__size_02pct_damaged.png,data/processed/masks/damage_size_sensitivity/p018__loss_large__size_02pct_mask.png,damage_size__p018__loss_large__size_02pct_restored_lama.png,data/processed/restored/lama/damage_size/damage_size__p018__loss_large__size_02pct_restored_lama.png,8c07b9ce249ceac0399bdae8990bb574c1f0afbea5ab688116d554a403997e04,768,768,RGB,1.4609382327775366,525.9377637999132,2026-07-27T22:48:36.045403+00:00,2026-07-27T22:57:21.970156+00:00,True,ok,,data/processed/metadata/metadata_damage_size_sensitivity.csv,,,damage_size_sensitivity,1.1.0,2026-07-24T20:32:24.245040+00:00,generated,,,p018__loss_large__size_02pct_damaged.png,constant_rgb,255.0,255.0,255.0,,,,768,768,,,525532.0,3e223322b3ca2c6f52ebe54a266991be897dd8d6c670ad52393f3262e15574ac,,f80038e7f81c1bd32fca3c6aa4bc3a2c0bc629924c2d4384fcd1f36cfa8e7e35,1.1.0,painting_restoration_50_subset,1.0.0,05_damage_size_sensitivity,p018_loss_large,loss_large,p018__loss_large__size_02pct__mask,2.0,7788.0,7777.0,1.997298241288626,1.3185289171006944,-0.002701758711374,0.002701758711374,11.0,0.429352512674778,42285.0,10.85968318540434,7.169087727864583,389376.0,0.0,130.0,768.0,637.0,115339684.0,20260505.0,data/processed/masks/p018_loss_large_mask.png,p018__loss_large__size_02pct_mask.png,data/processed/masks/damage_size_sensitivity/p018__loss_large__size_02pct_mask.png,92d98bfddf10642e2801429a64d7dd7660a89c5c00aa08b3b197e881486711a0,70ffcf2c2b4712331aba7f9df3a3751f66ac0787a22c23081037d355f6a4163b,1432.0,2026-07-24T20:32:19.955682+00:00,2026-07-24T20:32:36.343652+00:00,,,,,,,,,,,,,,,,,,,,,,,,,,,,,,,,,,,,,,,,,,,,,,,,,,,,,,,,,,,,,,,,,,,,,,,,,,,,,,,,,,,,,,,,,,,,,,,,,,,7777,outputs/tmp/lama_batch_full/input/damage_size__p018__loss_large__size_02pct.png,outputs/tmp/lama_batch_full/mask/damage_size__p018__loss_large__size_02pct.png,outputs/tmp/lama_batch_full/output/damage_size__p018__loss_large__size_02pct.png,cuda,False,Classical Landscape with Figures,Henri Mauperché,,landscape_natural,,,The Metropolitan Museum of Art,https://www.metmuseum.org/art/collection/search/437039,Public Domain / Open Access,p018.jpg,23013.59375,3085.528076171875,19928.065673828125,145.49179077148438,41.65007781982422,103.84171295166016,4.510959184736366,13.237508583200515,8.726549398464151,,,,7777,0.6135222911834717,0.2670332789421081,0.3464890122413635,18225,0.6962935328483582,0.9865505695343018,0.2902570366859436,0.6730782985687256,0.9522138833999634,0.2791355848312378,0.2846963107585907,18225,0.2902570366859436,0.2791355848312378,0.2846963107585907,,D:\Masters\FH\Thesis\painting-restoration-eval\data\processed\clean\p018_clean.png,D:\Masters\FH\Thesis\painting-restoration-eval\data\processed\damaged\damage_size_sensitivity\p018__loss_large__size_02pct_damaged.png,D:\Masters\FH\Thesis\painting-restoration-eval\data\processed\restored\lama\damage_size\damage_size__p018__loss_large__size_02pct_restored_lama.png,D:\Masters\FH\Thesis\painting-restoration-eval\data\processed\masks\damage_size_sensitivity\p018__loss_large__size_02pct_mask.png,2.0.0,masked_region,mask_bbox_crop,mask_bbox_crop,True,True,True,True,True,,worst_psnr_improvement,0.549,False,,Representative high-scoring dataset example | Diagnostic panel: worst_psnr_improvement,mean_similarity_improvement,True,3.898591549295775
lama__damage_size__damage_size__p001__loss_large__size_02pct,lama,lama,,iopaint_lama,iopaint_lama,model_inference,restoration_eval.restoration_lama,2.0.0,cuda,iopaint,Windows-11-10.0.26200-SP0,"Intel64 Family 6 Model 165 Stepping 2, GenuineIntel",AMD64,3.12.6,2.5.1+cu121,True,1,NVIDIA GeForce RTX 3060 Laptop GPU,12.1,0,1,0,iopaint run --model lama --device cuda --image D:\Masters\FH\Thesis\painting-restoration-eval\outputs\tmp\lama_batch_full\input --mask D:\Masters\FH\Thesis\painting-restoration-eval\outputs\tmp\lama_batch_full\mask --output D:\Masters\FH\Thesis\painting-restoration-eval\outputs\tmp\lama_batch_full\output,outputs/tmp/lama_batch_full/logs/iopaint_batch_command.txt,outputs/tmp/lama_batch_full/logs/iopaint_batch_stdout.txt,outputs/tmp/lama_batch_full/logs/iopaint_batch_stderr.txt,damage_size,damage_size__p001__loss_large__size_02pct,p001__loss_large__size_02pct,damage_size__p001__loss_large__size_02pct,p001,primary,binary_missing_content,127,10169,data/processed/clean/p001_clean.png,data/processed/damaged/damage_size_sensitivity/p001__loss_large__size_02pct_damaged.png,data/processed/masks/damage_size_sensitivity/p001__loss_large__size_02pct_mask.png,damage_size__p001__loss_large__size_02pct_restored_lama.png,data/processed/restored/lama/damage_size/damage_size__p001__loss_large__size_02pct_restored_lama.png,ce2891b6996cd9e2f27368d9238a1bb0ee6b36342e8ee353ab24736db7177c42,768,768,RGB,1.4609382327775366,525.9377637999132,2026-07-27T22:48:36.045403+00:00,2026-07-27T22:57:21.970156+00:00,True,ok,,data/processed/metadata/metadata_damage_size_sensitivity.csv,,,damage_size_sensitivity,1.1.0,2026-07-24T20:32:20.042116+00:00,generated,,,p001__loss_large__size_02pct_damaged.png,constant_rgb,255.0,255.0,255.0,,,,768,768,,,710313.0,b5852f0337c8342a1a70268f9e9f682534177581d238713f67bf28e0033482a2,,81ed188b91023ee75526315e2a2a87a71beefa282ae8e0a146f0fec8992ce45f,1.1.0,painting_restoration_50_subset,1.0.0,05_damage_size_sensitivity,p001_loss_large,loss_large,p001__loss_large__size_02pct__mask,2.0,10184.0,10169.0,1.9971169557566617,1.7240736219618056,-0.0028830442433382,0.0028830442433382,15.0,0.3840477499446311,69018.0,13.554628582202112,11.701456705729166,509184.0,52.0,0.0,715.0,768.0,1367668169.0,20260505.0,data/processed/masks/p001_loss_large_mask.png,p001__loss_large__size_02pct_mask.png,data/processed/masks/damage_size_sensitivity/p001__loss_large__size_02pct_mask.png,0c3aa0f9d930a7b8405439b8ec04e899f72bbe219472b0fa155dfa00afb20aad,e3e0d93c3a2eb8c155d69f96eaf3ca0a39371ecb9cc661ed078e60bc6e8ba61e,1400.0,2026-07-24T20:32:19.955682+00:00,2026-07-24T20:32:36.343652+00:00,,,,,,,,,,,,,,,,,,,,,,,,,,,,,,,,,,,,,,,,,,,,,,,,,,,,,,,,,,,,,,,,,,,,,,,,,,,,,,,,,,,,,,,,,,,,,,,,,,,10169,outputs/tmp/lama_batch_full/input/damage_size__p001__loss_large__size_02pct.png,outputs/tmp/lama_batch_full/mask/damage_size__p001__loss_large__size_02pct.png,outputs/tmp/lama_batch_full/output/damage_size__p001__loss_large__size_02pct.png,cuda,False,Juan de Pareja,Diego Velázquez,1650,portrait_figure,Baroque,Oil on canvas,The Metropolitan Museum of Art,https://www.metmuseum.org/art/collection/search/437869,Public Domain / Open Access,p001.jpg,45624.0,195.10108947753903,45428.89891052246,211.4823455810547,7.576129913330078,203.9062156677246,1.538870022908612,25.228206662926528,23.68933664001792,,,,10169,0.6093716621398926,0.075607806444168,0.5337638556957245,32761,0.8211064338684082,0.9607785940170288,0.1396721601486206,0.8090429306030273,0.9732333421707152,0.164190411567688,0.1519312858581543,32761,0.1396721601486206,0.164190411567688,0.1519312858581543,,D:\Masters\FH\Thesis\painting-restoration-eval\data\processed\clean\p001_clean.png,D:\Masters\FH\Thesis\painting-restoration-eval\data\processed\damaged\damage_size_sensitivity\p001__loss_large__size_02pct_damaged.png,D:\Masters\FH\Thesis\painting-restoration-eval\data\processed\restored\lama\damage_size\damage_size__p001__loss_large__size_02pct_restored_lama.png,D:\Masters\FH\Thesis\painting-restoration-eval\data\processed\masks\damage_size_sensitivity\p001__loss_large__size_02pct_mask.png,2.0.0,masked_region,mask_bbox_crop,mask_bbox_crop,True,True,True,True,True,,,,False,,Strongest local LPIPS improvement,lpips_improvement,True,3.895774647887324
lama__canonical__canonical__p001_loss_large,lama,lama,,iopaint_lama,iopaint_lama,model_inference,restoration_eval.restoration_lama,2.0.0,cuda,iopaint,Windows-11-10.0.26200-SP0,"Intel64 Family 6 Model 165 Stepping 2, GenuineIntel",AMD64,3.12.6,2.5.1+cu121,True,1,NVIDIA GeForce RTX 3060 Laptop GPU,12.1,0,1,0,iopaint run --model lama --device cuda --image D:\Masters\FH\Thesis\painting-restoration-eval\outputs\tmp\lama_batch_full\input --mask D:\Masters\FH\Thesis\painting-restoration-eval\outputs\tmp\lama_batch_full\mask --output D:\Masters\FH\Thesis\painting-restoration-eval\outputs\tmp\lama_batch_full\output,outputs/tmp/lama_batch_full/logs/iopaint_batch_command.txt,outputs/tmp/lama_batch_full/logs/iopaint_batch_stdout.txt,outputs/tmp/lama_batch_full/logs/iopaint_batch_stderr.txt,canonical,canonical__p001_loss_large,p001_loss_large,canonical__p001_loss_large,p001,primary,binary_missing_content,127,69018,data\processed\clean\p001_clean.png,data\processed\masked\p001_loss_large_damaged.png,data\processed\masks\p001_loss_large_mask.png,canonical__p001_loss_large_restored_lama.png,data/processed/restored/lama/canonical/canonical__p001_loss_large_restored_lama.png,2413a7f0971564a96ee1b5a7b86639411d5a4104c162bda0701e05e8506c63d8,768,768,RGB,1.4609382327775366,525.9377637999132,2026-07-27T22:48:36.045403+00:00,2026-07-27T22:57:21.970156+00:00,True,ok,,data/processed/metadata/metadata_damaged_images.csv,p001_loss_large,loss_large,canonical_damage_generator,2.0.0,2026-07-24T18:47:20.616478+00:00,generated,p001_clean.png,p001_loss_large_mask.png,p001_loss_large_damaged.png,white_fill,255.0,255.0,255.0,69018.0,13.554629,11.701457,768,768,RGB,PNG,631126.0,b5852f0337c8342a1a70268f9e9f682534177581d238713f67bf28e0033482a2,0c3aa0f9d930a7b8405439b8ec04e899f72bbe219472b0fa155dfa00afb20aad,b7d7bd4dc2c427bc58c96a397bb24defe2f34945ad81144ddc8204234ab8f4e9,1.1.0,painting_restoration_50_subset,1.0.0,04_damage_creation,,,,,,,,,,,,,,,,,,,,,,,,,,,,,,,,,,,,,,,,,,,,,,,,,,,,,,,,,,,,,,,,,,,,,,,,,,,,,,,,,,,,,,,,,,,,,,,,,,,,,,,,,,,,,,,,,,,,,,,,,,,,,,,,,69018,outputs/tmp/lama_batch_full/input/canonical__p001_loss_large.png,outputs/tmp/lama_batch_full/mask/canonical__p001_loss_large.png,outputs/tmp/lama_batch_full/output/canonical__p001_loss_large.png,cuda,False,Juan de Pareja,Diego Velázquez,1650,portrait_figure,Baroque,Oil on canvas,The Metropolitan Museum of Art,https://www.metmuseum.org/art/collection/search/437869,Public Domain / Open Access,p001.jpg,48940.8125,567.4262084960938,48373.38629150391,220.0276641845703,10.892375946044922,209.1352882385254,1.2340918577168505,20.591709695872,19.357617838155143,,,,69018,0.6372807025909424,0.1860079020261764,0.4512728005647659,198025,0.6968082785606384,0.836020827293396,0.1392125487327575,0.7667974233627319,0.9416158199310304,0.1748183965682983,0.1570154726505279,198025,0.1392125487327575,0.1748183965682983,0.1570154726505279,,D:\Masters\FH\Thesis\painting-restoration-eval\data\processed\clean\p001_clean.png,D:\Masters\FH\Thesis\painting-restoration-eval\data\processed\masked\p001_loss_large_damaged.png,D:\Masters\FH\Thesis\painting-restoration-eval\data\processed\restored\lama\canonical\canonical__p001_loss_large_restored_lama.png,D:\Masters\FH\Thesis\painting-restoration-eval\data\processed\masks\p001_loss_large_mask.png,2.0.0,masked_region,mask_bbox_crop,mask_bbox_crop,True,True,True,True,True,,,,False,,Slowest restoration runtime,runtime_seconds,True,3.884507042253521
lama__mask_robustness__mask_robustness__p001__loss_large__variant_05,lama,lama,,iopaint_lama,iopaint_lama,model_inference,restoration_eval.restoration_lama,2.0.0,cuda,iopaint,Windows-11-10.0.26200-SP0,"Intel64 Family 6 Model 165 Stepping 2, GenuineIntel",AMD64,3.12.6,2.5.1+cu121,True,1,NVIDIA GeForce RTX 3060 Laptop GPU,12.1,0,1,0,iopaint run --model lama --device cuda --image D:\Masters\FH\Thesis\painting-restoration-eval\outputs\tmp\lama_batch_full\input --mask D:\Masters\FH\Thesis\painting-restoration-eval\outputs\tmp\lama_batch_full\mask --output D:\Masters\FH\Thesis\painting-restoration-eval\outputs\tmp\lama_batch_full\output,outputs/tmp/lama_batch_full/logs/iopaint_batch_command.txt,outputs/tmp/lama_batch_full/logs/iopaint_batch_stdout.txt,outputs/tmp/lama_batch_full/logs/iopaint_batch_stderr.txt,mask_robustness,mask_robustness__p001__loss_large__variant_05,p001__loss_large__variant_05,mask_robustness__p001__loss_large__variant_05,p001,primary,binary_missing_content,127,63643,data/processed/clean/p001_clean.png,data/processed/damaged/mask_robustness/p001__loss_large__variant_05_damaged.png,data/processed/masks/mask_robustness/p001__loss_large__variant_05_mask.png,mask_robustness__p001__loss_large__variant_05_restored_lama.png,data/processed/restored/lama/mask_robustness/mask_robustness__p001__loss_large__variant_05_restored_lama.png,34c7110e2cab89d46b66d3da9d480c95ebd6112fe806ceec681ad7b99bde8a57,768,768,RGB,1.4609382327775366,525.9377637999132,2026-07-27T22:48:36.045403+00:00,2026-07-27T22:57:21.970156+00:00,True,ok,,data/processed/metadata/metadata_mask_robustness.csv,,,mask_robustness,1.1.0,2026-07-24T22:43:39.838511+00:00,generated,,p001__loss_large__variant_05_mask.png,p001__loss_large__variant_05_damaged.png,constant_rgb,255.0,255.0,255.0,,,,768,768,,,640108.0,b5852f0337c8342a1a70268f9e9f682534177581d238713f67bf28e0033482a2,a1bf0cf84170f5550885baa7be396bd1102dd691527fb26543dfab3201dc708d,e253beda6803e6db3c2881b3069d9ea91d73c0e05495e6b6b518e96b54172fc5,1.1.0,painting_restoration_50_subset,1.0.0,06_mask_robustness,,loss_large,,12.5,63648.0,63643.0,12.49901803670186,,-0.0009819632981393,0.0009819632981393,,1.2592864949100528,,,,509184.0,,,,,,20260606.0,,,,,,,2026-07-24T22:42:26.283360+00:00,,p001__loss_large__variant_05,p001__loss_large,0.0,2.0,5.0,3990620007.0,594704418.0,1178331872.0,1.0,2187058687.0,20.0,0.5,40119.0,52.0,0.0,715.0,768.0,589824.0,80640.0,63643.0,63643.0,0.0,12.499018,10.790168,314.0,142.0,677.0,439.0,363.0,297.0,107811.0,0.59032,1.222222,1.0,63643.0,63643.0,63643.0,63643.0,0.0,1.0,0.196393,1.222222,1.222222,0.0,38.0,502.4915858774728,281.7088289364109,0.6805008850112882,0.3672866087828043,top_right,0.5475113122171946,0.38671875,0.2117328902714932,0.0,0.0,0.0,0.0,2419.0,canonical_synthetic_damage_masks,2.0.0,2026-07-24T22:45:40.751505+00:00,194.468145,,,,,,,,,,,,,,,,,,,,,,,,,,,,,,,,,,,,,63643,outputs/tmp/lama_batch_full/input/mask_robustness__p001__loss_large__variant_05.png,outputs/tmp/lama_batch_full/mask/mask_robustness__p001__loss_large__variant_05.png,outputs/tmp/lama_batch_full/output/mask_robustness__p001__loss_large__variant_05.png,cuda,False,Juan de Pareja,Diego Velázquez,1650,portrait_figure,Baroque,Oil on canvas,The Metropolitan Museum of Art,https://www.metmuseum.org/art/collection/search/437869,Public Domain / Open Access,p001.jpg,42948.37109375,112.43746185302734,42835.93363189697,206.26043701171875,5.66854190826416,200.5918951034546,1.8013366390928782,27.62169327522564,25.820356636132765,,,,63643,0.6983163356781006,0.0965100303292274,0.6018063053488731,143641,0.8595148324966431,0.9707979559898376,0.1112831234931945,0.8088557124137878,0.9856127500534058,0.1767570376396179,0.1440200805664062,143641,0.1112831234931945,0.1767570376396179,0.1440200805664062,,D:\Masters\FH\Thesis\painting-restoration-eval\data\processed\clean\p001_clean.png,D:\Masters\FH\Thesis\painting-restoration-eval\data\processed\damaged\mask_robustness\p001__loss_large__variant_05_damaged.png,D:\Masters\FH\Thesis\painting-restoration-eval\data\processed\restored\lama\mask_robustness\mask_robustness__p001__loss_large__variant_05_restored_lama.png,D:\Masters\FH\Thesis\painting-restoration-eval\data\processed\masks\mask_robustness\p001__loss_large__variant_05_mask.png,2.0.0,masked_region,mask_bbox_crop,mask_bbox_crop,True,True,True,True,True,,,,False,,Strongest local LPIPS improvement,lpips_improvement,True,3.7295774647887323
lama__synthetic_degradation__synthetic_degradation__p001__partial_transparency__severe,lama,lama,,iopaint_lama,iopaint_lama,model_inference,restoration_eval.restoration_lama,2.0.0,cuda,iopaint,Windows-11-10.0.26200-SP0,"Intel64 Family 6 Model 165 Stepping 2, GenuineIntel",AMD64,3.12.6,2.5.1+cu121,True,1,NVIDIA GeForce RTX 3060 Laptop GPU,12.1,0,1,0,iopaint run --model lama --device cuda --image D:\Masters\FH\Thesis\painting-restoration-eval\outputs\tmp\lama_batch_full\input --mask D:\Masters\FH\Thesis\painting-restoration-eval\outputs\tmp\lama_batch_full\mask --output D:\Masters\FH\Thesis\painting-restoration-eval\outputs\tmp\lama_batch_full\output,outputs/tmp/lama_batch_full/logs/iopaint_batch_command.txt,outputs/tmp/lama_batch_full/logs/iopaint_batch_stdout.txt,outputs/tmp/lama_batch_full/logs/iopaint_batch_stderr.txt,synthetic_degradation,synthetic_degradation__p001__partial_transparency__severe,p001__partial_transparency__severe,synthetic_degradation__p001__partial_transparency__severe,p001,supplementary_synthetic_degradation,grayscale_effect_intensity,127,315211,data/processed/clean/p001_clean.png,data/processed/degraded/synthetic_degradation/p001__partial_transparency__severe_degraded.png,data/processed/masks/synthetic_degradation/p001__partial_transparency__severe_effect_mask.png,synthetic_degradation__p001__partial_transparency__severe_restored_lama.png,data/processed/restored/lama/synthetic_degradation/synthetic_degradation__p001__partial_transparency__severe_restored_lama.png,28ac9b89f402fd6871ff5027e7d8242d52ac3a91d8c1f2ce2cb60121257117d2,768,768,RGB,1.4609382327775366,525.9377637999132,2026-07-27T22:48:36.045403+00:00,2026-07-27T22:57:21.970156+00:00,True,ok,,data/processed/metadata/metadata_synthetic_degradation.csv,,,synthetic_degradation,1.0.0,2026-07-25T18:25:42.244039+00:00,generated,,,,,,,,,,,768,768,,,,b5852f0337c8342a1a70268f9e9f682534177581d238713f67bf28e0033482a2,,,,,,,,,,,,,,,,,,,,,,509184.0,,,,,,20260707.0,,,,,,,,,,,0.0,,,,,,,,,,,52.0,0.0,715.0,768.0,,,,,,,,,,,,,,,,,,,,,,,,,,,,,,,,,,,,,,,,,,,,,,partial_transparency,severe,3.0,0.0,partial_transparency,1.0,2136551061.0,2014804427.0,[3291870686],"[{""degradation_type"": ""partial_transparency"", ""operator_seed"": 3864154665, ""seed"": 3291870686, ""substrate_colour_rgb"": [196, 178, 145], ""transparency_alpha"": 0.4}]",475536.0,442958.0,86.99369972347914,75.10002983940973,158.24571629815918,251.0,52.0,0.0,715.0,768.0,396.4397572681834,392.3746698332573,468104.0,79.36333550347221,0.0,468104.0,31.6203189663874,75.0,p001__partial_transparency__severe_effect_mask.png,data/processed/masks/synthetic_degradation/p001__partial_transparency__severe_effect_mask.png,p001__partial_transparency__severe_degraded.png,data/processed/degraded/synthetic_degradation/p001__partial_transparency__severe_degraded.png,89cbb3c0feb8785b6e1d3d8c3a5ba75a5d019f7eb2d2b68ae98670e80ce0bb1d,3fe756a941bb3856f15035961ece559e3bfe6650944d19bf2d610895ae90bf33,58766.0,668288.0,315211,outputs/tmp/lama_batch_full/input/synthetic_degradation__p001__partial_transparency__severe.png,outputs/tmp/lama_batch_full/mask/synthetic_degradation__p001__partial_transparency__severe.png,outputs/tmp/lama_batch_full/output/synthetic_degradation__p001__partial_transparency__severe.png,cuda,False,Juan de Pareja,Diego Velázquez,1650,portrait_figure,Baroque,Oil on canvas,The Metropolitan Museum of Art,https://www.metmuseum.org/art/collection/search/437869,Public Domain / Open Access,p001.jpg,1309.33203125,2281.30517578125,-971.97314453125,31.62031364440918,40.24871444702149,-8.628400802612305,16.960305683625954,14.548969750684346,-2.411335932941608,,,,475536,0.1910406649112701,0.4945880770683288,-0.3035474121570587,492804,0.962028980255127,0.5814709067344666,-0.3805580735206604,0.9653611779212952,0.5095471739768982,-0.455814003944397,-0.4181860387325287,492804,-0.3805580735206604,-0.455814003944397,-0.4181860387325287,,D:\Masters\FH\Thesis\painting-restoration-eval\data\processed\clean\p001_clean.png,D:\Masters\FH\Thesis\painting-restoration-eval\data\processed\degraded\synthetic_degradation\p001__partial_transparency__severe_degraded.png,D:\Masters\FH\Thesis\painting-restoration-eval\data\processed\restored\lama\synthetic_degradation\synthetic_degradation__p001__partial_transparency__severe_restored_lama.png,D:\Masters\FH\Thesis\painting-restoration-eval\data\processed\masks\synthetic_degradation\p001__partial_transparency__severe_effect_mask.png,2.0.0,masked_region,mask_bbox_crop,mask_bbox_crop,True,True,True,True,True,,,,False,,Weakest local LPIPS improvement; Weakest local MSE improvement; Weakest local feature-similarity improvement,lpips_improvement; mean_similarity_improvement; mse_improvement,True,3.712676056338028
lama__canonical__canonical__p032_loss_large,lama,lama,,iopaint_lama,iopaint_lama,model_inference,restoration_eval.restoration_lama,2.0.0,cuda,iopaint,Windows-11-10.0.26200-SP0,"Intel64 Family 6 Model 165 Stepping 2, GenuineIntel",AMD64,3.12.6,2.5.1+cu121,True,1,NVIDIA GeForce RTX 3060 Laptop GPU,12.1,0,1,0,iopaint run --model lama --device cuda --image D:\Masters\FH\Thesis\painting-restoration-eval\outputs\tmp\lama_batch_full\input --mask D:\Masters\FH\Thesis\painting-restoration-eval\outputs\tmp\lama_batch_full\mask --output D:\Masters\FH\Thesis\painting-restoration-eval\outputs\tmp\lama_batch_full\output,outputs/tmp/lama_batch_full/logs/iopaint_batch_command.txt,outputs/tmp/lama_batch_full/logs/iopaint_batch_stdout.txt,outputs/tmp/lama_batch_full/logs/iopaint_batch_stderr.txt,canonical,canonical__p032_loss_large,p032_loss_large,canonical__p032_loss_large,p032,primary,binary_missing_content,127,72688,data\processed\clean\p032_clean.png,data\processed\masked\p032_loss_large_damaged.png,data\processed\masks\p032_loss_large_mask.png,canonical__p032_loss_large_restored_lama.png,data/processed/restored/lama/canonical/canonical__p032_loss_large_restored_lama.png,63baa7e0c1d5ace39ace2cbf71b9b42574c5c9c23162d56e6a8411c6202a8da3,768,768,RGB,1.4609382327775366,525.9377637999132,2026-07-27T22:48:36.045403+00:00,2026-07-27T22:57:21.970156+00:00,True,ok,,data/processed/metadata/metadata_damaged_images.csv,p032_loss_large,loss_large,canonical_damage_generator,2.0.0,2026-07-24T18:47:20.616478+00:00,generated,p032_clean.png,p032_loss_large_mask.png,p032_loss_large_damaged.png,white_fill,255.0,255.0,255.0,72688.0,12.704139,12.323676,768,768,RGB,PNG,624661.0,e3577b3e4d952c2daa4cfec5cf51916a773741efd054dd96afd2412beab730a7,a81572e4eada3fb7ee5ba917863f97800578b60e777ea3536c2a418bd85b227d,cd360a38c07b468534e22c7506cb6439cccb5885d1ec2b216459752f9c0038d8,1.1.0,painting_restoration_50_subset,1.0.0,04_damage_creation,,,,,,,,,,,,,,,,,,,,,,,,,,,,,,,,,,,,,,,,,,,,,,,,,,,,,,,,,,,,,,,,,,,,,,,,,,,,,,,,,,,,,,,,,,,,,,,,,,,,,,,,,,,,,,,,,,,,,,,,,,,,,,,,,72688,outputs/tmp/lama_batch_full/input/canonical__p032_loss_large.png,outputs/tmp/lama_batch_full/mask/canonical__p032_loss_large.png,outputs/tmp/lama_batch_full/output/canonical__p032_loss_large.png,cuda,False,Composition (No. 1) Gray-Red,Piet Mondrian,,abstraction_surrealism,,,Art Institute of Chicago,https://www.artic.edu/artworks/65821/composition-no-1-gray-red,CC0 Public Domain Designation,p032.jpg,7942.7509765625,54.51179122924805,7888.239185333252,75.3409423828125,5.4541192054748535,69.88682317733765,9.131094142319174,30.76589907913832,21.634804936819144,,,,72688,0.5419878959655762,0.0556964464485645,0.4862914495170116,148996,0.8971081376075745,0.9863598346710204,0.089251697063446,0.6261921525001526,0.9875757098197936,0.3613835573196411,0.2253176271915435,148996,0.089251697063446,0.3613835573196411,0.2253176271915435,,D:\Masters\FH\Thesis\painting-restoration-eval\data\processed\clean\p032_clean.png,D:\Masters\FH\Thesis\painting-restoration-eval\data\processed\masked\p032_loss_large_damaged.png,D:\Masters\FH\Thesis\painting-restoration-eval\data\processed\restored\lama\canonical\canonical__p032_loss_large_restored_lama.png,D:\Masters\FH\Thesis\painting-restoration-eval\data\processed\masks\p032_loss_large_mask.png,2.0.0,masked_region,mask_bbox_crop,mask_bbox_crop,True,True,True,True,True,,,,False,,Representative high-scoring category example,mean_similarity_improvement,True,3.2619718309859156
lama__damage_size__damage_size__p026__loss_large__size_02pct,lama,lama,,iopaint_lama,iopaint_lama,model_inference,restoration_eval.restoration_lama,2.0.0,cuda,iopaint,Windows-11-10.0.26200-SP0,"Intel64 Family 6 Model 165 Stepping 2, GenuineIntel",AMD64,3.12.6,2.5.1+cu121,True,1,NVIDIA GeForce RTX 3060 Laptop GPU,12.1,0,1,0,iopaint run --model lama --device cuda --image D:\Masters\FH\Thesis\painting-restoration-eval\outputs\tmp\lama_batch_full\input --mask D:\Masters\FH\Thesis\painting-restoration-eval\outputs\tmp\lama_batch_full\mask --output D:\Masters\FH\Thesis\painting-restoration-eval\outputs\tmp\lama_batch_full\output,outputs/tmp/lama_batch_full/logs/iopaint_batch_command.txt,outputs/tmp/lama_batch_full/logs/iopaint_batch_stdout.txt,outputs/tmp/lama_batch_full/logs/iopaint_batch_stderr.txt,damage_size,damage_size__p026__loss_large__size_02pct,p026__loss_large__size_02pct,damage_size__p026__loss_large__size_02pct,p026,primary,binary_missing_content,127,8147,data/processed/clean/p026_clean.png,data/processed/damaged/damage_size_sensitivity/p026__loss_large__size_02pct_damaged.png,data/processed/masks/damage_size_sensitivity/p026__loss_large__size_02pct_mask.png,damage_size__p026__loss_large__size_02pct_restored_lama.png,data/processed/restored/lama/damage_size/damage_size__p026__loss_large__size_02pct_restored_lama.png,6717c46ea601189eb79e94b48d8e5fafa4605bf8698d7beaa0e1846fb676505e,768,768,RGB,1.4609382327775366,525.9377637999132,2026-07-27T22:48:36.045403+00:00,2026-07-27T22:57:21.970156+00:00,True,ok,,data/processed/metadata/metadata_damage_size_sensitivity.csv,,,damage_size_sensitivity,1.1.0,2026-07-24T20:32:27.498918+00:00,generated,,,p026__loss_large__size_02pct_damaged.png,constant_rgb,255.0,255.0,255.0,,,,768,768,,,747755.0,48819acb8a3147c0230f636c58eaaa127b2bdde3b71bb7e4f101b4e2ac97b3ee,,cff6e450ffcbd2d0f19d1058d7d4dcd4d7dd90c20f111a95d811466fa351e576,1.1.0,painting_restoration_50_subset,1.0.0,05_damage_size_sensitivity,p026_loss_large,loss_large,p026__loss_large__size_02pct__mask,2.0,8125.0,8147.0,2.0053067895400125,1.3812594943576388,0.0053067895400125,0.0053067895400125,22.0,0.3932449519373412,52670.0,12.964221014492754,8.92978244357639,406272.0,0.0,119.0,768.0,648.0,2820786575.0,20260505.0,data/processed/masks/p026_loss_large_mask.png,p026__loss_large__size_02pct_mask.png,data/processed/masks/damage_size_sensitivity/p026__loss_large__size_02pct_mask.png,8ef7cd4b93472ee54a398d00371049aa7208ab828d6a838dc40f7590546bec90,f3765fe8e4af33f835a6603a68f8b9076213c3d084c4e444d05473df38ea4aaa,1418.0,2026-07-24T20:32:19.955682+00:00,2026-07-24T20:32:36.343652+00:00,,,,,,,,,,,,,,,,,,,,,,,,,,,,,,,,,,,,,,,,,,,,,,,,,,,,,,,,,,,,,,,,,,,,,,,,,,,,,,,,,,,,,,,,,,,,,,,,,,,8147,outputs/tmp/lama_batch_full/input/damage_size__p026__loss_large__size_02pct.png,outputs/tmp/lama_batch_full/mask/damage_size__p026__loss_large__size_02pct.png,outputs/tmp/lama_batch_full/output/damage_size__p026__loss_large__size_02pct.png,cuda,False,View of a Village along a River,attributed to Jan Brueghel I,,architecture_structured,,,Rijksmuseum,https://www.rijksmuseum.nl/en/collection/object/View-of-a-Village-along-a-River--c8cdc4675af3869fd7e7c95e32ddb396,Public domain,p026.jpg,14749.228515625,35.1502799987793,14714.07823562622,117.75950622558594,4.480258464813232,113.2792477607727,6.4431105649742415,32.67151572011628,26.22840515514204,,,,8147,0.6553181409835815,0.0963077247142791,0.5590104162693024,16384,0.7659996747970581,0.9903907775878906,0.2243911027908325,0.8861232995986938,0.966284453868866,0.0801611542701721,0.1522761285305023,16384,0.2243911027908325,0.0801611542701721,0.1522761285305023,,D:\Masters\FH\Thesis\painting-restoration-eval\data\processed\clean\p026_clean.png,D:\Masters\FH\Thesis\painting-restoration-eval\data\processed\damaged\damage_size_sensitivity\p026__loss_large__size_02pct_damaged.png,D:\Masters\FH\Thesis\painting-restoration-eval\data\processed\restored\lama\damage_size\damage_size__p026__loss_large__size_02pct_restored_lama.png,D:\Masters\FH\Thesis\painting-restoration-eval\data\processed\masks\damage_size_sensitivity\p026__loss_large__size_02pct_mask.png,2.0.0,masked_region,mask_bbox_crop,mask_bbox_crop,True,True,True,True,True,,best_psnr_improvement,0.731,False,,Strongest local LPIPS improvement | Diagnostic panel: best_psnr_improvement,lpips_improvement,True,3.2450704225352114
lama__synthetic_degradation__synthetic_degradation__p043__partial_transparency__severe,lama,lama,,iopaint_lama,iopaint_lama,model_inference,restoration_eval.restoration_lama,2.0.0,cuda,iopaint,Windows-11-10.0.26200-SP0,"Intel64 Family 6 Model 165 Stepping 2, GenuineIntel",AMD64,3.12.6,2.5.1+cu121,True,1,NVIDIA GeForce RTX 3060 Laptop GPU,12.1,0,1,0,iopaint run --model lama --device cuda --image D:\Masters\FH\Thesis\painting-restoration-eval\outputs\tmp\lama_batch_full\input --mask D:\Masters\FH\Thesis\painting-restoration-eval\outputs\tmp\lama_batch_full\mask --output D:\Masters\FH\Thesis\painting-restoration-eval\outputs\tmp\lama_batch_full\output,outputs/tmp/lama_batch_full/logs/iopaint_batch_command.txt,outputs/tmp/lama_batch_full/logs/iopaint_batch_stdout.txt,outputs/tmp/lama_batch_full/logs/iopaint_batch_stderr.txt,synthetic_degradation,synthetic_degradation__p043__partial_transparency__severe,p043__partial_transparency__severe,synthetic_degradation__p043__partial_transparency__severe,p043,supplementary_synthetic_degradation,grayscale_effect_intensity,127,202937,data/processed/clean/p043_clean.png,data/processed/degraded/synthetic_degradation/p043__partial_transparency__severe_degraded.png,data/processed/masks/synthetic_degradation/p043__partial_transparency__severe_effect_mask.png,synthetic_degradation__p043__partial_transparency__severe_restored_lama.png,data/processed/restored/lama/synthetic_degradation/synthetic_degradation__p043__partial_transparency__severe_restored_lama.png,eb66898bd78dfc9f882f4d6ef6f1ce199c0a73e8e3e0f2166e11d7456965236c,768,768,RGB,1.4609382327775366,525.9377637999132,2026-07-27T22:48:36.045403+00:00,2026-07-27T22:57:21.970156+00:00,True,ok,,data/processed/metadata/metadata_synthetic_degradation.csv,,,synthetic_degradation,1.0.0,2026-07-25T18:26:27.612081+00:00,generated,,,,,,,,,,,768,768,,,,e18e79fb0a876169e1a315935be5e67a403e0c089c60841a2f34e1b6ba3b3fcd,,,,,,,,,,,,,,,,,,,,,,469248.0,,,,,,20260707.0,,,,,,,,,,,4.0,,,,,,,,,,,0.0,78.0,768.0,689.0,,,,,,,,,,,,,,,,,,,,,,,,,,,,,,,,,,,,,,,,,,,,,,partial_transparency,severe,3.0,0.0,partial_transparency,1.0,3059946402.0,2129920160.0,[2469428083],"[{""degradation_type"": ""partial_transparency"", ""operator_seed"": 530458022, ""seed"": 2469428083, ""substrate_colour_rgb"": [196, 178, 145], ""transparency_alpha"": 0.4}]",392184.0,336315.0,71.67105666939443,57.019551595052086,143.82276734608922,245.0,0.0,78.0,731.0,689.0,346.93818592688405,401.1738697352185,365708.0,62.002902560763886,0.0,365708.0,17.09900284900285,69.0,p043__partial_transparency__severe_effect_mask.png,data/processed/masks/synthetic_degradation/p043__partial_transparency__severe_effect_mask.png,p043__partial_transparency__severe_degraded.png,data/processed/degraded/synthetic_degradation/p043__partial_transparency__severe_degraded.png,4006cb0ee1db3acd95b4bac4054879a62bf6c9ae27f803cf430dd5f93507a01d,d7a7d193ddc1ef503d12ff185c4f42b0760c7b7bf076056be8dcc66e42cbb81f,52175.0,731775.0,202937,outputs/tmp/lama_batch_full/input/synthetic_degradation__p043__partial_transparency__severe.png,outputs/tmp/lama_batch_full/mask/synthetic_degradation__p043__partial_transparency__severe.png,outputs/tmp/lama_batch_full/output/synthetic_degradation__p043__partial_transparency__severe.png,cuda,False,The Card Players,Paul Cézanne,1890-92,high_texture_brushwork,Post-Impressionism,Oil on canvas,The Metropolitan Museum of Art,https://www.metmuseum.org/art/collection/search/435868,Public Domain / Open Access,p043.jpg,547.3335571289062,1218.09228515625,-670.7587280273438,17.099000930786133,23.93562126159668,-6.836620330810547,20.74828285228336,17.27400168288745,-3.4742811693959084,,,,392184,0.066157728433609,0.4091150760650635,-0.3429573476314544,376996,0.9876224994659424,0.7970136404037476,-0.1906088590621948,0.9826500415802002,0.8031001091003418,-0.1795499324798584,-0.1850793957710266,376996,-0.1906088590621948,-0.1795499324798584,-0.1850793957710266,,D:\Masters\FH\Thesis\painting-restoration-eval\data\processed\clean\p043_clean.png,D:\Masters\FH\Thesis\painting-restoration-eval\data\processed\degraded\synthetic_degradation\p043__partial_transparency__severe_degraded.png,D:\Masters\FH\Thesis\painting-restoration-eval\data\processed\restored\lama\synthetic_degradation\synthetic_degradation__p043__partial_transparency__severe_restored_lama.png,D:\Masters\FH\Thesis\painting-restoration-eval\data\processed\masks\synthetic_degradation\p043__partial_transparency__severe_effect_mask.png,2.0.0,masked_region,mask_bbox_crop,mask_bbox_crop,True,True,True,True,True,,,,False,,Weakest local LPIPS improvement; Weakest local MSE improvement; Weakest local feature-similarity improvement,lpips_improvement; mean_similarity_improvement; mse_improvement,True,3.1830985915492955
