dataset_name,case_id,painting_id,category,title,mask_id,mask_type,model_name,evaluation_region,region_pixel_count,region_x_min,region_y_min,region_x_max,region_y_max,damaged_area_pixels,damaged_area_percentage_content,damaged_area_percentage_full,damaged_mse,restored_mse,mse_improvement,damaged_mae,restored_mae,mae_improvement,damaged_psnr,restored_psnr,psnr_improvement,damaged_ssim,restored_ssim,ssim_improvement,metric_module,metric_version,metric_timestamp_utc,python_version,numpy_version,pandas_version,skimage_version,status,issue,ranking_group,rank
canonical,p001_loss_small,p001,portrait_figure,Juan de Pareja,,,opencv_telea,masked_region,18239,,,,,,,,54324.203125,68.4379653930664,54255.76515960693,232.4738311767578,4.542317867279053,227.9315133094788,0.7808699644053069,29.77783271040616,28.99696274600085,,,,restoration_eval.metrics_classical,2.0.0,2026-07-24T08:38:36.435311+00:00,3.12.6,1.26.4,2.3.3,0.24.0,ok,,best,1
canonical,p006_scratch_thin,p006,portrait_figure,Boy with a Sword,,,opencv_telea,masked_region,12613,,,,,,,,53555.17578125,61.86423873901367,53493.311542510986,230.69097900390625,3.205607891082764,227.4853711128235,0.8427891175766073,30.216406877177647,29.37361775960104,,,,restoration_eval.metrics_classical,2.0.0,2026-07-24T08:38:36.435311+00:00,3.12.6,1.26.4,2.3.3,0.24.0,ok,,best,2
canonical,p001_mixed_damage,p001,portrait_figure,Juan de Pareja,,,opencv_telea,masked_region,45733,,,,,,,,50902.8046875,591.841552734375,50310.963134765625,223.8587646484375,13.331175804138184,210.5275888442993,1.0633864873258143,20.40874907495594,19.345362587630124,,,,restoration_eval.metrics_classical,2.0.0,2026-07-24T08:38:36.435311+00:00,3.12.6,1.26.4,2.3.3,0.24.0,ok,,best,3
canonical,p001_scratch_thin,p001,portrait_figure,Juan de Pareja,,,opencv_telea,masked_region,12058,,,,,,,,49801.60546875,101.539306640625,49700.066162109375,221.43716430664065,4.254354000091553,217.18281030654907,1.15837017405779,28.064461673614534,26.906091499556748,,,,restoration_eval.metrics_classical,2.0.0,2026-07-24T08:38:36.435311+00:00,3.12.6,1.26.4,2.3.3,0.24.0,ok,,best,4
canonical,p006_mixed_damage,p006,portrait_figure,Boy with a Sword,,,opencv_telea,masked_region,42916,,,,,,,,49775.8671875,151.58924865722656,49624.27793884277,222.35682678222656,6.677525043487549,215.679301738739,1.160615258909072,26.324119604585302,25.163504345676238,,,,restoration_eval.metrics_classical,2.0.0,2026-07-24T08:38:36.435311+00:00,3.12.6,1.26.4,2.3.3,0.24.0,ok,,best,5
canonical,p006_loss_small,p006,portrait_figure,Boy with a Sword,,,opencv_telea,masked_region,17979,,,,,,,,49168.296875,22.23114013671875,49146.06573486328,221.2076873779297,2.5162875652313232,218.6913998126984,1.2139519570566693,34.66118624557215,33.44723428851548,,,,restoration_eval.metrics_classical,2.0.0,2026-07-24T08:38:36.435311+00:00,3.12.6,1.26.4,2.3.3,0.24.0,ok,,best,6
canonical,p001_loss_large,p001,portrait_figure,Juan de Pareja,,,opencv_telea,masked_region,69018,,,,,,,,48940.8125,408.900390625,48531.912109375,220.0276641845703,11.09188461303711,208.9357795715332,1.2340918577168505,22.014628354292483,20.780536496575632,,,,restoration_eval.metrics_classical,2.0.0,2026-07-24T08:38:36.435311+00:00,3.12.6,1.26.4,2.3.3,0.24.0,ok,,best,7
canonical,p006_loss_large,p006,portrait_figure,Boy with a Sword,,,opencv_telea,masked_region,60137,,,,,,,,48559.19921875,209.97286987304688,48349.22634887695,219.78518676757807,10.500130653381348,209.2850561141968,1.2680884461589903,24.909171767320352,23.64108332116136,,,,restoration_eval.metrics_classical,2.0.0,2026-07-24T08:38:36.435311+00:00,3.12.6,1.26.4,2.3.3,0.24.0,ok,,best,8
canonical,p002_scratch_thin,p002,portrait_figure,Madame X (Madame Pierre Gautreau),,,opencv_telea,masked_region,9599,,,,,,,,48206.29296875,84.92533874511719,48121.36763000488,217.34701538085935,4.481612682342529,212.86540269851685,1.2997662505211554,28.840430730345084,27.540664479823928,,,,restoration_eval.metrics_classical,2.0.0,2026-07-24T08:38:36.435311+00:00,3.12.6,1.26.4,2.3.3,0.24.0,ok,,best,9
canonical,p050_scratch_thin,p050,high_texture_brushwork,Landscape with a Sunlit Stream,,,opencv_telea,masked_region,9208,,,,,,,,46439.63671875,240.5428924560547,46199.093826293945,212.3263092041016,10.163589477539062,202.1627197265625,1.4619154712392677,24.318878319416054,22.85696284817679,,,,restoration_eval.metrics_classical,2.0.0,2026-07-24T08:38:36.435311+00:00,3.12.6,1.26.4,2.3.3,0.24.0,ok,,best,10
canonical,p032_mixed_damage,p032,abstraction_surrealism,Composition (No. 1) Gray-Red,,,opencv_telea,masked_region,47946,,,,,,,,7423.98046875,7399.212890625,24.767578125,54.8720703125,44.90706253051758,9.965007781982422,9.424435402116922,9.438948378179422,0.0145129760625,,,,restoration_eval.metrics_classical,2.0.0,2026-07-24T08:38:36.435311+00:00,3.12.6,1.26.4,2.3.3,0.24.0,ok,,worst,1
canonical,p032_loss_small,p032,abstraction_surrealism,Composition (No. 1) Gray-Red,,,opencv_telea,masked_region,17662,,,,,,,,5729.39794921875,2560.326171875,3169.07177734375,52.31055450439453,19.80760955810547,32.50294494628906,10.549713725949818,14.04785065234944,3.4981369263996225,,,,restoration_eval.metrics_classical,2.0.0,2026-07-24T08:38:36.435311+00:00,3.12.6,1.26.4,2.3.3,0.24.0,ok,,worst,2
canonical,p036_loss_large,p036,abstraction_surrealism,"Lozenge Composition with Yellow, Black, Blue, Red, and Gray",,,opencv_telea,masked_region,79110,,,,,,,,5086.74462890625,1908.29736328125,3178.447265625,45.78903579711914,17.366600036621094,28.422435760498047,11.066404256821489,15.32434310641513,4.257938849593641,,,,restoration_eval.metrics_classical,2.0.0,2026-07-24T08:38:36.435311+00:00,3.12.6,1.26.4,2.3.3,0.24.0,ok,,worst,3
canonical,p020_loss_large,p020,landscape_natural,Mediterranean landscape (recto); Mountains (verso),,,opencv_telea,masked_region,59008,,,,,,,,3364.153564453125,171.8206024169922,3192.332962036133,54.81628036499024,8.966705322265625,45.84957504272461,12.862045489285912,25.78005123493995,12.918005745654035,,,,restoration_eval.metrics_classical,2.0.0,2026-07-24T08:38:36.435311+00:00,3.12.6,1.26.4,2.3.3,0.24.0,ok,,worst,4
canonical,p032_loss_large,p032,abstraction_surrealism,Composition (No. 1) Gray-Red,,,opencv_telea,masked_region,72688,,,,,,,,7942.7509765625,4398.11279296875,3544.63818359375,75.3409423828125,35.42403793334961,39.91690444946289,9.131094142319174,11.698139978859338,2.567045836540164,,,,restoration_eval.metrics_classical,2.0.0,2026-07-24T08:38:36.435311+00:00,3.12.6,1.26.4,2.3.3,0.24.0,ok,,worst,5
canonical,p036_loss_small,p036,abstraction_surrealism,"Lozenge Composition with Yellow, Black, Blue, Red, and Gray",,,opencv_telea,masked_region,21381,,,,,,,,5367.83251953125,1490.57275390625,3877.259765625,45.16640853881836,10.862744331359863,34.303664207458496,10.832814038146685,16.39727182345015,5.564457785303468,,,,restoration_eval.metrics_classical,2.0.0,2026-07-24T08:38:36.435311+00:00,3.12.6,1.26.4,2.3.3,0.24.0,ok,,worst,6
canonical,p036_scratch_thin,p036,abstraction_surrealism,"Lozenge Composition with Yellow, Black, Blue, Red, and Gray",,,opencv_telea,masked_region,8289,,,,,,,,3952.4755859375,37.00563049316406,3915.469955444336,39.75783157348633,1.7489444017410278,38.0088871717453,12.162111648507278,32.448125528529786,20.28601388002251,,,,restoration_eval.metrics_classical,2.0.0,2026-07-24T08:38:36.435311+00:00,3.12.6,1.26.4,2.3.3,0.24.0,ok,,worst,7
canonical,p036_mixed_damage,p036,abstraction_surrealism,"Lozenge Composition with Yellow, Black, Blue, Red, and Gray",,,opencv_telea,masked_region,52887,,,,,,,,6036.99755859375,1914.882568359375,4122.114990234375,51.52741241455078,15.988459587097168,35.53895282745361,10.32259360646287,15.30938215188489,4.986788545422019,,,,restoration_eval.metrics_classical,2.0.0,2026-07-24T08:38:36.435311+00:00,3.12.6,1.26.4,2.3.3,0.24.0,ok,,worst,8
canonical,p020_loss_small,p020,landscape_natural,Mediterranean landscape (recto); Mountains (verso),,,opencv_telea,masked_region,13032,,,,,,,,5340.49267578125,466.8401489257813,4873.652526855469,68.14042663574219,13.305248260498049,54.83517837524414,10.85499037078426,21.4391216193691,10.58413124858484,,,,restoration_eval.metrics_classical,2.0.0,2026-07-24T08:38:36.435311+00:00,3.12.6,1.26.4,2.3.3,0.24.0,ok,,worst,9
canonical,p020_mixed_damage,p020,landscape_natural,Mediterranean landscape (recto); Mountains (verso),,,opencv_telea,masked_region,34209,,,,,,,,5547.43603515625,431.6930541992188,5115.742980957031,63.98647689819336,9.906574249267578,54.07990264892578,10.689880575778943,21.779052998123355,11.08917242234441,,,,restoration_eval.metrics_classical,2.0.0,2026-07-24T08:38:36.435311+00:00,3.12.6,1.26.4,2.3.3,0.24.0,ok,,worst,10
damage_size,p001__loss_large__size_15pct,p001,portrait_figure,Juan de Pareja,,,opencv_telea,masked_region,76373,,,,,,,,49114.56640625,461.5120239257813,48653.05438232422,220.4553985595703,12.22082805633545,208.2345705032349,1.2187004651147095,21.48897340540448,20.27027294028977,,,,restoration_eval.metrics_classical,2.0.0,2026-07-24T08:38:36.435311+00:00,3.12.6,1.26.4,2.3.3,0.24.0,ok,,best,1
damage_size,p001__loss_large__size_20pct,p001,portrait_figure,Juan de Pareja,,,opencv_telea,masked_region,101967,,,,,,,,48927.94140625,540.14599609375,48387.79541015625,219.9623565673828,13.092775344848633,206.86958122253415,1.2352341722556195,20.805691996964008,19.570457824708388,,,,restoration_eval.metrics_classical,2.0.0,2026-07-24T08:38:36.435311+00:00,3.12.6,1.26.4,2.3.3,0.24.0,ok,,best,2
damage_size,p001__loss_large__size_10pct,p001,portrait_figure,Juan de Pareja,,,opencv_telea,masked_region,50905,,,,,,,,47950.375,571.9752197265625,47378.39978027344,217.59043884277344,12.699316024780272,204.8911228179932,1.3228835291088628,20.557031470558925,19.23414794145006,,,,restoration_eval.metrics_classical,2.0.0,2026-07-24T08:38:36.435311+00:00,3.12.6,1.26.4,2.3.3,0.24.0,ok,,best,3
damage_size,p001__loss_large__size_08pct,p001,portrait_figure,Juan de Pareja,,,opencv_telea,masked_region,40785,,,,,,,,46975.75390625,771.8319091796875,46203.92199707031,215.2053680419922,15.185778617858888,200.0195894241333,1.4120660211776537,19.25557631599885,17.843510294821197,,,,restoration_eval.metrics_classical,2.0.0,2026-07-24T08:38:36.435311+00:00,3.12.6,1.26.4,2.3.3,0.24.0,ok,,best,4
damage_size,p001__loss_large__size_02pct,p001,portrait_figure,Juan de Pareja,,,opencv_telea,masked_region,10169,,,,,,,,45624.0,294.6995544433594,45329.30044555664,211.4823455810547,9.456812858581545,202.02553272247317,1.538870022908612,23.437008816278823,21.89813879337021,,,,restoration_eval.metrics_classical,2.0.0,2026-07-24T08:38:36.435311+00:00,3.12.6,1.26.4,2.3.3,0.24.0,ok,,best,5
damage_size,p001__loss_large__size_06pct,p001,portrait_figure,Juan de Pareja,,,opencv_telea,masked_region,30565,,,,,,,,45563.78515625,715.8074340820312,44847.97772216797,211.69924926757807,14.564229011535645,197.13502025604248,1.5446056547425258,19.58284156386377,18.038235909121244,,,,restoration_eval.metrics_classical,2.0.0,2026-07-24T08:38:36.435311+00:00,3.12.6,1.26.4,2.3.3,0.24.0,ok,,best,6
damage_size,p001__loss_large__size_04pct,p001,portrait_figure,Juan de Pareja,,,opencv_telea,masked_region,20290,,,,,,,,44921.1484375,349.9970703125,44571.1513671875,209.90977478027344,11.07862663269043,198.831148147583,1.6062951012413906,22.690159518103208,21.083864416861815,,,,restoration_eval.metrics_classical,2.0.0,2026-07-24T08:38:36.435311+00:00,3.12.6,1.26.4,2.3.3,0.24.0,ok,,best,7
damage_size,p043__loss_large__size_02pct,p043,high_texture_brushwork,The Card Players,,,opencv_telea,masked_region,9418,,,,,,,,35909.12890625,997.8632202148438,34911.26568603516,187.5669708251953,20.305442810058597,167.26152801513672,2.57875490851762,18.14009345409184,15.56133854557422,,,,restoration_eval.metrics_classical,2.0.0,2026-07-24T08:38:36.435311+00:00,3.12.6,1.26.4,2.3.3,0.24.0,ok,,best,8
damage_size,p043__loss_large__size_08pct,p043,high_texture_brushwork,The Card Players,,,opencv_telea,masked_region,37511,,,,,,,,35763.57421875,1003.1383666992188,34760.43585205078,186.7613983154297,21.935546875,164.8258514404297,2.596394450977524,18.11719519822161,15.520800747244085,,,,restoration_eval.metrics_classical,2.0.0,2026-07-24T08:38:36.435311+00:00,3.12.6,1.26.4,2.3.3,0.24.0,ok,,best,9
damage_size,p043__loss_large__size_10pct,p043,high_texture_brushwork,The Card Players,,,opencv_telea,masked_region,46880,,,,,,,,35699.00390625,959.2766723632812,34739.72723388672,186.65072631835935,21.260929107666016,165.38979721069336,2.6042426251634243,18.311364774185613,15.707122149022188,,,,restoration_eval.metrics_classical,2.0.0,2026-07-24T08:38:36.435311+00:00,3.12.6,1.26.4,2.3.3,0.24.0,ok,,best,10
damage_size,p039__loss_large__size_02pct,p039,abstraction_surrealism,Painting with Troika,,,opencv_telea,masked_region,8683,,,,,,,,12292.1845703125,96.89166259765624,12195.292907714844,100.6106948852539,6.117893218994141,94.49280166625977,7.234512881912785,28.26793952688282,21.033426644970035,,,,restoration_eval.metrics_classical,2.0.0,2026-07-24T08:38:36.435311+00:00,3.12.6,1.26.4,2.3.3,0.24.0,ok,,worst,1
damage_size,p039__loss_large__size_10pct,p039,abstraction_surrealism,Painting with Troika,,,opencv_telea,masked_region,43405,,,,,,,,13166.9912109375,740.9740600585938,12426.017150878906,105.24620056152344,18.120363235473636,87.1258373260498,6.935938151979066,19.432773563576824,12.496835411597758,,,,restoration_eval.metrics_classical,2.0.0,2026-07-24T08:38:36.435311+00:00,3.12.6,1.26.4,2.3.3,0.24.0,ok,,worst,2
damage_size,p039__loss_large__size_08pct,p039,abstraction_surrealism,Painting with Troika,,,opencv_telea,masked_region,34593,,,,,,,,13202.2626953125,713.9940185546875,12488.268676757812,105.22012329101562,17.23921012878418,87.98091316223145,6.92431990883673,19.593857873544447,12.669537964707718,,,,restoration_eval.metrics_classical,2.0.0,2026-07-24T08:38:36.435311+00:00,3.12.6,1.26.4,2.3.3,0.24.0,ok,,worst,3
damage_size,p039__loss_large__size_15pct,p039,abstraction_surrealism,Painting with Troika,,,opencv_telea,masked_region,64917,,,,,,,,13486.9912109375,911.1426391601562,12575.848571777344,106.55935668945312,21.2552433013916,85.30411338806152,6.831652863799179,18.534939898762723,11.703287034963544,,,,restoration_eval.metrics_classical,2.0.0,2026-07-24T08:38:36.435311+00:00,3.12.6,1.26.4,2.3.3,0.24.0,ok,,worst,4
damage_size,p039__loss_large__size_04pct,p039,abstraction_surrealism,Painting with Troika,,,opencv_telea,masked_region,17329,,,,,,,,12887.5537109375,281.5643615722656,12605.989349365234,103.5378646850586,10.209282875061035,93.32858180999756,7.029098725809803,23.635026768466577,16.605928042656775,,,,restoration_eval.metrics_classical,2.0.0,2026-07-24T08:38:36.435311+00:00,3.12.6,1.26.4,2.3.3,0.24.0,ok,,worst,5
damage_size,p039__loss_large__size_06pct,p039,abstraction_surrealism,Painting with Troika,,,opencv_telea,masked_region,25949,,,,,,,,13188.3095703125,483.3547973632813,12704.95477294922,104.99393463134766,14.349801063537598,90.64413356781006,6.92891228045828,21.288143274847545,14.35923099438926,,,,restoration_eval.metrics_classical,2.0.0,2026-07-24T08:38:36.435311+00:00,3.12.6,1.26.4,2.3.3,0.24.0,ok,,worst,6
damage_size,p039__loss_large__size_20pct,p039,abstraction_surrealism,Painting with Troika,,,opencv_telea,masked_region,86644,,,,,,,,16026.671875,2042.1031494140625,13984.568725585938,115.4457778930664,30.04551124572754,85.40026664733887,6.082370154562388,15.030026857566195,8.947656703003808,,,,restoration_eval.metrics_classical,2.0.0,2026-07-24T08:38:36.435311+00:00,3.12.6,1.26.4,2.3.3,0.24.0,ok,,worst,7
damage_size,p026__loss_large__size_02pct,p026,architecture_structured,View of a Village along a River,,,opencv_telea,masked_region,8147,,,,,,,,14749.228515625,32.26791000366211,14716.960605621338,117.75950622558594,4.263491630554199,113.49601459503174,6.4431105649742415,33.04309523857906,26.599984673604823,,,,restoration_eval.metrics_classical,2.0.0,2026-07-24T08:38:36.435311+00:00,3.12.6,1.26.4,2.3.3,0.24.0,ok,,worst,8
damage_size,p026__loss_large__size_04pct,p026,architecture_structured,View of a Village along a River,,,opencv_telea,masked_region,16243,,,,,,,,15230.904296875,103.4391632080078,15127.465133666992,119.81558990478516,6.430975437164307,113.38461446762084,6.303546716169715,27.98395362294245,21.68040690677273,,,,restoration_eval.metrics_classical,2.0.0,2026-07-24T08:38:36.435311+00:00,3.12.6,1.26.4,2.3.3,0.24.0,ok,,worst,9
damage_size,p026__loss_large__size_06pct,p026,architecture_structured,View of a Village along a River,,,opencv_telea,masked_region,24409,,,,,,,,15552.4482421875,109.92189025878906,15442.526351928713,120.9279327392578,6.888442993164063,114.03948974609376,6.212815961623025,27.71996172794512,21.507145766322093,,,,restoration_eval.metrics_classical,2.0.0,2026-07-24T08:38:36.435311+00:00,3.12.6,1.26.4,2.3.3,0.24.0,ok,,worst,10
mask_robustness,p001__scratch_thin__variant_01,p001,portrait_figure,Juan de Pareja,,,opencv_telea,masked_region,10186,,,,,,,,54909.4765625,44.40283966064453,54865.07372283936,234.1381683349609,3.657307386398315,230.48086094856265,0.7343305715309524,31.656696157642585,30.922365586111628,,,,restoration_eval.metrics_classical,2.0.0,2026-07-24T08:38:36.435311+00:00,3.12.6,1.26.4,2.3.3,0.24.0,ok,,best,1
mask_robustness,p001__loss_small__variant_03,p001,portrait_figure,Juan de Pareja,,,opencv_telea,masked_region,22960,,,,,,,,52737.828125,100.2885284423828,52637.53959655762,229.2097320556641,6.437804698944092,222.77192735672,0.9095812036972816,28.118291020159614,27.20870981646233,,,,restoration_eval.metrics_classical,2.0.0,2026-07-24T08:38:36.435311+00:00,3.12.6,1.26.4,2.3.3,0.24.0,ok,,best,2
mask_robustness,p001__scratch_thin__variant_04,p001,portrait_figure,Juan de Pareja,,,opencv_telea,masked_region,10157,,,,,,,,51953.40625,148.93780517578125,51804.46844482422,226.14236450195312,5.9301629066467285,220.2122015953064,0.9746633415116585,26.40075411300605,25.426090771494398,,,,restoration_eval.metrics_classical,2.0.0,2026-07-24T08:38:36.435311+00:00,3.12.6,1.26.4,2.3.3,0.24.0,ok,,best,3
mask_robustness,p001__scratch_thin__variant_02,p001,portrait_figure,Juan de Pareja,,,opencv_telea,masked_region,10191,,,,,,,,51236.26953125,105.26343536376952,51131.00609588623,224.4574279785156,5.019494533538818,219.4379334449768,1.0350285925215958,27.90802821377204,26.872999621250443,,,,restoration_eval.metrics_classical,2.0.0,2026-07-24T08:38:36.435311+00:00,3.12.6,1.26.4,2.3.3,0.24.0,ok,,best,4
mask_robustness,p001__loss_small__variant_01,p001,portrait_figure,Juan de Pareja,,,opencv_telea,masked_region,22079,,,,,,,,50764.4375,246.1794891357422,50518.25801086426,224.59039306640625,9.24279499053955,215.3475980758667,1.075207825608837,24.218284947512416,23.143077121903577,,,,restoration_eval.metrics_classical,2.0.0,2026-07-24T08:38:36.435311+00:00,3.12.6,1.26.4,2.3.3,0.24.0,ok,,best,5
mask_robustness,p001__loss_small__variant_04,p001,portrait_figure,Juan de Pareja,,,opencv_telea,masked_region,22924,,,,,,,,50626.421875,158.54554748535156,50467.87632751465,224.1803436279297,6.048130035400391,218.1322135925293,1.0870312703936302,26.12926310844725,25.042231838053624,,,,restoration_eval.metrics_classical,2.0.0,2026-07-24T08:38:36.435311+00:00,3.12.6,1.26.4,2.3.3,0.24.0,ok,,best,6
mask_robustness,p001__loss_small__variant_05,p001,portrait_figure,Juan de Pareja,,,opencv_telea,masked_region,22900,,,,,,,,50742.828125,286.4866027832031,50456.3415222168,223.76339721679688,8.425894737243652,215.3375024795532,1.0770569213171826,23.559760433720744,22.48270351240356,,,,restoration_eval.metrics_classical,2.0.0,2026-07-24T08:38:36.435311+00:00,3.12.6,1.26.4,2.3.3,0.24.0,ok,,best,7
mask_robustness,p001__scratch_thin__variant_05,p001,portrait_figure,Juan de Pareja,,,opencv_telea,masked_region,10152,,,,,,,,50096.9765625,72.26287078857422,50024.71369171143,222.7894287109375,4.40070915222168,218.38871955871585,1.1326884461832123,29.54165150067252,28.40896305448931,,,,restoration_eval.metrics_classical,2.0.0,2026-07-24T08:38:36.435311+00:00,3.12.6,1.26.4,2.3.3,0.24.0,ok,,best,8
mask_robustness,p001__loss_large__variant_01,p001,portrait_figure,Juan de Pareja,,,opencv_telea,masked_region,63739,,,,,,,,50335.02734375,456.98187255859375,49878.045471191406,223.1496124267578,13.359423637390137,209.79018878936768,1.11210051996465,21.5318138794011,20.41971335943645,,,,restoration_eval.metrics_classical,2.0.0,2026-07-24T08:38:36.435311+00:00,3.12.6,1.26.4,2.3.3,0.24.0,ok,,best,9
mask_robustness,p001__scratch_thin__variant_03,p001,portrait_figure,Juan de Pareja,,,opencv_telea,masked_region,8635,,,,,,,,49101.078125,53.75004959106445,49047.328075408936,219.58966064453125,3.9206717014312735,215.6689889431,1.2198933272461991,30.82701491589743,29.60712158865123,,,,restoration_eval.metrics_classical,2.0.0,2026-07-24T08:38:36.435311+00:00,3.12.6,1.26.4,2.3.3,0.24.0,ok,,best,10
mask_robustness,p039__loss_large__variant_01,p039,abstraction_surrealism,Painting with Troika,,,opencv_telea,masked_region,54225,,,,,,,,12407.1337890625,1090.249755859375,11316.884033203123,102.27277374267578,23.25592041015625,79.01685333251953,7.19408895514489,17.75554362774396,10.561454672599073,,,,restoration_eval.metrics_classical,2.0.0,2026-07-24T08:38:36.435311+00:00,3.12.6,1.26.4,2.3.3,0.24.0,ok,,worst,1
mask_robustness,p039__scratch_thin__variant_02,p039,abstraction_surrealism,Painting with Troika,,,opencv_telea,masked_region,8664,,,,,,,,12798.9150390625,1266.3990478515625,11532.515991210938,104.96764373779295,25.902084350585938,79.06555938720703,7.059072046980976,17.105097855399592,10.046025808418616,,,,restoration_eval.metrics_classical,2.0.0,2026-07-24T08:38:36.435311+00:00,3.12.6,1.26.4,2.3.3,0.24.0,ok,,worst,2
mask_robustness,p039__loss_large__variant_05,p039,abstraction_surrealism,Painting with Troika,,,opencv_telea,masked_region,54127,,,,,,,,13542.251953125,1391.66748046875,12150.58447265625,106.3713607788086,25.402158737182617,80.96920204162598,6.813894712976593,16.695448818065262,9.88155410508867,,,,restoration_eval.metrics_classical,2.0.0,2026-07-24T08:38:36.435311+00:00,3.12.6,1.26.4,2.3.3,0.24.0,ok,,worst,3
mask_robustness,p039__scratch_thin__variant_04,p039,abstraction_surrealism,Painting with Troika,,,opencv_telea,masked_region,8658,,,,,,,,17645.4453125,1892.347412109375,15753.097900390623,124.6141128540039,32.49491882324219,92.11919403076172,5.664477378816924,15.36079490265453,9.696317523837603,,,,restoration_eval.metrics_classical,2.0.0,2026-07-24T08:38:36.435311+00:00,3.12.6,1.26.4,2.3.3,0.24.0,ok,,worst,4
mask_robustness,p039__loss_small__variant_04,p039,abstraction_surrealism,Painting with Troika,,,opencv_telea,masked_region,19494,,,,,,,,19104.5546875,1457.3035888671875,17647.251098632812,125.03839111328124,25.735166549682617,99.30322456359865,5.319434417963967,16.495303264380027,11.17586884641606,,,,restoration_eval.metrics_classical,2.0.0,2026-07-24T08:38:36.435311+00:00,3.12.6,1.26.4,2.3.3,0.24.0,ok,,worst,5
mask_robustness,p026__loss_small__variant_02,p026,architecture_structured,View of a Village along a River,,,opencv_telea,masked_region,18265,,,,,,,,20223.51171875,118.45599365234376,20105.055725097656,135.56179809570312,7.572953701019287,127.98884439468384,5.072237898477228,27.39523320762402,22.32299530914679,,,,restoration_eval.metrics_classical,2.0.0,2026-07-24T08:38:36.435311+00:00,3.12.6,1.26.4,2.3.3,0.24.0,ok,,worst,6
mask_robustness,p026__loss_large__variant_02,p026,architecture_structured,View of a Village along a River,,,opencv_telea,masked_region,50836,,,,,,,,20845.08984375,495.9659118652344,20349.12393188477,140.2088165283203,14.830041885375977,125.37877464294434,4.94076589562909,21.17628532759912,16.235519431970033,,,,restoration_eval.metrics_classical,2.0.0,2026-07-24T08:38:36.435311+00:00,3.12.6,1.26.4,2.3.3,0.24.0,ok,,worst,7
mask_robustness,p026__scratch_thin__variant_01,p026,architecture_structured,View of a Village along a River,,,opencv_telea,masked_region,8139,,,,,,,,20730.134765625,121.73088073730467,20608.40388488769,138.29258728027344,7.306753635406494,130.98583364486694,4.964782354369996,27.27679596667685,22.312013612306856,,,,restoration_eval.metrics_classical,2.0.0,2026-07-24T08:38:36.435311+00:00,3.12.6,1.26.4,2.3.3,0.24.0,ok,,worst,8
mask_robustness,p026__loss_small__variant_04,p026,architecture_structured,View of a Village along a River,,,opencv_telea,masked_region,18235,,,,,,,,20854.921875,164.07876586914062,20690.84310913086,137.02291870117188,8.624312400817871,128.398606300354,4.93871793601426,25.9802798007414,21.04156186472714,,,,restoration_eval.metrics_classical,2.0.0,2026-07-24T08:38:36.435311+00:00,3.12.6,1.26.4,2.3.3,0.24.0,ok,,worst,9
mask_robustness,p039__loss_small__variant_05,p039,abstraction_surrealism,Painting with Troika,,,opencv_telea,masked_region,19478,,,,,,,,21418.591796875,595.1522216796875,20823.439575195312,135.55699157714844,15.340452194213867,120.21653938293456,4.822894468907793,20.3845230172682,15.561628548360408,,,,restoration_eval.metrics_classical,2.0.0,2026-07-24T08:38:36.435311+00:00,3.12.6,1.26.4,2.3.3,0.24.0,ok,,worst,10
synthetic,p001__partial_transparency__severe,p001,portrait_figure,Juan de Pareja,,,opencv_telea,masked_region,475536,,,,,,,,1309.33203125,1170.406005859375,138.926025390625,31.62031364440918,28.964889526367188,2.655424118041992,16.960305683625954,17.447438191921346,0.4871325082953923,,,,restoration_eval.metrics_classical,2.0.0,2026-07-24T08:38:36.435311+00:00,3.12.6,1.26.4,2.3.3,0.24.0,ok,,best,1
synthetic,p039__water_stain__severe,p039,abstraction_surrealism,Painting with Troika,,,opencv_telea,masked_region,151850,,,,,,,,96.57115936279295,96.57115936279295,0.0,7.558403968811035,7.558403968811035,0.0,28.282329156090448,28.282329156090448,0.0,,,,restoration_eval.metrics_classical,2.0.0,2026-07-24T08:38:36.435311+00:00,3.12.6,1.26.4,2.3.3,0.24.0,ok,,best,2
synthetic,p043__water_stain__moderate,p043,high_texture_brushwork,The Card Players,,,opencv_telea,masked_region,114050,,,,,,,,36.91136932373047,36.91136932373047,0.0,4.473783493041992,4.473783493041992,0.0,32.45920204084359,32.45920204084359,0.0,,,,restoration_eval.metrics_classical,2.0.0,2026-07-24T08:38:36.435311+00:00,3.12.6,1.26.4,2.3.3,0.24.0,ok,,best,3
synthetic,p039__water_stain_dirt__moderate,p039,abstraction_surrealism,Painting with Troika,,,opencv_telea,masked_region,72227,,,,,,,,44.837921142578125,44.837921142578125,0.0,5.43210506439209,5.43210506439209,0.0,31.61434892030526,31.61434892030526,0.0,,,,restoration_eval.metrics_classical,2.0.0,2026-07-24T08:38:36.435311+00:00,3.12.6,1.26.4,2.3.3,0.24.0,ok,,best,4
synthetic,p026__water_stain__severe,p026,architecture_structured,View of a Village along a River,,,opencv_telea,masked_region,112199,,,,,,,,71.47798919677734,71.47798919677734,0.0,5.769180774688721,5.769180774688721,0.0,29.58908034340224,29.58908034340224,0.0,,,,restoration_eval.metrics_classical,2.0.0,2026-07-24T08:38:36.435311+00:00,3.12.6,1.26.4,2.3.3,0.24.0,ok,,best,5
synthetic,p026__water_stain__moderate,p026,architecture_structured,View of a Village along a River,,,opencv_telea,masked_region,76272,,,,,,,,11.808584213256836,11.808584213256836,0.0,2.535386562347412,2.535386562347412,0.0,37.40882529742826,37.40882529742826,0.0,,,,restoration_eval.metrics_classical,2.0.0,2026-07-24T08:38:36.435311+00:00,3.12.6,1.26.4,2.3.3,0.24.0,ok,,best,6
synthetic,p001__dirt_dust__mild,p001,portrait_figure,Juan de Pareja,,,opencv_telea,masked_region,179470,,,,,,,,0.0005423375987447,0.6874445080757141,-0.6869021704769693,0.0005423375987447,0.0376980379223823,-0.0371557003236375,80.78810646970254,49.75842714088047,-31.02967932882207,,,,restoration_eval.metrics_classical,2.0.0,2026-07-24T08:38:36.435311+00:00,3.12.6,1.26.4,2.3.3,0.24.0,ok,,best,7
synthetic,p001__water_stain__moderate,p001,portrait_figure,Juan de Pareja,,,opencv_telea,masked_region,126986,,,,,,,,43.760231018066406,45.001686096191406,-1.241455078125,5.146514892578125,5.196496963500977,-0.0499820709228515,31.72000754818436,31.598515749024838,-0.1214917991595214,,,,restoration_eval.metrics_classical,2.0.0,2026-07-24T08:38:36.435311+00:00,3.12.6,1.26.4,2.3.3,0.24.0,ok,,best,8
synthetic,p043__dirt_dust__mild,p043,high_texture_brushwork,The Card Players,,,opencv_telea,masked_region,150859,,,,,,,,0.0037010277155786,1.447658658027649,-1.4439576303120705,0.003586129983887,0.0716364309191703,-0.0680503009352833,72.44758023495626,46.52414188793168,-25.923438347024582,,,,restoration_eval.metrics_classical,2.0.0,2026-07-24T08:38:36.435311+00:00,3.12.6,1.26.4,2.3.3,0.24.0,ok,,best,9
synthetic,p026__dirt_dust__mild,p026,architecture_structured,View of a Village along a River,,,opencv_telea,masked_region,62264,,,,,,,,0.0160927660763263,1.9739817380905151,-1.9578889720141888,0.0157715529203414,0.1347702294588089,-0.1189986765384674,66.06449662422192,45.17737230306939,-20.887124321152527,,,,restoration_eval.metrics_classical,2.0.0,2026-07-24T08:38:36.435311+00:00,3.12.6,1.26.4,2.3.3,0.24.0,ok,,best,10
synthetic,p039__partial_transparency__severe,p039,abstraction_surrealism,Painting with Troika,,,opencv_telea,masked_region,331500,,,,,,,,344.2683410644531,1404.7786865234375,-1060.5103454589844,12.100921630859377,21.784910202026367,-9.683988571166992,22.761832740714123,16.65472451425672,-6.107108226457402,,,,restoration_eval.metrics_classical,2.0.0,2026-07-24T08:38:36.435311+00:00,3.12.6,1.26.4,2.3.3,0.24.0,ok,,worst,1
synthetic,p039__partial_transparency__moderate,p039,abstraction_surrealism,Painting with Troika,,,opencv_telea,masked_region,233720,,,,,,,,121.3027801513672,1155.099609375,-1033.7968292236328,6.907141208648682,18.369569778442383,-11.4624285697937,27.292096062456803,17.504609238807756,-9.787486823649049,,,,restoration_eval.metrics_classical,2.0.0,2026-07-24T08:38:36.435311+00:00,3.12.6,1.26.4,2.3.3,0.24.0,ok,,worst,2
synthetic,p043__partial_transparency__severe,p043,high_texture_brushwork,The Card Players,,,opencv_telea,masked_region,392184,,,,,,,,547.3335571289062,1488.9608154296875,-941.6272583007812,17.099000930786133,25.475215911865234,-8.376214981079102,20.74828285228336,16.401970921732122,-4.346311930551238,,,,restoration_eval.metrics_classical,2.0.0,2026-07-24T08:38:36.435311+00:00,3.12.6,1.26.4,2.3.3,0.24.0,ok,,worst,3
synthetic,p026__partial_transparency__severe,p026,architecture_structured,View of a Village along a River,,,opencv_telea,masked_region,312525,,,,,,,,224.5095977783203,860.2576904296875,-635.7480926513672,10.50653839111328,16.585878372192383,-6.079339981079102,24.618454490561174,18.7845179710328,-5.833936519528375,,,,restoration_eval.metrics_classical,2.0.0,2026-07-24T08:38:36.435311+00:00,3.12.6,1.26.4,2.3.3,0.24.0,ok,,worst,4
synthetic,p018__partial_transparency__severe,p018,landscape_natural,Classical Landscape with Figures,,,opencv_telea,masked_region,317906,,,,,,,,556.7607421875,1140.8822021484375,-584.1214599609375,17.856229782104492,22.480796813964844,-4.624567031860352,20.67411755767585,17.55839555711697,-3.115722000558879,,,,restoration_eval.metrics_classical,2.0.0,2026-07-24T08:38:36.435311+00:00,3.12.6,1.26.4,2.3.3,0.24.0,ok,,worst,5
synthetic,p018__water_stain__mild,p018,landscape_natural,Classical Landscape with Figures,,,opencv_telea,masked_region,52980,,,,,,,,16.52081298828125,521.2301025390625,-504.7092895507813,2.955643653869629,13.711098670959473,-10.755455017089844,35.950489457505675,20.960508713463835,-14.98998074404184,,,,restoration_eval.metrics_classical,2.0.0,2026-07-24T08:38:36.435311+00:00,3.12.6,1.26.4,2.3.3,0.24.0,ok,,worst,6
synthetic,p043__partial_transparency__moderate,p043,high_texture_brushwork,The Card Players,,,opencv_telea,masked_region,281976,,,,,,,,108.31393432617188,599.7294311523438,-491.4154968261719,7.63974142074585,14.261275291442873,-6.6215338706970215,27.783960297117787,20.35124998917864,-7.43271030793915,,,,restoration_eval.metrics_classical,2.0.0,2026-07-24T08:38:36.435311+00:00,3.12.6,1.26.4,2.3.3,0.24.0,ok,,worst,7
synthetic,p039__water_stain__moderate,p039,abstraction_surrealism,Painting with Troika,,,opencv_telea,masked_region,72835,,,,,,,,73.92647552490234,538.9094848632812,-464.9830093383789,7.046232223510742,13.777419090270996,-6.731186866760254,29.44280359344725,20.815645335763293,-8.62715825768396,,,,restoration_eval.metrics_classical,2.0.0,2026-07-24T08:38:36.435311+00:00,3.12.6,1.26.4,2.3.3,0.24.0,ok,,worst,8
synthetic,p039__partial_transparency__mild,p039,abstraction_surrealism,Painting with Troika,,,opencv_telea,masked_region,63307,,,,,,,,7.87642765045166,291.83038330078125,-283.9539556503296,1.6547880172729492,6.231733322143555,-4.5769453048706055,39.16751072753119,23.479498553086025,-15.688012174445165,,,,restoration_eval.metrics_classical,2.0.0,2026-07-24T08:38:36.435311+00:00,3.12.6,1.26.4,2.3.3,0.24.0,ok,,worst,9
synthetic,p043__partial_transparency__mild,p043,high_texture_brushwork,The Card Players,,,opencv_telea,masked_region,76588,,,,,,,,30.1422119140625,309.4403076171875,-279.298095703125,3.634585857391357,7.956607818603516,-4.322021961212158,33.339052420590235,23.225034767290257,-10.114017653299978,,,,restoration_eval.metrics_classical,2.0.0,2026-07-24T08:38:36.435311+00:00,3.12.6,1.26.4,2.3.3,0.24.0,ok,,worst,10
