original_case_id,case_id,painting_id,mask_id,mask_type,category,title,uncertainty_selection_role,num_seed_outputs,seeds,image_height,image_width,mask_pixel_count,mask_fraction,bbox_x_min,bbox_y_min,bbox_x_max,bbox_y_max,bbox_width,bbox_height,bbox_pixel_count,full_std_mean,full_std_max,full_variance_mean,full_mad_mean,masked_std_mean,masked_std_max,masked_variance_mean,masked_mad_mean,bbox_std_mean,bbox_std_max,bbox_variance_mean,bbox_mad_mean,lpips_pair_count,mean_pairwise_lpips,median_pairwise_lpips,max_pairwise_lpips,range_pairwise_lpips,feature_pair_count,mean_pairwise_clip_similarity,mean_pairwise_dinov2_similarity,mean_clip_uncertainty_distance,mean_dinov2_uncertainty_distance,max_clip_uncertainty_distance,max_dinov2_uncertainty_distance,range_pairwise_clip_similarity,range_pairwise_dinov2_similarity,masked_std_mean_normalized,masked_mad_mean_normalized,bbox_std_mean_normalized,mean_pairwise_lpips_normalized,mean_clip_uncertainty_distance_normalized,mean_dinov2_uncertainty_distance_normalized,combined_uncertainty_index,uncertainty_rank_high_to_low,refined_overall_metric_vote,refined_metric_ties,refined_mixed_metric_outcome,refined_stable_diffusion_metric_wins,stable_diffusion_inpainting_mse_improvement,stable_diffusion_inpainting_psnr_improvement,stable_diffusion_inpainting_ssim_improvement,stable_diffusion_inpainting_lpips_improvement,stable_diffusion_inpainting_clip_improvement,stable_diffusion_inpainting_dinov2_improvement,winner_mse_improvement,winner_psnr_improvement,winner_ssim_improvement,winner_lpips_improvement,winner_clip_improvement,winner_dinov2_improvement,stable_diffusion_won_refined_vote,stable_diffusion_zero_metric_wins,stable_diffusion_low_metric_wins,uncertainty_performance_quadrant
p011_loss_large,p011_loss_large,p011,p011_loss_large,loss_large,landscape_natural,View of Haarlem and the Haarlemmer Meer,relatively_weak_or_disagreement_prone_stable_diffusion,4,"2026,2027,2028,2029",768,768,49885,0.0845760769314236,0,144,323,445,323,301,97223,0.018285246565937996,0.335436075925827,0.0022777351550757885,0.01611027680337429,0.14998354017734528,0.335436075925827,0.02607254683971405,0.13332690298557281,0.0818590372800827,0.335436075925827,0.013505919836461544,0.07264567166566849,6,0.44739577174186707,0.45904311537742615,0.49280020594596863,0.12406459450721741,6,0.767004132270813,0.3977402572830518,0.232995867729187,0.6022597427169482,0.31550687551498413,0.8233110904693604,0.20014190673828125,0.5338128805160522,1.0,1.0,0.9004974010891864,1.0,1.0,1.0,0.9834162335148644,1,lama,0,True,0,18524.33337402344,14.04316734735312,-0.159793581787485,0.0501744747161865,-0.1398811936378479,0.0464450120925903,lama,lama,opencv_telea,lama,lama,lama,False,True,True,high_uncertainty_low_reference_performance
p009_loss_large,p009_loss_large,p009,p009_loss_large,loss_large,portrait_figure,Madame Roulin and Her Baby,relatively_strong_stable_diffusion,4,"2026,2027,2028,2029",768,768,58251,0.09875996907552083,114,5,425,353,311,348,108228,0.027996577322483063,0.356485515832901,0.003158645471557975,0.024305133149027824,0.1475362777709961,0.356485515832901,0.028788316994905472,0.1290014237165451,0.08997443318367004,0.356485515832901,0.01592666655778885,0.07857660949230194,6,0.3724637379248937,0.3684093654155731,0.40303850173950195,0.058481305837631226,6,0.92319256067276,0.8457593421141306,0.07680743932723999,0.15424065788586935,0.09512066841125488,0.22665679454803467,0.05867582559585571,0.11934322118759155,0.9786427280942412,0.957905628156207,1.0,0.8239960006014264,0.3155764023716034,0.23938764798718992,0.719251401201778,2,lama,0,True,2,14208.7275390625,4.9100932973564575,-0.2402667881871068,0.1938725113868713,0.1394519209861755,0.1910362839698791,lama,lama,opencv_telea,lama,stable_diffusion_inpainting,stable_diffusion_inpainting,False,False,False,high_uncertainty_high_reference_performance
p031_loss_large,p031_loss_large,p031,p031_loss_large,loss_large,abstraction_surrealism,Improvisation No. 30 (Cannons),relatively_weak_or_disagreement_prone_stable_diffusion,4,"2026,2027,2028,2029",768,768,83367,0.1413421630859375,408,239,740,699,332,460,152720,0.025787748396396637,0.26634323596954346,0.0023412422742694616,0.022473029792308807,0.10873526334762573,0.26634323596954346,0.015094321221113205,0.09531685709953308,0.06774807721376419,0.26634323596954346,0.008526984602212906,0.059286609292030334,6,0.31811081369717914,0.3171663284301758,0.33506304025650024,0.03451347351074219,6,0.9334937632083893,0.7445869743824005,0.06650623679161072,0.2554130256175995,0.09604185819625854,0.3002370595932007,0.04450720548629761,0.10495758056640625,0.6400260709228454,0.6300967116445693,0.7274833896464743,0.6963292130369543,0.2704361434454418,0.41115031432126037,0.5625869738362576,3,lama,0,True,0,15065.325927734377,8.255180764984829,-0.1514314211573308,0.1551523804664611,0.1481353044509887,0.0635701417922973,lama,lama,opencv_telea,lama,lama,lama,False,True,True,high_uncertainty_low_reference_performance
p018_loss_large,p018_loss_large,p018,p018_loss_large,loss_large,landscape_natural,Classical Landscape with Figures,relatively_strong_stable_diffusion,4,"2026,2027,2028,2029",768,768,55845,0.0946807861328125,202,144,546,490,344,346,119024,0.01497077289968729,0.3170560300350189,0.0013454094296321273,0.012989365495741367,0.08840785920619965,0.3170560300350189,0.0132394228130579,0.07712108641862869,0.048079315572977066,0.3170560300350189,0.006369458045810461,0.041894033551216125,6,0.28835925956567127,0.29080407321453094,0.3081102967262268,0.04539692401885986,6,0.8795900146166483,0.6111375739177068,0.12040998538335164,0.3888624260822932,0.16211813688278198,0.5780703127384186,0.08919519186019897,0.3128984272480011,0.4626287079509162,0.45302048739565565,0.486325358187957,0.6264473180885429,0.5066444074909235,0.6377104449023513,0.5287961206693911,4,lama,0,True,1,19818.33935546875,11.440559586906357,-0.070290414840571,0.251799464225769,0.0589441657066345,0.0909712314605712,lama,lama,lama,lama,lama,stable_diffusion_inpainting,False,False,True,high_uncertainty_high_reference_performance
p026_loss_large,p026_loss_large,p026,p026_loss_large,loss_large,architecture_structured,View of a Village along a River,relatively_weak_or_disagreement_prone_stable_diffusion,4,"2026,2027,2028,2029",768,768,44723,0.0758243136935764,264,156,527,465,263,309,81267,0.014036284759640694,0.22631125152111053,0.0008452082402072847,0.012138638645410538,0.08345761895179749,0.22631125152111053,0.009391417726874352,0.07222787290811539,0.053656063973903656,0.22631125152111053,0.005386155564337969,0.046428147703409195,6,0.34533925851186115,0.3450138568878174,0.38427430391311646,0.07902336120605469,6,0.9059257109959921,0.7667086124420166,0.09407428900400798,0.2332913875579834,0.10777699947357178,0.2950150966644287,0.023875653743743896,0.13143384456634521,0.41942793518629173,0.40540108242069683,0.5547016846119865,0.7602847063109384,0.3912403903916976,0.37359389825642964,0.4841082828630068,5,lama,0,True,0,15584.4873046875,9.242691882745962,-0.19169074574643,0.1832665205001831,0.1421346664428711,0.1255364418029785,lama,lama,opencv_telea,lama,lama,lama,False,True,True,high_uncertainty_low_reference_performance
p037_loss_large,p037_loss_large,p037,p037_loss_large,loss_large,abstraction_surrealism,In the Sea,relatively_strong_stable_diffusion,4,"2026,2027,2028,2029",768,768,47216,0.0800509982638889,137,154,438,480,301,326,98126,0.01374635100364685,0.3013257086277008,0.0014593953965231776,0.01199693325906992,0.09862791001796722,0.3013257086277008,0.01745021343231201,0.08670981973409653,0.05274970084428787,0.3013257086277008,0.008481314405798912,0.04629989713430405,6,0.264517975350221,0.27129465341567993,0.28751426935195923,0.07199336588382721,6,0.9583626985549927,0.8685344556967417,0.041637301445007324,0.13146554430325827,0.05903518199920654,0.15309655666351318,0.03550928831100464,0.03789705038070679,0.5518191451967562,0.5463353967011855,0.5435887964639365,0.5704477520956227,0.1614595286394623,0.20072181142810627,0.4290620717541782,6,stable_diffusion_inpainting,0,True,4,32135.70556640625,13.917993769741576,0.0675870679054061,0.3427233397960663,0.1687482595443725,0.0161963701248168,stable_diffusion_inpainting,stable_diffusion_inpainting,opencv_telea,stable_diffusion_inpainting,stable_diffusion_inpainting,lama,True,False,False,high_uncertainty_high_reference_performance
p010_loss_large,p010_loss_large,p010,p010_loss_large,loss_large,portrait_figure,Joan of Arc,relatively_weak_or_disagreement_prone_stable_diffusion,4,"2026,2027,2028,2029",768,768,92273,0.1564415825737847,167,142,527,683,360,541,194760,0.022726183757185936,0.25707805156707764,0.001289675710722804,0.01972731202840805,0.06724465638399124,0.24293184280395508,0.006327817682176828,0.058490149676799774,0.042495161294937134,0.24293184280395508,0.0033452496863901615,0.03690806403756142,6,0.33247319360574085,0.3346400707960129,0.36212339997291565,0.06325727701187134,6,0.9028877913951874,0.7198851108551025,0.09711220860481262,0.28011488914489746,0.12083065509796143,0.4233192205429077,0.061013221740722656,0.272510826587677,0.2779373254910763,0.27170934700380245,0.4178582285512752,0.7300642683400439,0.4045526689245074,0.4530872387799173,0.42586817951510375,7,tie_lama_opencv_telea,0,True,0,37876.23669433594,17.4499989396261,-0.153183345946177,0.2825779616832733,0.1569653153419494,0.2559692859649658,opencv_telea,opencv_telea,opencv_telea,lama,lama,lama,False,True,True,high_uncertainty_low_reference_performance
p043_loss_large,p043_loss_large,p043,p043_loss_large,loss_large,high_texture_brushwork,The Card Players,relatively_strong_stable_diffusion,4,"2026,2027,2028,2029",768,768,55790,0.09458753797743055,179,308,510,625,331,317,104927,0.015246467664837837,0.26898419857025146,0.0010280180722475052,0.013177490793168545,0.08480453491210938,0.26898419857025146,0.009791487827897072,0.07329986244440079,0.05240452289581299,0.26898419857025146,0.00539586553350091,0.045289792120456696,6,0.30169521768887836,0.3045652359724045,0.31367722153663635,0.027308553457260132,6,0.9448924859364828,0.865868349870046,0.05510751406351725,0.134131650129954,0.06192445755004883,0.1720215082168579,0.013813257217407227,0.09377014636993408,0.43118247786383845,0.41583338907308687,0.5393565811329788,0.6577714640636741,0.22048650954648744,0.20524812089173705,0.4116464237619671,8,lama,0,True,2,23756.100830078125,10.839566969984334,-0.0505575392861803,0.2766716778278351,0.0919470787048339,0.1781947016716003,lama,lama,lama,stable_diffusion_inpainting,lama,stable_diffusion_inpainting,False,False,False,high_uncertainty_high_reference_performance
p021_loss_large,p021_loss_large,p021,p021_loss_large,loss_large,architecture_structured,Interior of the Oude Kerk in Delft,relatively_strong_stable_diffusion,4,"2026,2027,2028,2029",768,768,49986,0.084747314453125,375,161,705,464,330,303,99990,0.014526503160595894,0.27312859892845154,0.0008686755318194628,0.012552601285278797,0.0732654333114624,0.27312859892845154,0.008488873019814491,0.06321953982114792,0.043949298560619354,0.27312859892845154,0.004469673149287701,0.03793678432703018,6,0.2510444050033887,0.25633613765239716,0.26878467202186584,0.039271384477615356,6,0.9519835213820139,0.7885116040706635,0.048016478617986046,0.21148839592933655,0.06818979978561401,0.24036067724227905,0.04088526964187622,0.04838484525680542,0.3304806774382613,0.3177344681403351,0.4356873571393809,0.5388003758477976,0.189413324162669,0.33657845559993343,0.3581157763880629,9,lama,0,True,2,26212.961181640625,14.473169042182915,-0.0093335004849903,0.3764849305152893,0.1872813105583191,0.1043593287467956,lama,lama,lama,stable_diffusion_inpainting,lama,stable_diffusion_inpainting,False,False,False,high_uncertainty_high_reference_performance
p011_mixed_damage,p011_mixed_damage,p011,p011_mixed_damage,mixed_damage,landscape_natural,View of Haarlem and the Haarlemmer Meer,relatively_weak_or_disagreement_prone_stable_diffusion,4,"2026,2027,2028,2029",768,768,44361,0.0752105712890625,0,104,768,664,768,560,430080,0.013766170479357243,0.34460243582725525,0.0010835368884727359,0.01194191724061966,0.09702650457620621,0.34460243582725525,0.012853595428168774,0.08441224694252014,0.01782415434718132,0.34460243582725525,0.001482402323745191,0.015466819517314434,6,0.15176211297512054,0.15340620279312134,0.16450032591819763,0.025475919246673584,6,0.9540075262387594,0.7076906561851501,0.04599247376124064,0.29230934381484985,0.052484750747680664,0.36153775453567505,0.013870000839233398,0.1321294903755188,0.5378436714746417,0.5239760516641353,0.11536783397134999,0.3056013076213306,0.18054405836721546,0.473790046231799,0.35618716155507874,10,lama,0,True,0,21250.73583984375,9.572920686858668,-0.216708177258931,0.1531517803668975,-0.0448507666587829,-0.1016206741333007,lama,lama,opencv_telea,lama,lama,lama,False,True,True,high_uncertainty_low_reference_performance
p011_loss_small,p011_loss_small,p011,p011_loss_small,loss_small,landscape_natural,View of Haarlem and the Haarlemmer Meer,relatively_weak_or_disagreement_prone_stable_diffusion,4,"2026,2027,2028,2029",768,768,24080,0.040825737847222224,24,165,710,617,686,452,310072,0.009595757350325584,0.24988718330860138,0.00043109062244184315,0.008314112201333046,0.07712781429290771,0.24988718330860138,0.008094015531241894,0.06712237745523453,0.01382957212626934,0.24988718330860138,0.000770341488532722,0.011994827538728714,6,0.13574640825390816,0.137902170419693,0.16149714589118958,0.05617658048868179,6,0.9416343768437704,0.7858652373154958,0.05836562315622965,0.21413476268450418,0.06868535280227661,0.2536736726760864,0.0266607403755188,0.11433941125869751,0.36418769659989547,0.35571580810225806,0.06639039439037119,0.26798284272012185,0.23476366675663204,0.34107125358575024,0.27168527702583817,11,lama,0,True,0,21059.803588867188,11.366203333317472,-0.1940426638876312,0.1337623745203018,0.0295231342315673,-0.1343542337417602,lama,lama,opencv_telea,lama,lama,lama,False,True,True,middle_region
p041_loss_large,p041_loss_large,p041,p041_loss_large,loss_large,high_texture_brushwork,Wheat Field with Cypresses,relatively_weak_or_disagreement_prone_stable_diffusion,4,"2026,2027,2028,2029",768,768,67806,0.114959716796875,0,226,347,615,347,389,134983,0.018989790230989456,0.22431714832782745,0.0009500824380666018,0.016415320336818695,0.06352786719799042,0.22431714832782745,0.005467061419039965,0.05483856797218323,0.043641336262226105,0.22431714832782745,0.003230290487408638,0.03769491985440254,6,0.24271438270807266,0.24073180556297302,0.2538157105445862,0.022307515144348145,6,0.9796326657136282,0.9108543197313944,0.020367334286371868,0.08914568026860555,0.026648402214050293,0.1265467405319214,0.010377883911132812,0.05625152587890625,0.2455008866948694,0.23617316048390444,0.43191144165469947,0.5192344150113949,0.06825372848448967,0.12887440043579088,0.2716580054608581,12,tie_lama_opencv_telea,0,True,0,17959.410888671875,11.082781965835052,-0.2850412498810883,0.2488380968570709,0.1496609449386596,0.2249387502670288,opencv_telea,opencv_telea,opencv_telea,lama,lama,lama,False,True,True,middle_region
p009_mixed_damage,p009_mixed_damage,p009,p009_mixed_damage,mixed_damage,portrait_figure,Madame Roulin and Her Baby,relatively_strong_stable_diffusion,4,"2026,2027,2028,2029",768,768,47792,0.0810275607638889,59,22,695,768,636,746,474456,0.02040601707994938,0.311599463224411,0.001267566462047398,0.017685389146208763,0.08412034809589386,0.311599463224411,0.010309860110282898,0.07304257154464722,0.02395528182387352,0.311599463224411,0.0015626332024112344,0.02075512520968914,6,0.08206632236639659,0.08107462152838707,0.0907122865319252,0.017306484282016754,6,0.9858009417851766,0.9335311651229858,0.014199058214823404,0.06646883487701416,0.016348540782928467,0.09389454126358032,0.0040326714515686035,0.06131333112716675,0.4252115759162828,0.4133295049639196,0.1905413837811257,0.14189645051918243,0.041224109560417554,0.09037539605513492,0.21709640346601053,13,lama,0,True,0,25780.467529296875,11.205875655599698,-0.3869910280611229,0.1466403007507324,0.0500679016113281,0.2007525563240051,lama,lama,opencv_telea,lama,lama,lama,False,True,True,middle_region
p037_loss_small,p037_loss_small,p037,p037_loss_small,loss_small,abstraction_surrealism,In the Sea,relatively_strong_stable_diffusion,4,"2026,2027,2028,2029",768,768,22216,0.037665473090277776,131,148,766,605,635,457,290195,0.010070329532027245,0.3449684679508209,0.0005565743776969612,0.008696143515408039,0.08757559210062027,0.3449684679508209,0.012356937862932682,0.07556495070457458,0.014829367399215698,0.3449684679508209,0.001081830938346684,0.012808188796043396,6,0.07824153577287991,0.07827398926019669,0.0962613970041275,0.04189521074295044,6,0.9731666048367819,0.956219494342804,0.02683339516321818,0.043780505657196045,0.04462754726409912,0.05970478057861328,0.032800495624542236,0.03419309854507446,0.4553655085383963,0.43787660360551917,0.07864885093627225,0.1329126060535529,0.09658825168249767,0.0518568953139591,0.20887478602169954,14,lama,0,False,0,25585.7314453125,13.47329425603014,-0.1754760485816866,0.0904728472232818,0.0566115975379943,-0.0033158063888549,lama,lama,lama,lama,lama,lama,False,True,True,middle_region
p037_mixed_damage,p037_mixed_damage,p037,p037_mixed_damage,mixed_damage,abstraction_surrealism,In the Sea,relatively_strong_stable_diffusion,4,"2026,2027,2028,2029",768,768,48626,0.08244154188368055,0,78,768,689,768,611,469248,0.014190769754350185,0.31814277172088623,0.0012116619618609548,0.012410585768520832,0.08735967427492142,0.31814277172088623,0.013229879550635815,0.07732012122869492,0.017026115208864212,0.31814277172088623,0.0015198730397969484,0.01490334514528513,6,0.06291860590378444,0.06391421891748905,0.07072846591472626,0.018162157386541367,6,0.9843967258930206,0.9370051523049673,0.01560327410697937,0.06299484769503276,0.019032955169677734,0.09452617168426514,0.008136272430419922,0.06450921297073364,0.45348119253665214,0.4549574392994084,0.10558310267315203,0.09692136436308951,0.047377436683237704,0.08447752774815086,0.20713301055061514,15,lama,0,False,0,21733.58935546875,10.37805539080938,-0.1631902572000519,0.1514014154672622,0.1607309579849243,0.003908634185791,lama,lama,lama,lama,lama,lama,False,True,True,middle_region
p009_loss_small,p009_loss_small,p009,p009_loss_small,loss_small,portrait_figure,Madame Roulin and Her Baby,relatively_strong_stable_diffusion,4,"2026,2027,2028,2029",768,768,20955,0.035527547200520836,74,12,608,725,534,713,380742,0.014873070642352104,0.2861400842666626,0.0006636285688728094,0.012862995266914368,0.07964080572128296,0.2861400842666626,0.01052327360957861,0.06902503222227097,0.018200017511844635,0.2861400842666626,0.0009497469291090965,0.015750689432024956,6,0.07730378583073616,0.07914538308978081,0.10955764353275299,0.05585508048534393,6,0.9864035844802856,0.969677338997523,0.013596415519714355,0.03032266100247701,0.017330288887023926,0.0391237735748291,0.008538603782653809,0.020512163639068604,0.3861185860269581,0.3742319197913104,0.11997627971609928,0.130709973456442,0.03858330648882542,0.029009201493709613,0.17977154449555746,16,lama,0,True,0,24339.73803710937,13.158272568264312,-0.4252825595428791,0.0737662240862846,0.02266126871109,0.0526787042617797,lama,lama,opencv_telea,lama,lama,lama,False,True,True,middle_region
p041_mixed_damage,p041_mixed_damage,p041,p041_mixed_damage,mixed_damage,high_texture_brushwork,Wheat Field with Cypresses,relatively_weak_or_disagreement_prone_stable_diffusion,4,"2026,2027,2028,2029",768,768,41902,0.0710415310329861,69,90,768,705,699,615,429885,0.019052779302001,0.2548987567424774,0.0009616236784495413,0.016497885808348656,0.07162553817033768,0.2548987567424774,0.006948869209736586,0.06221417710185051,0.02407812885940075,0.2548987567424774,0.0012922505848109722,0.020854488015174866,6,0.0893380840619405,0.08932242169976234,0.09795057028532028,0.015119634568691254,6,0.988663117090861,0.9595260818799337,0.011336882909138998,0.04047391812006632,0.017441987991333008,0.05776101350784302,0.008303344249725342,0.030031859874725342,0.31616930390714026,0.30795055530389587,0.19204760719261016,0.15897671747437045,0.02868194917246363,0.04624322525188853,0.1750115597170615,17,tie_lama_opencv_telea,0,True,0,23985.401977539062,12.610417163140813,-0.5507951961427315,0.1832953095436096,0.1074119806289672,0.2961287498474121,opencv_telea,opencv_telea,opencv_telea,lama,lama,lama,False,True,True,middle_region
p031_loss_small,p031_loss_small,p031,p031_loss_small,loss_small,abstraction_surrealism,Improvisation No. 30 (Cannons),relatively_weak_or_disagreement_prone_stable_diffusion,4,"2026,2027,2028,2029",768,768,22150,0.03755357530381945,51,176,754,708,703,532,373996,0.013250786811113358,0.22314667701721191,0.0005038885283283889,0.011482584290206432,0.07779785990715027,0.22314667701721191,0.008120782673358917,0.06776046752929688,0.015859857201576233,0.22314667701721191,0.0007262075669132173,0.013750988058745861,6,0.038153247286876045,0.03830493055284023,0.0425507053732872,0.009028926491737366,6,0.9908662140369415,0.954137514034907,0.009133785963058472,0.04586248596509298,0.012334167957305908,0.06469619274139404,0.007390320301055908,0.03629034757614136,0.37003518820337555,0.3619255248011088,0.09128365208511559,0.03875128754704478,0.019027895071348347,0.05539152138782583,0.1560691781826365,18,lama,0,False,0,17307.213989257812,10.831684929484013,-0.27655894988303,0.0372164100408554,0.0327880382537841,0.0023928880691528,lama,lama,lama,lama,lama,lama,False,True,True,middle_region
p026_mixed_damage,p026_mixed_damage,p026,p026_mixed_damage,mixed_damage,architecture_structured,View of a Village along a River,relatively_weak_or_disagreement_prone_stable_diffusion,4,"2026,2027,2028,2029",768,768,41381,0.07015821668836805,0,103,768,664,768,561,430848,0.013526970520615578,0.26936522126197815,0.0005946861929260194,0.011713397689163685,0.05959201231598854,0.26936522126197815,0.005484991241246462,0.051735468208789825,0.01713060401380062,0.26936522126197815,0.000808088865596801,0.014839183539152145,6,0.0973695603509744,0.10029973462224007,0.10570868104696274,0.019862741231918335,6,0.9627712468306223,0.9599712391694387,0.03722875316937765,0.04002876083056132,0.045569419860839844,0.04339873790740967,0.026578664779663086,0.00839686393737793,0.21115266041621666,0.2059746490162885,0.10686423643073764,0.17784143895513962,0.14214110343986977,0.045487471435923944,0.14824359328236267,19,lama,0,True,0,28988.41259765625,15.45149612701214,-0.3435008001277517,0.294123500585556,0.0676639676094055,0.1085870265960693,lama,lama,opencv_telea,lama,lama,lama,False,True,True,middle_region
p031_mixed_damage,p031_mixed_damage,p031,p031_mixed_damage,mixed_damage,abstraction_surrealism,Improvisation No. 30 (Cannons),relatively_weak_or_disagreement_prone_stable_diffusion,4,"2026,2027,2028,2029",768,768,48010,0.08139716254340278,0,0,768,768,768,768,589824,0.01690637692809105,0.2733190357685089,0.0008447737200185657,0.014623584225773811,0.06950902938842773,0.2733190357685089,0.007009974680840969,0.06014886125922203,0.01690637692809105,0.2733190357685089,0.0008447737200185657,0.014623584225773811,6,0.06286330396930377,0.06186971068382263,0.07028940320014954,0.014442883431911469,6,0.9848085542519888,0.9533338050047556,0.01519144574801127,0.046666194995244346,0.022173583507537842,0.0595129132270813,0.014979541301727295,0.027148663997650146,0.297698520623377,0.28785147086786705,0.10411499560017784,0.09679146849416316,0.045572789245945024,0.05675599677839509,0.1481308736016542,20,lama,0,True,0,16620.9189453125,11.136058567816614,-0.2410346312058882,0.1159544736146926,0.031994879245758,0.0817086696624755,lama,lama,opencv_telea,lama,lama,lama,False,True,True,middle_region
p043_mixed_damage,p043_mixed_damage,p043,p043_mixed_damage,mixed_damage,high_texture_brushwork,The Card Players,relatively_strong_stable_diffusion,4,"2026,2027,2028,2029",768,768,46214,0.07835218641493055,0,62,768,705,768,643,493824,0.01475779339671135,0.32076144218444824,0.0007670842460356653,0.012775490060448647,0.06816771626472473,0.32076144218444824,0.0072651393711566925,0.059185996651649475,0.01693395897746086,0.32076144218444824,0.0009133385610766709,0.01466219499707222,6,0.056529986361662544,0.05678216740489006,0.0601402223110199,0.006783168762922287,6,0.9839154879252116,0.9682456056276957,0.01608451207478841,0.03175439437230428,0.02121102809906006,0.03887099027633667,0.010383784770965576,0.01276165246963501,0.2859928739304166,0.278481137939304,0.10445317818894956,0.08191546457934928,0.0494862396503539,0.03143988831654919,0.13862813043415376,21,lama,0,False,0,23678.781372070312,11.88307897157584,-0.234923891311701,0.2110626772046089,0.1616113781929016,0.1671563982963562,lama,lama,lama,lama,lama,lama,False,True,True,middle_region
p026_loss_small,p026_loss_small,p026,p026_loss_small,loss_small,architecture_structured,View of a Village along a River,relatively_weak_or_disagreement_prone_stable_diffusion,4,"2026,2027,2028,2029",768,768,13631,0.023110283745659724,244,207,713,552,469,345,161805,0.010224800556898117,0.20563583076000214,0.00024268351262435317,0.008827175945043564,0.04964113608002663,0.20563583076000214,0.0036611363757401705,0.04279010370373726,0.014969519339501858,0.20563583076000214,0.0005348476697690785,0.01292854081839323,6,0.11367322256167729,0.11555646359920502,0.12651009857654572,0.02667272835969925,6,0.9638287325700124,0.8980162441730499,0.03617126742998759,0.10198375582695007,0.045408666133880615,0.13460415601730347,0.022825419902801514,0.06226968765258789,0.12431131111071521,0.11892082761660983,0.08036724920870915,0.21613627238961,0.13750716095386517,0.15066989794106417,0.13798545320342892,22,tie_lama_opencv_telea,0,True,0,20060.11865234375,15.122053049197714,-0.3470760017014485,0.0764611512422561,0.1198295354843139,-0.0609058737754821,opencv_telea,opencv_telea,opencv_telea,lama,lama,lama,False,True,True,middle_region
p018_loss_small,p018_loss_small,p018,p018_loss_small,loss_small,landscape_natural,Classical Landscape with Figures,relatively_strong_stable_diffusion,4,"2026,2027,2028,2029",768,768,21734,0.03684828016493055,0,145,663,592,663,447,296361,0.010345520451664925,0.32555249333381653,0.00036818356602452695,0.008907640352845192,0.0583704337477684,0.32555249333381653,0.006547923665493727,0.050523217767477036,0.014042414724826813,0.32555249333381653,0.0006696409545838833,0.012145630083978176,6,0.07427383338411649,0.07137518003582954,0.09754204750061035,0.04225790500640869,6,0.9595296283562978,0.9558462599913279,0.04047037164370219,0.04415374000867208,0.0675244927406311,0.05997490882873535,0.04539674520492554,0.030904531478881836,0.20049193781939254,0.194177361901815,0.06900005040309112,0.12359307402868674,0.15634599813684605,0.052490543896218045,0.13268316103100822,23,lama,0,False,0,30069.90704345703,15.574936960095895,-0.187196201580497,0.1324931234121322,0.0989964008331298,0.000497817993164,lama,lama,lama,lama,lama,lama,False,True,True,middle_region
p043_loss_small,p043_loss_small,p043,p043_loss_small,loss_small,high_texture_brushwork,The Card Players,relatively_strong_stable_diffusion,4,"2026,2027,2028,2029",768,768,26756,0.04536268446180555,44,110,663,655,619,545,337355,0.01176223810762167,0.26715269684791565,0.00042005639988929033,0.010165024548768997,0.06368698924779892,0.26715269684791565,0.006067229434847832,0.05512594059109688,0.015293996781110764,0.26715269684791565,0.0006756632938049734,0.013214556500315666,6,0.06293683561185996,0.06155141443014145,0.07662564516067505,0.02238433063030243,6,0.9836785395940145,0.9573418299357096,0.016321460405985515,0.04265817006429037,0.02177107334136963,0.08011555671691895,0.011638998985290527,0.06392854452133179,0.24688954566137217,0.23896979159132736,0.084345656314362,0.09696418318657157,0.05052455619498689,0.04995148024578283,0.12794086886573383,24,lama,0,False,0,26416.327087402344,15.664389533411748,-0.2421485623212325,0.0931905061006546,0.0841633677482605,0.0093114376068115,lama,lama,lama,lama,lama,lama,False,True,True,middle_region
p018_mixed_damage,p018_mixed_damage,p018,p018_mixed_damage,mixed_damage,landscape_natural,Classical Landscape with Figures,relatively_strong_stable_diffusion,4,"2026,2027,2028,2029",768,768,44279,0.07507154676649305,0,114,768,653,768,539,413952,0.011256400495767593,0.36521077156066895,0.0006624180823564529,0.009728146716952324,0.05497707426548004,0.36521077156066895,0.007388950791209936,0.047767169773578644,0.01421833410859108,0.36521077156066895,0.0009350160253234208,0.012315959669649601,6,0.06473119681080182,0.06689530611038208,0.07469967752695084,0.025377854704856873,6,0.9696198503176371,0.9094822804133097,0.030380149682362873,0.09051771958669026,0.038083672523498535,0.1402125358581543,0.013714313507080078,0.09968024492263794,0.17087807175043593,0.16735626258336264,0.07115699210886739,0.1011788658969166,0.11213026406289449,0.13120374328772752,0.12565069994836744,25,lama,0,True,0,24390.736206054688,12.688096780959205,-0.1789784217840191,0.2255993708968162,0.1264335513114929,0.0143761038780212,opencv_telea,opencv_telea,lama,lama,lama,lama,False,True,True,middle_region
p010_mixed_damage,p010_mixed_damage,p010,p010_mixed_damage,mixed_damage,portrait_figure,Joan of Arc,relatively_weak_or_disagreement_prone_stable_diffusion,4,"2026,2027,2028,2029",768,768,48195,0.0817108154296875,0,20,768,747,768,727,558336,0.01910676807165146,0.3011362850666046,0.0007330390508286655,0.01652180589735508,0.046361662447452545,0.3011362850666046,0.003751585725694895,0.040299609303474426,0.019778616726398468,0.3011362850666046,0.0007712992373853922,0.017111102119088173,6,0.09963581586877505,0.10043630748987198,0.1052141785621643,0.011111713945865631,6,0.980422705411911,0.8984879752000173,0.01957729458808899,0.10151202479998271,0.028102755546569824,0.14790070056915283,0.013975322246551514,0.09023696184158325,0.09569132745185728,0.09468402266641217,0.13933143211442428,0.18316452995472823,0.06479174466084503,0.14986902927701085,0.12125534768754631,26,lama,0,True,0,39206.937255859375,15.686700452572396,-0.3860181992343435,0.3061521053314209,0.1509695053100586,0.1639707386493683,lama,lama,opencv_telea,lama,lama,lama,False,True,True,middle_region
p041_loss_small,p041_loss_small,p041,p041_loss_small,loss_small,high_texture_brushwork,Wheat Field with Cypresses,relatively_weak_or_disagreement_prone_stable_diffusion,4,"2026,2027,2028,2029",768,768,19064,0.03232150607638889,50,120,511,516,461,396,182556,0.01435522548854351,0.20095022022724152,0.00046508258674293756,0.012425987981259823,0.05471993237733841,0.20095022022724152,0.003946513868868351,0.04742860794067383,0.02351691760122776,0.20095022022724152,0.0010196579387411475,0.02036672830581665,6,0.08860243484377861,0.08797790855169296,0.09337753057479858,0.007431328296661377,6,0.9914069871107737,0.9699167708555857,0.008593012889226278,0.030083229144414265,0.010157167911529541,0.0503121018409729,0.0031769871711730957,0.02925264835357666,0.16863399313869698,0.1640614721566789,0.1851666146458959,0.15724878887086846,0.01665820701904074,0.028602712496088974,0.12006196472121165,27,tie_lama_opencv_telea,0,True,0,15176.734130859377,12.475086139614726,-0.5857347173309745,0.0792187005281448,0.0791932344436645,0.0887479782104492,opencv_telea,opencv_telea,opencv_telea,lama,lama,lama,False,True,True,middle_region
p021_mixed_damage,p021_mixed_damage,p021,p021_mixed_damage,mixed_damage,architecture_structured,Interior of the Oude Kerk in Delft,relatively_strong_stable_diffusion,4,"2026,2027,2028,2029",768,768,50041,0.08484056260850695,43,0,724,768,681,768,523008,0.01587275229394436,0.2859642803668976,0.0007270228816196322,0.013719875365495682,0.054940950125455856,0.2859642803668976,0.00513561861589551,0.04744776710867882,0.01718582771718502,0.2859642803668976,0.00081548624439165,0.014853816479444504,6,0.0781466414531072,0.0785699337720871,0.08798489719629288,0.021761015057563782,6,0.982529749472936,0.9667588174343109,0.017470250527064007,0.03324118256568909,0.020564138889312744,0.037754595279693604,0.005563497543334961,0.0077440738677978516,0.17056281619024075,0.16424792389810663,0.10754133241884571,0.13268971366762086,0.055558597933117994,0.0339640429854104,0.1107607378488904,28,lama,0,False,0,24060.83374023437,13.359440655341125,-0.2450447792279467,0.2123121321201324,0.1840514540672302,0.0479581952095031,lama,lama,lama,lama,lama,lama,False,True,True,middle_region
p018_scratch_thin,p018_scratch_thin,p018,p018_scratch_thin,scratch_thin,landscape_natural,Classical Landscape with Figures,relatively_strong_stable_diffusion,4,"2026,2027,2028,2029",768,768,11250,0.019073486328125,0,116,768,653,768,537,412416,0.009165670722723007,0.334787517786026,0.0003150908160023391,0.00793268159031868,0.06023343279957771,0.30683985352516174,0.006772871129214764,0.052342094480991364,0.01166458334773779,0.334787517786026,0.00044489611173048615,0.010094566270709038,6,0.04624595151593288,0.04680931940674782,0.06273039430379868,0.03661846183240414,6,0.9825417995452881,0.971736083428065,0.017458200454711914,0.028263916571935017,0.031109213829040527,0.03343456983566284,0.02416616678237915,0.011757194995880127,0.21675034035376506,0.211878168669038,0.03984553907636096,0.057759824186298714,0.05550579406054379,0.02551402350570442,0.10120894830861848,29,lama,0,True,0,36395.1982421875,10.416011550036568,-0.2019508745028855,0.1852278709411621,0.0600785613059997,0.0075247287750244,lama,lama,opencv_telea,lama,lama,lama,False,True,True,middle_region
p010_scratch_thin,p010_scratch_thin,p010,p010_scratch_thin,scratch_thin,portrait_figure,Joan of Arc,relatively_weak_or_disagreement_prone_stable_diffusion,4,"2026,2027,2028,2029",768,768,10545,0.017878214518229168,0,116,768,747,768,631,484608,0.014322783797979355,0.34453070163726807,0.00041875444003380835,0.012399666011333466,0.05173550546169281,0.34453070163726807,0.004899812862277031,0.04496033489704132,0.015300086699426174,0.34453070163726807,0.0004675617383327335,0.013242584653198719,6,0.05952706187963486,0.06030089408159256,0.06404110044240952,0.012747183442115784,6,0.9905925691127777,0.9520027836163839,0.00940743088722229,0.04799721638361613,0.010483801364898682,0.07102900743484497,0.0028474926948547363,0.04102271795272827,0.1425888837319808,0.14004091932345897,0.08442032460001767,0.08895514108073888,0.02022701747359806,0.059015702543319205,0.08920799812551893,30,tie_lama_opencv_telea,0,True,0,38657.36669921875,10.017418442118384,-0.4591242765720543,0.1666091382503509,0.0787569880485534,0.0020129084587097,opencv_telea,opencv_telea,opencv_telea,lama,lama,lama,False,True,True,middle_region
p037_scratch_thin,p037_scratch_thin,p037,p037_scratch_thin,scratch_thin,abstraction_surrealism,In the Sea,relatively_strong_stable_diffusion,4,"2026,2027,2028,2029",768,768,12338,0.020918104383680556,0,78,768,689,768,611,469248,0.009023403748869896,0.27231281995773315,0.00023918120132293552,0.00781488697975874,0.05023855343461037,0.27231281995773315,0.0044510201551020145,0.04386205971240997,0.010492732748389244,0.27231281995773315,0.00029725636704824865,0.009092784486711025,6,0.045784556617339454,0.04564301669597626,0.05934768542647362,0.027618594467639923,6,0.9843767086664835,0.9708000918229421,0.01562329133351644,0.029199908177057903,0.021345436573028564,0.03385782241821289,0.009338796138763428,0.011714398860931396,0.1295249755097439,0.12935280798751575,0.02547751790331728,0.056676077445179995,0.04746515292663179,0.02710307808025494,0.06926660164210727,31,opencv_telea,0,False,0,19806.36828613281,12.572466354418928,-0.1745834234708793,0.1940653175115585,0.1726832389831543,-0.0182195305824279,opencv_telea,opencv_telea,opencv_telea,opencv_telea,opencv_telea,opencv_telea,False,True,True,low_uncertainty_low_reference_performance
p009_scratch_thin,p009_scratch_thin,p009,p009_scratch_thin,scratch_thin,portrait_figure,Madame Roulin and Her Baby,relatively_strong_stable_diffusion,4,"2026,2027,2028,2029",768,768,9528,0.016153971354166668,59,43,708,751,649,708,459492,0.013004657812416553,0.2490696907043457,0.0003862209850922227,0.011247027665376663,0.05338358134031296,0.2490689605474472,0.004586886148899794,0.046259939670562744,0.014839151874184608,0.2490696907043457,0.0004724125028587878,0.012834570370614529,6,0.021655254065990448,0.02178207878023386,0.02418576553463936,0.004342801868915558,6,0.9947430491447449,0.9759329259395599,0.005256950855255127,0.024067074060440063,0.006634771823883057,0.03221619129180908,0.003689289093017578,0.02045416831970215,0.1569716506022984,0.15268831471806832,0.07876881805801846,0.0,0.0020394570734552785,0.01838894700388731,0.06814286457595463,32,opencv_telea,0,True,0,17224.64697265625,6.4813496088069416,-0.4429015632988266,0.0703356564044952,0.0310767889022827,-0.0080227851867675,opencv_telea,opencv_telea,opencv_telea,lama,lama,opencv_telea,False,True,True,low_uncertainty_low_reference_performance
p031_scratch_thin,p031_scratch_thin,p031,p031_scratch_thin,scratch_thin,abstraction_surrealism,Improvisation No. 30 (Cannons),relatively_weak_or_disagreement_prone_stable_diffusion,4,"2026,2027,2028,2029",768,768,15636,0.026509602864583332,0,0,768,768,768,768,589824,0.013451999984681606,0.24365182220935822,0.000421936041675508,0.011637941002845764,0.049358297139406204,0.24365182220935822,0.0037419009022414684,0.04284757748246193,0.013451999984681606,0.24365182220935822,0.000421936041675508,0.011637941002845764,6,0.025014519691467285,0.024872472509741783,0.028555382043123245,0.005959680303931236,6,0.9937092959880829,0.9685299197832743,0.006290704011917114,0.03147008021672567,0.008804082870483398,0.03679704666137695,0.004686534404754639,0.01486361026763916,0.12184297418669138,0.11948014658739477,0.061760994936464815,0.007890406212251337,0.006569402484785692,0.030957201605408925,0.058083521002166155,33,opencv_telea,0,True,0,18595.332397460938,11.24604673227149,-0.2571735904821831,0.1264384090900421,0.0165656208992004,0.0226385593414306,opencv_telea,opencv_telea,opencv_telea,lama,opencv_telea,opencv_telea,False,True,True,low_uncertainty_low_reference_performance
p041_scratch_thin,p041_scratch_thin,p041,p041_scratch_thin,scratch_thin,high_texture_brushwork,Wheat Field with Cypresses,relatively_weak_or_disagreement_prone_stable_diffusion,4,"2026,2027,2028,2029",768,768,11793,0.019994099934895832,0,62,768,705,768,643,493824,0.015974584966897964,0.27913814783096313,0.000565509544685483,0.013814941048622131,0.04280859977006912,0.27913814783096313,0.0030445423908531666,0.03702238202095032,0.018378647044301033,0.27913814783096313,0.0006723622791469097,0.01589680276811123,6,0.045743233213822045,0.04595386050641537,0.05546756088733673,0.019216351211071014,6,0.9924303789933523,0.9831193586190542,0.007569621006647746,0.016880641380945843,0.009800910949707031,0.02265244722366333,0.004104554653167725,0.010135889053344727,0.06468373075842224,0.06279095018424934,0.122166450464735,0.05657901502851598,0.012173665102429935,0.0061883741979481275,0.05409703095605011,34,opencv_telea,0,True,0,24521.362548828125,10.948644924007882,-0.5650127310628693,0.1707083731889724,0.0799188017845153,0.2214126586914062,opencv_telea,opencv_telea,opencv_telea,lama,lama,opencv_telea,False,True,True,low_uncertainty_low_reference_performance
p026_scratch_thin,p026_scratch_thin,p026,p026_scratch_thin,scratch_thin,architecture_structured,View of a Village along a River,relatively_weak_or_disagreement_prone_stable_diffusion,4,"2026,2027,2028,2029",768,768,6537,0.011082967122395834,95,103,768,532,673,429,288717,0.009287368506193161,0.2224774956703186,0.00020153343211859465,0.008028182201087475,0.043842069804668427,0.21448321640491486,0.0029691976960748434,0.037686485797166824,0.012268466874957085,0.2224774956703186,0.00033137694117613137,0.010598965920507908,6,0.05157463190456232,0.05172212980687618,0.0540868416428566,0.0054797641932964325,6,0.9877025087674459,0.9714116156101227,0.012297491232554117,0.02858838438987732,0.015765905380249023,0.03988206386566162,0.004792332649230957,0.020954012870788574,0.07370282919189113,0.06925382506128201,0.04724973489275823,0.07027608742034272,0.03289137115942155,0.02606488001720908,0.053239787957150786,35,opencv_telea,0,True,0,19218.38732910156,10.496163432547377,-0.3547534756914147,0.1358342617750167,0.0497865080833435,0.0268035531044006,opencv_telea,opencv_telea,opencv_telea,opencv_telea,lama,opencv_telea,False,True,True,low_uncertainty_low_reference_performance
p043_scratch_thin,p043_scratch_thin,p043,p043_scratch_thin,scratch_thin,high_texture_brushwork,The Card Players,relatively_strong_stable_diffusion,4,"2026,2027,2028,2029",768,768,9357,0.015864054361979168,0,62,768,705,768,643,493824,0.010852242819964886,0.26868119835853577,0.00026909506414085627,0.009374888613820076,0.044426340609788895,0.26868119835853577,0.0033961180597543716,0.03843316808342934,0.012261899188160896,0.26868119835853577,0.0003184427332598716,0.010596441105008125,6,0.023144506538907688,0.0229997206479311,0.02405092492699623,0.0016688592731952667,6,0.9853011071681976,0.9625040888786316,0.014698892831802368,0.03749591112136841,0.027424633502960205,0.05853646993637085,0.019470155239105225,0.0426904559135437,0.07880176358453342,0.07652033123371198,0.04716920870367063,0.003498028519923567,0.04341440374720309,0.04118739396192402,0.04843185495849445,36,lama,0,True,0,27597.905517578125,11.13705540190308,-0.2764273321735692,0.1646286621689796,0.0484622716903686,0.0719383955001831,lama,lama,opencv_telea,lama,lama,lama,False,True,True,low_uncertainty_low_reference_performance
p021_loss_small,p021_loss_small,p021,p021_loss_small,loss_small,architecture_structured,Interior of the Oude Kerk in Delft,relatively_strong_stable_diffusion,4,"2026,2027,2028,2029",768,768,17382,0.029469807942708332,77,0,689,768,612,768,470016,0.010118838399648666,0.24864549934864044,0.00026015820913016796,0.008756282739341259,0.0453743040561676,0.24864549934864044,0.0035639116540551186,0.03941231593489647,0.011462126858532429,0.24864549934864044,0.00031553010921925306,0.009919345378875732,6,0.025773654070993263,0.025857163593173027,0.028132330626249313,0.004994921386241913,6,0.9901642004648844,0.9867644608020782,0.00983579953511556,0.013235539197921753,0.013311982154846191,0.018058061599731445,0.00810784101486206,0.008242607116699219,0.08707464557238406,0.08604912820306454,0.037363226804523725,0.009673497903101208,0.02210414508223126,0.0,0.04037744059421747,37,lama,0,False,0,36244.25830078125,17.2259426798553,-0.2712728828616737,0.0858667269349098,0.035118818283081,-0.0138382911682128,lama,lama,lama,lama,lama,lama,False,True,True,low_uncertainty_low_reference_performance
p010_loss_small,p010_loss_small,p010,p010_loss_small,loss_small,portrait_figure,Joan of Arc,relatively_weak_or_disagreement_prone_stable_diffusion,4,"2026,2027,2028,2029",768,768,19716,0.033426920572916664,18,92,738,691,720,599,431280,0.012475773692131042,0.23544038832187653,0.0002904710709117353,0.010793139226734638,0.035396695137023926,0.20039182901382446,0.0018722712993621826,0.030570190399885178,0.01372948382049799,0.23544038832187653,0.0003357514215167612,0.011873790994286537,6,0.06088693564136823,0.061099959537386894,0.06445517390966415,0.009550023823976517,6,0.9893475472927094,0.9650927186012268,0.01065245270729065,0.03490728139877319,0.015306711196899414,0.043177008628845215,0.006648421287536621,0.019939064979553223,0.0,0.0,0.06516321500650067,0.09214927860177387,0.0256827501545373,0.03679261747034714,0.0366313102055265,38,tie_lama_opencv_telea,0,True,0,43180.51480102539,20.34558855020845,-0.4718088307832965,0.161634162068367,0.0949597954750061,0.001774251461029,opencv_telea,opencv_telea,opencv_telea,lama,lama,lama,False,True,True,low_uncertainty_low_reference_performance
p021_scratch_thin,p021_scratch_thin,p021,p021_scratch_thin,scratch_thin,architecture_structured,Interior of the Oude Kerk in Delft,relatively_strong_stable_diffusion,4,"2026,2027,2028,2029",768,768,7395,0.012537638346354166,43,0,724,768,681,768,523008,0.010196005925536156,0.3080800771713257,0.00025387582718394697,0.00881756842136383,0.04133828356862068,0.3080800771713257,0.0034426639322191477,0.03579454869031906,0.011061178520321846,0.3080800771713257,0.0002844961127266288,0.009565994143486023,6,0.022370098779598873,0.022139263339340687,0.024099605157971382,0.0032638069242239,6,0.9952084620793661,0.9846044580141703,0.004791537920633952,0.015395541985829672,0.006946980953216553,0.018375515937805176,0.0037485361099243164,0.006984293460845947,0.05185227352673863,0.05084201468665467,0.03244721258231068,0.0016790619730317712,0.0,0.003667086640928071,0.02341460823494397,39,lama,0,False,0,31118.88256835937,10.999164138235503,-0.2750102441315704,0.1030701324343681,0.0191894173622131,-0.0153008103370666,lama,lama,lama,lama,lama,lama,False,True,True,low_uncertainty_low_reference_performance
p011_scratch_thin,p011_scratch_thin,p011,p011_scratch_thin,scratch_thin,landscape_natural,View of Haarlem and the Haarlemmer Meer,relatively_weak_or_disagreement_prone_stable_diffusion,4,"2026,2027,2028,2029",768,768,10323,0.0175018310546875,0,104,768,664,768,560,430080,0.006891604047268629,0.23660141229629517,0.0001413085265085101,0.00595487467944622,0.03615361452102661,0.23660141229629517,0.0022418098524212837,0.03138132020831108,0.008414795622229576,0.23660141229629517,0.00019028387032449245,0.007273417431861162,6,0.026132960182925064,0.025903187692165375,0.028265303000807762,0.0038825850933790207,6,0.9950496455033621,0.9865402082602183,0.00495035449663798,0.013459791739781698,0.005686759948730469,0.019681215286254883,0.0014559626579284668,0.010143458843231201,0.0066056394495924665,0.007893691691912697,0.0,0.01051745354512762,0.0006959402397722425,0.0003807187217777911,0.0043489072746971365,40,lama,0,True,0,25358.513916015625,10.437852352457105,-0.2086062639116778,0.190950408577919,0.0342658162117004,-0.064848780632019,lama,lama,opencv_telea,lama,lama,lama,False,True,True,low_uncertainty_low_reference_performance
