dataset_name,category,evaluation_region,rows,cases,mean_damaged_mse,mean_restored_mse,mean_mse_improvement,mean_damaged_mae,mean_restored_mae,mean_mae_improvement,mean_damaged_psnr,mean_restored_psnr,mean_psnr_improvement,mean_damaged_ssim,mean_restored_ssim,mean_ssim_improvement,mean_region_pixel_count
canonical,abstraction_surrealism,boundary_region,40,40,8673.3902,110.2746,8563.1156,54.1732,3.4964,50.6768,9.3442,28.4883,19.1442,,,,18511.275
canonical,abstraction_surrealism,content_region,50,50,1096.3046,104.5557,991.7489,6.8266,1.3628,5.4638,18.5833,31.6366,10.4426,0.9455,0.975,0.0295,506419.2
canonical,abstraction_surrealism,full_image,50,50,915.0121,92.4911,822.521,5.7288,1.172,4.5568,19.2902,32.3435,10.4426,0.9538,0.9788,0.0251,589824.0
canonical,abstraction_surrealism,mask_bbox_crop,40,40,3070.2276,331.3925,2738.8351,19.3672,4.3022,15.065,16.6512,29.7045,13.0533,0.8692,0.9247,0.0555,367294.925
canonical,abstraction_surrealism,masked_region,40,40,19631.9781,1420.4834,18211.4948,122.6916,19.6085,103.0832,5.8045,18.8578,13.0533,,,,34663.5
canonical,abstraction_surrealism,outside_mask_region,40,40,0.0,0.0,0.0,0.0,0.0,0.0,,,0.0,,,,471755.7
canonical,architecture_structured,boundary_region,40,40,12080.1683,81.7319,11998.4365,69.2703,3.4083,65.862,7.5582,29.663,22.1048,,,,17556.2
canonical,architecture_structured,content_region,50,50,1499.6394,51.6027,1448.0367,8.6806,1.0484,7.6323,16.5321,33.8845,13.8819,0.9366,0.9744,0.0377,437760.0
canonical,architecture_structured,full_image,50,50,1120.9196,38.8181,1082.1014,6.4561,0.7828,5.6732,17.8447,35.1971,13.8819,0.9518,0.9806,0.0288,589824.0
canonical,architecture_structured,mask_bbox_crop,40,40,5034.6558,224.6939,4809.9619,29.4683,4.2426,25.2258,14.2134,31.5658,17.3524,0.8217,0.904,0.0823,306742.05
canonical,architecture_structured,masked_region,40,40,27451.4076,705.6536,26745.7541,157.1763,15.5803,141.596,3.9894,21.3419,17.3524,,,,30498.275
canonical,architecture_structured,outside_mask_region,40,40,0.0,0.0,0.0,0.0,0.0,0.0,,,0.0,,,,407261.725
canonical,high_texture_brushwork,boundary_region,40,40,12645.6865,101.2576,12544.4289,71.4074,3.7035,67.7039,7.3016,28.8267,21.525,,,,18610.05
canonical,high_texture_brushwork,content_region,50,50,1546.0854,41.648,1504.4374,8.917,0.9598,7.9571,16.4114,33.7879,13.9012,0.9352,0.9738,0.0386,458803.2
canonical,high_texture_brushwork,full_image,50,50,1208.6243,32.3007,1176.3236,6.9571,0.7473,6.2097,17.5288,34.9053,13.9012,0.9486,0.9793,0.0306,589824.0
canonical,high_texture_brushwork,mask_bbox_crop,40,40,4622.533,153.2835,4469.2495,27.2833,3.3815,23.9018,14.0407,31.4172,17.3765,0.829,0.9101,0.0811,311132.55
canonical,high_texture_brushwork,masked_region,40,40,28357.2921,597.9302,27759.3619,160.6146,14.7072,145.9074,3.8777,21.2542,17.3765,,,,32370.925
canonical,high_texture_brushwork,outside_mask_region,40,40,0.0,0.0,0.0,0.0,0.0,0.0,,,0.0,,,,426432.275
canonical,landscape_natural,boundary_region,40,40,9916.5405,122.5953,9793.9452,60.735,4.0251,56.7099,8.7681,28.3223,19.5543,,,,16758.875
canonical,landscape_natural,content_region,50,50,1231.889,48.1156,1183.7734,7.736,1.0408,6.6952,17.7242,33.2631,12.4312,0.9386,0.9732,0.0345,413030.4
canonical,landscape_natural,full_image,50,50,861.3825,33.5458,827.8368,5.3915,0.7259,4.6656,19.297,34.836,12.4312,0.9565,0.9811,0.0245,589824.0
canonical,landscape_natural,mask_bbox_crop,40,40,3528.6293,164.3374,3364.2919,22.6142,3.4129,19.2013,15.5382,31.0771,15.5389,0.8452,0.9149,0.0697,290457.35
canonical,landscape_natural,masked_region,40,40,22272.4682,691.0337,21581.4346,136.7543,15.7358,121.0185,5.3211,20.86,15.5389,,,,29771.225
canonical,landscape_natural,outside_mask_region,40,40,0.0,0.0,0.0,0.0,0.0,0.0,,,0.0,,,,383259.175
canonical,portrait_figure,boundary_region,40,40,17498.2298,76.9273,17421.3025,85.0709,2.8398,82.2311,5.8374,30.9244,25.0869,,,,18497.025
canonical,portrait_figure,content_region,50,50,2170.3139,47.8116,2122.5023,10.6915,0.9137,9.7778,14.7567,34.7555,15.999,0.9307,0.9783,0.0476,457267.2
canonical,portrait_figure,full_image,50,50,1680.8048,37.1038,1643.7011,8.2806,0.7131,7.5674,15.8885,35.8872,15.999,0.9454,0.9825,0.0371,589824.0
canonical,portrait_figure,mask_bbox_crop,40,40,6535.361,200.6792,6334.6818,32.5398,3.4362,29.1036,12.6669,32.6656,19.9987,0.8171,0.925,0.1079,327356.575
canonical,portrait_figure,masked_region,40,40,39113.1319,655.89,38457.2418,191.6335,13.5706,178.0629,2.3405,22.3392,19.9987,,,,32004.575
canonical,portrait_figure,outside_mask_region,40,40,0.0,0.0,0.0,0.0,0.0,0.0,,,0.0,,,,425262.625
damage_size,abstraction_surrealism,boundary_region,7,7,7234.8447,98.0267,7136.818,54.6531,3.6087,51.0444,9.6496,29.0387,19.3891,,,,5600.8571
damage_size,abstraction_surrealism,content_region,7,7,1307.5758,102.6393,1204.9365,10.0659,1.9684,8.0975,18.1928,32.1665,13.9737,0.9445,0.9606,0.0161,433152.0
damage_size,abstraction_surrealism,full_image,7,7,960.2511,75.3757,884.8753,7.3922,1.4456,5.9466,19.5336,33.5073,13.9737,0.9594,0.9712,0.0118,589824.0
damage_size,abstraction_surrealism,mask_bbox_crop,7,7,6722.1107,386.6275,6335.4832,52.8198,8.5108,44.309,9.8879,23.8616,13.9737,0.697,0.8096,0.1126,78670.1429
damage_size,abstraction_surrealism,masked_region,7,7,13464.4235,752.8607,12711.5629,105.9449,16.7625,89.1824,6.8524,20.8261,13.9737,,,,40217.1429
damage_size,abstraction_surrealism,outside_mask_region,7,7,0.0,0.0,0.0,0.0,0.0,0.0,,,0.0,,,,392934.8571
damage_size,architecture_structured,boundary_region,7,7,8506.2326,36.7722,8469.4604,62.518,2.5724,59.9456,8.8505,32.9092,24.0587,,,,5273.1429
damage_size,architecture_structured,content_region,7,7,1561.8202,55.087,1506.7332,11.5876,1.3786,10.209,17.392,35.72,18.328,0.9472,0.97,0.0228,406272.0
damage_size,architecture_structured,full_image,7,7,1075.7853,37.9441,1037.8412,7.9816,0.9496,7.032,19.0111,37.339,18.328,0.9638,0.9794,0.0157,589824.0
damage_size,architecture_structured,mask_bbox_crop,7,7,9132.3445,233.4963,8898.8482,69.1643,6.6907,62.4737,8.5551,26.8831,18.328,0.664,0.8333,0.1693,65083.0
damage_size,architecture_structured,masked_region,7,7,16172.0272,399.2195,15772.8077,122.7082,11.6087,111.0995,6.052,24.38,18.328,,,,37718.0
damage_size,architecture_structured,outside_mask_region,7,7,0.0,0.0,0.0,0.0,0.0,0.0,,,0.0,,,,368554.0
damage_size,high_texture_brushwork,boundary_region,7,7,16569.2687,54.6562,16514.6125,88.8795,3.2109,85.6685,5.9542,30.8375,24.8833,,,,5182.2857
damage_size,high_texture_brushwork,content_region,7,7,3205.3214,126.128,3079.1933,16.9943,2.389,14.6053,14.0238,28.9191,14.8953,0.9213,0.9507,0.0294,469248.0
damage_size,high_texture_brushwork,full_image,7,7,2550.0668,100.344,2449.7227,13.5202,1.9006,11.6196,15.017,29.9123,14.8953,0.9375,0.9608,0.0233,589824.0
damage_size,high_texture_brushwork,mask_bbox_crop,7,7,20223.4632,685.3581,19538.1051,106.5753,13.7553,92.8201,5.076,19.9713,14.8953,0.4725,0.6784,0.2059,73393.8571
damage_size,high_texture_brushwork,masked_region,7,7,35080.5798,1176.2536,33904.3262,184.8,23.6975,161.1025,2.6818,17.5771,14.8953,,,,43548.2857
damage_size,high_texture_brushwork,outside_mask_region,7,7,0.0,0.0,0.0,0.0,0.0,0.0,,,0.0,,,,425699.7143
damage_size,landscape_natural,boundary_region,7,7,12636.2713,56.6704,12579.601,74.5393,3.0023,71.5369,7.1445,30.7826,23.6381,,,,5420.5714
damage_size,landscape_natural,content_region,7,7,2354.3749,106.2082,2248.1667,14.0039,1.9828,12.0212,15.5619,28.6025,13.0406,0.933,0.9613,0.0283,389376.0
damage_size,landscape_natural,full_image,7,7,1554.2554,70.114,1484.1414,9.2448,1.3089,7.9359,17.3654,30.406,13.0406,0.956,0.9746,0.0186,589824.0
damage_size,landscape_natural,mask_bbox_crop,7,7,12165.7518,617.26,11548.4918,73.4864,10.9924,62.494,7.3007,20.3413,13.0406,0.6118,0.7758,0.164,71359.1429
damage_size,landscape_natural,masked_region,7,7,24631.0332,1269.6613,23361.3719,148.9926,22.4869,126.5057,4.2207,17.2613,13.0406,,,,36163.0
damage_size,landscape_natural,outside_mask_region,7,7,0.0,0.0,0.0,0.0,0.0,0.0,,,0.0,,,,353213.0
damage_size,portrait_figure,boundary_region,7,7,24275.2062,13.8388,24261.3674,109.0424,1.585,107.4574,4.2845,37.2377,32.9531,,,,6086.2857
damage_size,portrait_figure,content_region,7,7,4451.0826,51.3136,4399.769,20.2003,1.2065,18.9938,12.7536,32.4592,19.7055,0.9154,0.9732,0.0578,509184.0
damage_size,portrait_figure,full_image,7,7,3842.5363,44.2981,3798.2382,17.4385,1.0415,16.397,13.3921,33.0976,19.7055,0.9271,0.9769,0.0498,589824.0
damage_size,portrait_figure,mask_bbox_crop,7,7,25051.3605,283.9986,24767.3619,114.5995,6.7426,107.8569,4.1564,23.8619,19.7055,0.4864,0.8355,0.3491,86559.0
damage_size,portrait_figure,masked_region,7,7,47011.0815,529.4242,46481.6573,215.1864,12.6141,202.5724,1.4112,21.1168,19.7055,,,,47293.4286
damage_size,portrait_figure,outside_mask_region,7,7,0.0,0.0,0.0,0.0,0.0,0.0,,,0.0,,,,461890.5714
mask_robustness,abstraction_surrealism,boundary_region,15,15,9832.7465,215.6001,9617.1464,63.4075,5.6369,57.7706,8.2986,26.1627,17.8642,,,,10359.8
mask_robustness,abstraction_surrealism,content_region,15,15,1378.6843,122.8195,1255.8648,8.6515,1.8197,6.8318,18.1675,31.1553,12.9878,0.9425,0.9674,0.025,433152.0
mask_robustness,abstraction_surrealism,full_image,15,15,1012.4712,90.1955,922.2757,6.3535,1.3363,5.0171,19.5083,32.4961,12.9878,0.9574,0.9757,0.0183,589824.0
mask_robustness,abstraction_surrealism,mask_bbox_crop,15,15,5951.1656,585.9659,5365.1998,37.4547,8.5179,28.9368,13.4622,26.45,12.9878,0.7745,0.8456,0.0712,188475.9333
mask_robustness,abstraction_surrealism,masked_region,15,15,21235.626,1451.4095,19784.2165,134.9431,23.8919,111.0512,5.0046,17.9924,12.9878,,,,27447.9333
mask_robustness,abstraction_surrealism,outside_mask_region,15,15,0.0,0.0,0.0,0.0,0.0,0.0,,,0.0,,,,405704.0667
mask_robustness,architecture_structured,boundary_region,15,15,12309.0606,136.3852,12172.6755,73.2932,4.686,68.6071,7.3952,29.5618,22.1666,,,,11839.2667
mask_robustness,architecture_structured,content_region,15,15,1721.5772,28.0696,1693.5076,10.1729,0.9015,9.2714,17.2098,36.7371,19.5273,0.9309,0.966,0.0351,406272.0
mask_robustness,architecture_structured,full_image,15,15,1185.826,19.3344,1166.4916,7.0071,0.621,6.3862,18.8288,38.3561,19.5273,0.9514,0.9761,0.0247,589824.0
mask_robustness,architecture_structured,mask_bbox_crop,15,15,5371.7142,93.8383,5277.8759,31.3488,2.9268,28.422,14.0415,33.5687,19.5273,0.8067,0.8863,0.0796,217135.8
mask_robustness,architecture_structured,masked_region,15,15,26140.4564,422.1942,25718.2622,156.5762,13.0679,143.5083,4.0346,23.5619,19.5273,,,,25706.1333
mask_robustness,architecture_structured,outside_mask_region,15,15,0.0,0.0,0.0,0.0,0.0,0.0,,,0.0,,,,380565.8667
mask_robustness,high_texture_brushwork,boundary_region,15,15,12567.4917,79.2035,12488.2882,72.1875,3.5285,68.659,7.2033,29.5879,22.3846,,,,14609.6667
mask_robustness,high_texture_brushwork,content_region,15,15,1773.0337,77.9777,1695.0559,10.2203,1.473,8.7473,16.7814,34.2427,17.4613,0.9288,0.9665,0.0377,469248.0
mask_robustness,high_texture_brushwork,full_image,15,15,1410.5775,62.037,1348.5406,8.131,1.1719,6.9591,17.7746,35.2359,17.4613,0.943,0.9732,0.0302,589824.0
mask_robustness,high_texture_brushwork,mask_bbox_crop,15,15,4897.4808,258.1392,4639.3415,28.3247,4.6665,23.6581,14.1056,31.5669,17.4613,0.8258,0.8977,0.0719,282450.2667
mask_robustness,high_texture_brushwork,masked_region,15,15,28641.5783,797.3282,27844.2501,163.5754,17.1027,146.4727,3.5836,21.0449,17.4613,,,,29644.6
mask_robustness,high_texture_brushwork,outside_mask_region,15,15,0.0,0.0,0.0,0.0,0.0,0.0,,,0.0,,,,439603.4
mask_robustness,landscape_natural,boundary_region,15,15,13968.5426,48.93,13919.6126,75.5976,2.5345,73.0631,6.7512,31.9733,25.2221,,,,12721.6667
mask_robustness,landscape_natural,content_region,15,15,1803.6561,47.065,1756.5911,10.1945,1.028,9.1665,16.4398,36.1489,19.7091,0.9318,0.9755,0.0436,389376.0
mask_robustness,landscape_natural,full_image,15,15,1190.6949,31.0703,1159.6246,6.73,0.6786,6.0513,18.2433,37.9524,19.7091,0.9547,0.9838,0.029,589824.0
mask_robustness,landscape_natural,mask_bbox_crop,15,15,4927.8512,153.2495,4774.6018,28.3277,3.2402,25.0876,13.6653,33.3744,19.7091,0.8355,0.9266,0.0912,228566.6667
mask_robustness,landscape_natural,masked_region,15,15,30969.0927,506.3125,30462.7802,168.8925,12.2898,156.6028,3.2818,22.9908,19.7091,,,,24667.4
mask_robustness,landscape_natural,outside_mask_region,15,15,0.0,0.0,0.0,0.0,0.0,0.0,,,0.0,,,,364708.6
mask_robustness,portrait_figure,boundary_region,15,15,23055.576,28.5022,23027.0738,102.6681,1.8732,100.7949,4.5349,34.1966,29.6617,,,,12963.6
mask_robustness,portrait_figure,content_region,15,15,3054.3822,25.6544,3028.7278,13.7553,0.7008,13.0546,14.3883,38.6921,24.3038,0.928,0.9829,0.0549,509184.0
mask_robustness,portrait_figure,full_image,15,15,2636.7908,22.147,2614.6438,11.8747,0.605,11.2698,15.0267,39.3305,24.3038,0.9373,0.9848,0.0476,589824.0
mask_robustness,portrait_figure,mask_bbox_crop,15,15,10113.8003,103.5819,10010.2184,45.8212,2.6618,43.1594,11.3423,35.6461,24.3038,0.7841,0.9368,0.1528,299324.8
mask_robustness,portrait_figure,masked_region,15,15,49792.5651,267.504,49525.0611,221.5316,8.4365,213.0951,1.1663,25.4701,24.3038,,,,32095.8667
mask_robustness,portrait_figure,outside_mask_region,15,15,0.0,0.0,0.0,0.0,0.0,0.0,,,0.0,,,,477088.1333
synthetic,abstraction_surrealism,boundary_region,10,10,0.803,10.3189,-9.516,0.2847,0.5395,-0.2547,52.2512,45.8222,-5.1432,,,,11955.1
synthetic,abstraction_surrealism,content_region,10,10,38.902,190.6019,-151.6999,1.9028,3.5002,-1.5975,42.8859,33.6422,-9.2437,0.9936,0.9542,-0.0394,433152.0
synthetic,abstraction_surrealism,full_image,10,10,28.5686,139.9733,-111.4047,1.3973,2.5705,-1.1731,44.2268,34.9831,-9.2437,0.9953,0.9664,-0.0289,589824.0
synthetic,abstraction_surrealism,mask_bbox_crop,10,10,50.1419,266.4147,-216.2728,2.9838,5.4912,-2.5074,40.2545,31.0108,-9.2437,0.9914,0.9224,-0.069,282580.0
synthetic,abstraction_surrealism,masked_region,10,10,71.6075,369.3151,-297.7076,4.5649,8.0828,-3.5179,37.552,28.3083,-9.2437,,,,149277.5
synthetic,abstraction_surrealism,outside_mask_region,10,10,0.0,0.0,0.0,0.0,0.0,0.0,,,0.0,,,,283874.5
synthetic,architecture_structured,boundary_region,10,10,3.3934,7.4933,-4.0999,0.4212,0.5804,-0.1592,50.8767,46.123,-4.2784,,,,11091.4
synthetic,architecture_structured,content_region,10,10,22.8479,75.5055,-52.6576,1.4125,1.9779,-0.5654,45.5348,39.4787,-6.056,0.9966,0.9725,-0.024,406272.0
synthetic,architecture_structured,full_image,10,10,15.7376,52.0083,-36.2707,0.9729,1.3624,-0.3894,47.1538,41.0978,-6.056,0.9976,0.9811,-0.0165,589824.0
synthetic,architecture_structured,mask_bbox_crop,10,10,31.4227,93.0294,-61.6067,2.3157,3.0385,-0.7228,42.6911,36.6351,-6.056,0.9948,0.962,-0.0327,252710.9
synthetic,architecture_structured,masked_region,10,10,41.3245,117.6056,-76.2811,3.2306,4.1955,-0.9648,39.8621,33.8061,-6.056,,,,129785.2
synthetic,architecture_structured,outside_mask_region,10,10,0.0,0.0,0.0,0.0,0.0,0.0,,,0.0,,,,276486.8
synthetic,high_texture_brushwork,boundary_region,10,10,2.6686,7.1928,-4.5242,0.3526,0.5466,-0.194,50.8302,45.0477,-5.2042,,,,12860.3
synthetic,high_texture_brushwork,content_region,10,10,57.3233,180.1908,-122.8675,2.4362,3.7911,-1.3549,43.7697,35.1236,-8.6461,0.9915,0.9464,-0.045,469248.0
synthetic,high_texture_brushwork,full_image,10,10,45.6049,143.3549,-97.75,1.9382,3.0161,-1.0779,44.7629,36.1168,-8.6461,0.9932,0.9574,-0.0358,589824.0
synthetic,high_texture_brushwork,mask_bbox_crop,10,10,64.5907,220.7824,-156.1916,3.3173,5.2367,-1.9195,41.369,32.7229,-8.6461,0.9894,0.9221,-0.0673,319981.1
synthetic,high_texture_brushwork,masked_region,10,10,86.2338,296.5928,-210.359,4.8113,7.4965,-2.6852,38.6706,30.0245,-8.6461,,,,170387.3
synthetic,high_texture_brushwork,outside_mask_region,10,10,0.0,0.0,0.0,0.0,0.0,0.0,,,0.0,,,,298860.7
synthetic,landscape_natural,boundary_region,10,10,6.705,11.9231,-5.2181,0.5518,0.7595,-0.2078,50.4839,44.96,-4.9715,,,,10808.9
synthetic,landscape_natural,content_region,10,10,52.8444,134.481,-81.6367,2.2198,3.1851,-0.9653,44.9392,34.7032,-10.236,0.9886,0.9526,-0.036,389376.0
synthetic,landscape_natural,full_image,10,10,34.8855,88.7785,-53.893,1.4654,2.1027,-0.6373,46.7427,36.5067,-10.236,0.9924,0.9687,-0.0237,589824.0
synthetic,landscape_natural,mask_bbox_crop,10,10,59.7552,188.1975,-128.4423,2.9639,4.8559,-1.892,42.8141,32.5781,-10.236,0.9858,0.9184,-0.0675,274545.9
synthetic,landscape_natural,masked_region,10,10,76.155,257.9788,-181.8238,4.1128,6.9121,-2.7993,39.7536,29.5176,-10.236,,,,139125.6
synthetic,landscape_natural,outside_mask_region,10,10,0.0,0.0,0.0,0.0,0.0,0.0,,,0.0,,,,250250.4
synthetic,portrait_figure,boundary_region,10,10,8.8885,10.8668,-1.9783,0.562,0.6807,-0.1186,57.3468,49.5795,-6.2139,,,,13458.6
synthetic,portrait_figure,content_region,10,10,141.184,143.8314,-2.6474,4.2072,4.1504,0.0568,44.5329,37.5347,-6.9982,0.9658,0.95,-0.0158,509184.0
synthetic,portrait_figure,full_image,10,10,121.8815,124.167,-2.2855,3.632,3.583,0.049,45.1714,38.1732,-6.9982,0.9704,0.9568,-0.0136,589824.0
synthetic,portrait_figure,mask_bbox_crop,10,10,149.2927,159.5214,-10.2287,5.0997,5.1424,-0.0426,42.7263,35.7282,-6.9982,0.9585,0.9385,-0.02,376442.3
synthetic,portrait_figure,masked_region,10,10,182.2135,211.4871,-29.2735,7.1344,7.4368,-0.3024,39.3896,32.3914,-6.9982,,,,179948.9
synthetic,portrait_figure,outside_mask_region,10,10,0.0,0.0,0.0,0.0,0.0,0.0,,,0.0,,,,329235.1
