case_id,painting_id,category,mask_type,overall_metric_vote,texture_winner_model
p043_loss_large,p043,high_texture_brushwork,loss_large,lama,stable_diffusion_inpainting
p033_loss_large,p033,abstraction_surrealism,loss_large,lama,stable_diffusion_inpainting
p040_loss_large,p040,abstraction_surrealism,loss_large,opencv_telea,stable_diffusion_inpainting
p039_loss_large,p039,abstraction_surrealism,loss_large,lama,stable_diffusion_inpainting
p046_loss_large,p046,high_texture_brushwork,loss_large,lama,stable_diffusion_inpainting
p005_loss_large,p005,portrait_figure,loss_large,lama,stable_diffusion_inpainting
p030_loss_large,p030,architecture_structured,loss_large,lama,stable_diffusion_inpainting
p045_loss_large,p045,high_texture_brushwork,loss_large,lama,stable_diffusion_inpainting
p035_loss_large,p035,abstraction_surrealism,loss_large,lama,stable_diffusion_inpainting
p009_loss_large,p009,portrait_figure,loss_large,lama,stable_diffusion_inpainting
p017_loss_large,p017,landscape_natural,loss_large,tie_lama_opencv_telea,stable_diffusion_inpainting
p038_loss_large,p038,abstraction_surrealism,loss_large,lama,stable_diffusion_inpainting
p007_loss_large,p007,portrait_figure,loss_large,lama,stable_diffusion_inpainting
p048_loss_large,p048,high_texture_brushwork,loss_large,lama,stable_diffusion_inpainting
p015_loss_large,p015,landscape_natural,loss_large,tie_lama_opencv_telea,stable_diffusion_inpainting
p041_mixed_damage,p041,high_texture_brushwork,mixed_damage,tie_lama_opencv_telea,lama
p016_mixed_damage,p016,landscape_natural,mixed_damage,tie_lama_opencv_telea,lama
p034_loss_large,p034,abstraction_surrealism,loss_large,lama,stable_diffusion_inpainting
p020_loss_large,p020,landscape_natural,loss_large,tie_lama_opencv_telea,lama
p041_loss_small,p041,high_texture_brushwork,loss_small,tie_lama_opencv_telea,lama
p029_loss_large,p029,architecture_structured,loss_large,lama,stable_diffusion_inpainting
p027_loss_large,p027,architecture_structured,loss_large,lama,stable_diffusion_inpainting
p050_loss_small,p050,high_texture_brushwork,loss_small,tie_lama_opencv_telea,lama
p041_loss_large,p041,high_texture_brushwork,loss_large,tie_lama_opencv_telea,stable_diffusion_inpainting
p027_loss_small,p027,architecture_structured,loss_small,tie_lama_opencv_telea,lama
p050_mixed_damage,p050,high_texture_brushwork,mixed_damage,tie_lama_opencv_telea,lama
p042_scratch_thin,p042,high_texture_brushwork,scratch_thin,tie_lama_opencv_telea,lama
p036_loss_large,p036,abstraction_surrealism,loss_large,lama,stable_diffusion_inpainting
p030_loss_small,p030,architecture_structured,loss_small,tie_lama_opencv_telea,lama
p019_loss_large,p019,landscape_natural,loss_large,lama,stable_diffusion_inpainting
p026_loss_large,p026,architecture_structured,loss_large,lama,stable_diffusion_inpainting
p010_loss_large,p010,portrait_figure,loss_large,tie_lama_opencv_telea,lama
p016_scratch_thin,p016,landscape_natural,scratch_thin,tie_lama_opencv_telea,lama
p026_loss_small,p026,architecture_structured,loss_small,tie_lama_opencv_telea,lama
p010_loss_small,p010,portrait_figure,loss_small,tie_lama_opencv_telea,lama
p049_loss_small,p049,high_texture_brushwork,loss_small,tie_lama_opencv_telea,lama
p047_loss_large,p047,high_texture_brushwork,loss_large,lama,stable_diffusion_inpainting
p009_scratch_thin,p009,portrait_figure,scratch_thin,opencv_telea,lama
p015_loss_small,p015,landscape_natural,loss_small,tie_lama_opencv_telea,lama
p041_scratch_thin,p041,high_texture_brushwork,scratch_thin,opencv_telea,lama
p029_scratch_thin,p029,architecture_structured,scratch_thin,opencv_telea,lama
p017_scratch_thin,p017,landscape_natural,scratch_thin,opencv_telea,lama
p001_mixed_damage,p001,portrait_figure,mixed_damage,tie_lama_opencv_telea,lama
p027_scratch_thin,p027,architecture_structured,scratch_thin,opencv_telea,lama
p033_scratch_thin,p033,abstraction_surrealism,scratch_thin,opencv_telea,lama
p050_scratch_thin,p050,high_texture_brushwork,scratch_thin,opencv_telea,lama
p040_scratch_thin,p040,abstraction_surrealism,scratch_thin,opencv_telea,lama
p028_scratch_thin,p028,architecture_structured,scratch_thin,opencv_telea,lama
p015_scratch_thin,p015,landscape_natural,scratch_thin,opencv_telea,lama
p019_scratch_thin,p019,landscape_natural,scratch_thin,opencv_telea,lama
p014_scratch_thin,p014,landscape_natural,scratch_thin,opencv_telea,lama
p026_scratch_thin,p026,architecture_structured,scratch_thin,opencv_telea,lama
p039_scratch_thin,p039,abstraction_surrealism,scratch_thin,tie_lama_opencv_telea,lama
p037_scratch_thin,p037,abstraction_surrealism,scratch_thin,opencv_telea,lama
p010_scratch_thin,p010,portrait_figure,scratch_thin,tie_lama_opencv_telea,lama
p031_scratch_thin,p031,abstraction_surrealism,scratch_thin,opencv_telea,lama
p030_scratch_thin,p030,architecture_structured,scratch_thin,opencv_telea,lama
p035_scratch_thin,p035,abstraction_surrealism,scratch_thin,opencv_telea,lama
p049_scratch_thin,p049,high_texture_brushwork,scratch_thin,tie_lama_opencv_telea,lama
p023_scratch_thin,p023,architecture_structured,scratch_thin,opencv_telea,lama
p004_scratch_thin,p004,portrait_figure,scratch_thin,tie_lama_opencv_telea,lama
p036_scratch_thin,p036,abstraction_surrealism,scratch_thin,opencv_telea,lama
p022_loss_large,p022,architecture_structured,loss_large,lama,lama
p028_loss_large,p028,architecture_structured,loss_large,lama,lama
p003_loss_large,p003,portrait_figure,loss_large,lama,lama
p037_loss_large,p037,abstraction_surrealism,loss_large,stable_diffusion_inpainting,stable_diffusion_inpainting
p050_loss_large,p050,high_texture_brushwork,loss_large,lama,lama
p011_loss_large,p011,landscape_natural,loss_large,lama,lama
p024_loss_large,p024,architecture_structured,loss_large,lama,lama
p029_mixed_damage,p029,architecture_structured,mixed_damage,lama,lama
p017_mixed_damage,p017,landscape_natural,mixed_damage,lama,lama
p017_loss_small,p017,landscape_natural,loss_small,lama,lama
p032_loss_large,p032,abstraction_surrealism,loss_large,lama,lama
p023_loss_large,p023,architecture_structured,loss_large,lama,lama
p012_scratch_thin,p012,landscape_natural,scratch_thin,lama,lama
p013_loss_large,p013,landscape_natural,loss_large,lama,lama
p016_loss_small,p016,landscape_natural,loss_small,lama,lama
p042_loss_large,p042,high_texture_brushwork,loss_large,lama,lama
p032_loss_small,p032,abstraction_surrealism,loss_small,lama,lama
p012_loss_large,p012,landscape_natural,loss_large,lama,lama
p005_mixed_damage,p005,portrait_figure,mixed_damage,lama,lama
p009_mixed_damage,p009,portrait_figure,mixed_damage,lama,lama
p013_mixed_damage,p013,landscape_natural,mixed_damage,lama,lama
p018_loss_large,p018,landscape_natural,loss_large,lama,lama
p036_mixed_damage,p036,abstraction_surrealism,mixed_damage,lama,lama
p036_loss_small,p036,abstraction_surrealism,loss_small,lama,lama
p027_mixed_damage,p027,architecture_structured,mixed_damage,lama,lama
p005_loss_small,p005,portrait_figure,loss_small,lama,lama
p042_mixed_damage,p042,high_texture_brushwork,mixed_damage,lama,lama
p033_loss_small,p033,abstraction_surrealism,loss_small,lama,lama
p035_loss_small,p035,abstraction_surrealism,loss_small,lama,lama
p020_mixed_damage,p020,landscape_natural,mixed_damage,lama,lama
p029_loss_small,p029,architecture_structured,loss_small,lama,lama
p016_loss_large,p016,landscape_natural,loss_large,lama,lama
p028_mixed_damage,p028,architecture_structured,mixed_damage,lama,lama
p031_loss_large,p031,abstraction_surrealism,loss_large,lama,lama
p010_mixed_damage,p010,portrait_figure,mixed_damage,lama,lama
p021_loss_large,p021,architecture_structured,loss_large,lama,lama
p007_loss_small,p007,portrait_figure,loss_small,lama,lama
p042_loss_small,p042,high_texture_brushwork,loss_small,lama,lama
p025_mixed_damage,p025,architecture_structured,mixed_damage,lama,lama
p021_mixed_damage,p021,architecture_structured,mixed_damage,lama,lama
p007_mixed_damage,p007,portrait_figure,mixed_damage,lama,lama
p031_loss_small,p031,abstraction_surrealism,loss_small,lama,lama
p035_mixed_damage,p035,abstraction_surrealism,mixed_damage,lama,lama
p003_mixed_damage,p003,portrait_figure,mixed_damage,lama,lama
p012_mixed_damage,p012,landscape_natural,mixed_damage,lama,lama
p033_mixed_damage,p033,abstraction_surrealism,mixed_damage,lama,lama
p023_loss_small,p023,architecture_structured,loss_small,lama,lama
p046_loss_small,p046,high_texture_brushwork,loss_small,lama,lama
p048_mixed_damage,p048,high_texture_brushwork,mixed_damage,lama,lama
p022_mixed_damage,p022,architecture_structured,mixed_damage,lama,lama
p025_loss_small,p025,architecture_structured,loss_small,lama,lama
p049_mixed_damage,p049,high_texture_brushwork,mixed_damage,lama,lama
p011_mixed_damage,p011,landscape_natural,mixed_damage,lama,lama
p044_loss_large,p044,high_texture_brushwork,loss_large,lama,lama
p002_loss_large,p002,portrait_figure,loss_large,lama,lama
p015_mixed_damage,p015,landscape_natural,mixed_damage,lama,lama
p013_loss_small,p013,landscape_natural,loss_small,lama,lama
p019_mixed_damage,p019,landscape_natural,mixed_damage,lama,lama
p043_loss_small,p043,high_texture_brushwork,loss_small,lama,lama
p014_mixed_damage,p014,landscape_natural,mixed_damage,lama,lama
p030_mixed_damage,p030,architecture_structured,mixed_damage,lama,lama
p002_mixed_damage,p002,portrait_figure,mixed_damage,lama,lama
p045_mixed_damage,p045,high_texture_brushwork,mixed_damage,lama,lama
p034_mixed_damage,p034,abstraction_surrealism,mixed_damage,lama,lama
p038_mixed_damage,p038,abstraction_surrealism,mixed_damage,lama,lama
p018_mixed_damage,p018,landscape_natural,mixed_damage,lama,lama
p020_loss_small,p020,landscape_natural,loss_small,lama,lama
p009_loss_small,p009,portrait_figure,loss_small,lama,lama
p046_mixed_damage,p046,high_texture_brushwork,mixed_damage,lama,lama
p011_loss_small,p011,landscape_natural,loss_small,lama,lama
p040_mixed_damage,p040,abstraction_surrealism,mixed_damage,lama,lama
p025_loss_large,p025,architecture_structured,loss_large,lama,lama
p023_mixed_damage,p023,architecture_structured,mixed_damage,lama,lama
p049_loss_large,p049,high_texture_brushwork,loss_large,lama,lama
p048_scratch_thin,p048,high_texture_brushwork,scratch_thin,lama,lama
p026_mixed_damage,p026,architecture_structured,mixed_damage,lama,lama
p018_loss_small,p018,landscape_natural,loss_small,lama,lama
p008_mixed_damage,p008,portrait_figure,mixed_damage,lama,lama
p044_mixed_damage,p044,high_texture_brushwork,mixed_damage,lama,lama
p021_loss_small,p021,architecture_structured,loss_small,lama,lama
p003_loss_small,p003,portrait_figure,loss_small,lama,lama
p004_mixed_damage,p004,portrait_figure,mixed_damage,lama,lama
p006_loss_large,p006,portrait_figure,loss_large,lama,lama
p024_loss_small,p024,architecture_structured,loss_small,lama,lama
p004_loss_small,p004,portrait_figure,loss_small,lama,lama
p037_mixed_damage,p037,abstraction_surrealism,mixed_damage,lama,lama
p048_loss_small,p048,high_texture_brushwork,loss_small,lama,lama
p022_loss_small,p022,architecture_structured,loss_small,lama,lama
p047_mixed_damage,p047,high_texture_brushwork,mixed_damage,lama,lama
p045_scratch_thin,p045,high_texture_brushwork,scratch_thin,lama,lama
p039_loss_small,p039,abstraction_surrealism,loss_small,lama,lama
p034_loss_small,p034,abstraction_surrealism,loss_small,lama,lama
p020_scratch_thin,p020,landscape_natural,scratch_thin,lama,lama
p040_loss_small,p040,abstraction_surrealism,loss_small,lama,lama
p038_loss_small,p038,abstraction_surrealism,loss_small,lama,lama
p014_loss_large,p014,landscape_natural,loss_large,lama,lama
p011_scratch_thin,p011,landscape_natural,scratch_thin,lama,lama
p039_mixed_damage,p039,abstraction_surrealism,mixed_damage,lama,lama
p043_mixed_damage,p043,high_texture_brushwork,mixed_damage,lama,lama
p014_loss_small,p014,landscape_natural,loss_small,lama,lama
p038_scratch_thin,p038,abstraction_surrealism,scratch_thin,lama,lama
p025_scratch_thin,p025,architecture_structured,scratch_thin,lama,lama
p013_scratch_thin,p013,landscape_natural,scratch_thin,lama,lama
p022_scratch_thin,p022,architecture_structured,scratch_thin,lama,lama
p028_loss_small,p028,architecture_structured,loss_small,lama,lama
p006_mixed_damage,p006,portrait_figure,mixed_damage,lama,lama
p044_loss_small,p044,high_texture_brushwork,loss_small,lama,lama
p008_scratch_thin,p008,portrait_figure,scratch_thin,lama,lama
p037_loss_small,p037,abstraction_surrealism,loss_small,lama,lama
p002_loss_small,p002,portrait_figure,loss_small,lama,lama
p032_mixed_damage,p032,abstraction_surrealism,mixed_damage,lama,lama
p045_loss_small,p045,high_texture_brushwork,loss_small,lama,lama
p047_loss_small,p047,high_texture_brushwork,loss_small,lama,lama
p006_loss_small,p006,portrait_figure,loss_small,lama,lama
p008_loss_large,p008,portrait_figure,loss_large,lama,lama
p005_scratch_thin,p005,portrait_figure,scratch_thin,lama,lama
p034_scratch_thin,p034,abstraction_surrealism,scratch_thin,lama,lama
p043_scratch_thin,p043,high_texture_brushwork,scratch_thin,lama,lama
p024_mixed_damage,p024,architecture_structured,mixed_damage,lama,lama
p004_loss_large,p004,portrait_figure,loss_large,lama,lama
p046_scratch_thin,p046,high_texture_brushwork,scratch_thin,lama,lama
p007_scratch_thin,p007,portrait_figure,scratch_thin,lama,lama
p021_scratch_thin,p021,architecture_structured,scratch_thin,lama,lama
p019_loss_small,p019,landscape_natural,loss_small,lama,lama
p018_scratch_thin,p018,landscape_natural,scratch_thin,lama,lama
p032_scratch_thin,p032,abstraction_surrealism,scratch_thin,lama,lama
p001_scratch_thin,p001,portrait_figure,scratch_thin,lama,lama
p008_loss_small,p008,portrait_figure,loss_small,lama,lama
p003_scratch_thin,p003,portrait_figure,scratch_thin,lama,lama
p006_scratch_thin,p006,portrait_figure,scratch_thin,lama,lama
p031_mixed_damage,p031,abstraction_surrealism,mixed_damage,lama,lama
p002_scratch_thin,p002,portrait_figure,scratch_thin,lama,lama
p001_loss_small,p001,portrait_figure,loss_small,lama,lama
p047_scratch_thin,p047,high_texture_brushwork,scratch_thin,lama,lama
p001_loss_large,p001,portrait_figure,loss_large,lama,lama
p044_scratch_thin,p044,high_texture_brushwork,scratch_thin,lama,lama
p012_loss_small,p012,landscape_natural,loss_small,lama,lama
p024_scratch_thin,p024,architecture_structured,scratch_thin,opencv_telea,opencv_telea
