model_name,is_deterministic_failure,deterministic_failure_pattern,summary_dataset_name,summary_mask_type,summary_category,summary_style_or_period,summary_damage_family,case_count,runtime_available_cases,runtime_median_seconds,case_examples
lama,True,issue:zero_control_copied_without_model_inference,canonical,zero_control,abstraction_surrealism,unknown_style_or_period,zero_control,10,10,0.0,"canonical__p031_zero_control, canonical__p032_zero_control, canonical__p033_zero_control, canonical__p034_zero_control, canonical__p035_zero_control"
lama,True,issue:zero_control_copied_without_model_inference,canonical,zero_control,architecture_structured,unknown_style_or_period,zero_control,10,10,0.0,"canonical__p021_zero_control, canonical__p022_zero_control, canonical__p023_zero_control, canonical__p024_zero_control, canonical__p025_zero_control"
lama,True,issue:zero_control_copied_without_model_inference,canonical,zero_control,landscape_natural,unknown_style_or_period,zero_control,10,10,0.0,"canonical__p011_zero_control, canonical__p012_zero_control, canonical__p013_zero_control, canonical__p014_zero_control, canonical__p015_zero_control"
lama,True,issue:zero_control_copied_without_model_inference,canonical,zero_control,high_texture_brushwork,Post-Impressionism,zero_control,3,3,0.0,"canonical__p041_zero_control, canonical__p043_zero_control, canonical__p048_zero_control"
lama,True,issue:zero_control_copied_without_model_inference,canonical,zero_control,high_texture_brushwork,Impressionism,zero_control,2,2,0.0,"canonical__p044_zero_control, canonical__p047_zero_control"
lama,True,issue:zero_control_copied_without_model_inference,canonical,zero_control,high_texture_brushwork,unknown_style_or_period,zero_control,2,2,0.0,"canonical__p042_zero_control, canonical__p050_zero_control"
lama,True,issue:zero_control_copied_without_model_inference,canonical,zero_control,high_texture_brushwork,Impressionism / modern French painting,zero_control,1,1,0.0,canonical__p046_zero_control
lama,True,issue:zero_control_copied_without_model_inference,canonical,zero_control,high_texture_brushwork,Impressionist outdoor figure painting,zero_control,1,1,0.0,canonical__p045_zero_control
lama,True,issue:zero_control_copied_without_model_inference,canonical,zero_control,high_texture_brushwork,Modern French painting,zero_control,1,1,0.0,canonical__p049_zero_control
lama,True,issue:zero_control_copied_without_model_inference,canonical,zero_control,portrait_figure,18th century portraiture,zero_control,1,1,0.0,canonical__p005_zero_control
lama,True,issue:zero_control_copied_without_model_inference,canonical,zero_control,portrait_figure,19th century French painting,zero_control,1,1,0.0,canonical__p010_zero_control
lama,True,issue:zero_control_copied_without_model_inference,canonical,zero_control,portrait_figure,19th century portraiture,zero_control,1,1,0.0,canonical__p002_zero_control
lama,True,issue:zero_control_copied_without_model_inference,canonical,zero_control,portrait_figure,Baroque,zero_control,1,1,0.0,canonical__p001_zero_control
lama,True,issue:zero_control_copied_without_model_inference,canonical,zero_control,portrait_figure,Impressionism,zero_control,1,1,0.0,canonical__p004_zero_control
lama,True,issue:zero_control_copied_without_model_inference,canonical,zero_control,portrait_figure,Neoclassical,zero_control,1,1,0.0,canonical__p007_zero_control
lama,True,issue:zero_control_copied_without_model_inference,canonical,zero_control,portrait_figure,Neoclassical / early 19th century,zero_control,1,1,0.0,canonical__p003_zero_control
lama,True,issue:zero_control_copied_without_model_inference,canonical,zero_control,portrait_figure,Post-Impressionism,zero_control,1,1,0.0,canonical__p009_zero_control
lama,True,issue:zero_control_copied_without_model_inference,canonical,zero_control,portrait_figure,Realism / early modern French painting,zero_control,1,1,0.0,canonical__p006_zero_control
lama,True,issue:zero_control_copied_without_model_inference,canonical,zero_control,portrait_figure,Spanish portraiture,zero_control,1,1,0.0,canonical__p008_zero_control
lama,False,success_or_not_flagged,mask_robustness,unknown_mask,abstraction_surrealism,unknown_style_or_period,mask_robustness,15,15,1.4609382327775366,"mask_robustness__p039__loss_large__variant_01, mask_robustness__p039__loss_large__variant_02, mask_robustness__p039__loss_large__variant_03, mask_robustness__p039__loss_large__variant_04, mask_robustness__p039__loss_large__variant_05"
lama,False,success_or_not_flagged,mask_robustness,unknown_mask,architecture_structured,unknown_style_or_period,mask_robustness,15,15,1.4609382327775366,"mask_robustness__p026__loss_large__variant_01, mask_robustness__p026__loss_large__variant_02, mask_robustness__p026__loss_large__variant_03, mask_robustness__p026__loss_large__variant_04, mask_robustness__p026__loss_large__variant_05"
lama,False,success_or_not_flagged,mask_robustness,unknown_mask,high_texture_brushwork,Post-Impressionism,mask_robustness,15,15,1.4609382327775366,"mask_robustness__p043__loss_large__variant_01, mask_robustness__p043__loss_large__variant_02, mask_robustness__p043__loss_large__variant_03, mask_robustness__p043__loss_large__variant_04, mask_robustness__p043__loss_large__variant_05"
lama,False,success_or_not_flagged,mask_robustness,unknown_mask,landscape_natural,unknown_style_or_period,mask_robustness,15,15,1.4609382327775366,"mask_robustness__p018__loss_large__variant_01, mask_robustness__p018__loss_large__variant_02, mask_robustness__p018__loss_large__variant_03, mask_robustness__p018__loss_large__variant_04, mask_robustness__p018__loss_large__variant_05"
lama,False,success_or_not_flagged,mask_robustness,unknown_mask,portrait_figure,Baroque,mask_robustness,15,15,1.4609382327775366,"mask_robustness__p001__loss_large__variant_01, mask_robustness__p001__loss_large__variant_02, mask_robustness__p001__loss_large__variant_03, mask_robustness__p001__loss_large__variant_04, mask_robustness__p001__loss_large__variant_05"
opencv_telea,False,success_or_not_flagged,mask_robustness,unknown_mask,abstraction_surrealism,unknown_style_or_period,mask_robustness,15,15,0.4138488000025973,"mask_robustness__p039__loss_large__variant_01, mask_robustness__p039__loss_large__variant_02, mask_robustness__p039__loss_large__variant_03, mask_robustness__p039__loss_large__variant_04, mask_robustness__p039__loss_large__variant_05"
opencv_telea,False,success_or_not_flagged,mask_robustness,unknown_mask,architecture_structured,unknown_style_or_period,mask_robustness,15,15,0.3377041000057943,"mask_robustness__p026__loss_large__variant_01, mask_robustness__p026__loss_large__variant_02, mask_robustness__p026__loss_large__variant_03, mask_robustness__p026__loss_large__variant_04, mask_robustness__p026__loss_large__variant_05"
opencv_telea,False,success_or_not_flagged,mask_robustness,unknown_mask,high_texture_brushwork,Post-Impressionism,mask_robustness,15,15,0.4990708999685012,"mask_robustness__p043__loss_large__variant_01, mask_robustness__p043__loss_large__variant_02, mask_robustness__p043__loss_large__variant_03, mask_robustness__p043__loss_large__variant_04, mask_robustness__p043__loss_large__variant_05"
opencv_telea,False,success_or_not_flagged,mask_robustness,unknown_mask,landscape_natural,unknown_style_or_period,mask_robustness,15,15,0.4362267000251449,"mask_robustness__p018__loss_large__variant_01, mask_robustness__p018__loss_large__variant_02, mask_robustness__p018__loss_large__variant_03, mask_robustness__p018__loss_large__variant_04, mask_robustness__p018__loss_large__variant_05"
opencv_telea,False,success_or_not_flagged,mask_robustness,unknown_mask,portrait_figure,Baroque,mask_robustness,15,15,0.616310799960047,"mask_robustness__p001__loss_large__variant_01, mask_robustness__p001__loss_large__variant_02, mask_robustness__p001__loss_large__variant_03, mask_robustness__p001__loss_large__variant_04, mask_robustness__p001__loss_large__variant_05"
lama,False,success_or_not_flagged,canonical,loss_large,abstraction_surrealism,unknown_style_or_period,canonical,10,10,1.4609382327775366,"canonical__p031_loss_large, canonical__p032_loss_large, canonical__p033_loss_large, canonical__p034_loss_large, canonical__p035_loss_large"
lama,False,success_or_not_flagged,canonical,loss_large,architecture_structured,unknown_style_or_period,canonical,10,10,1.4609382327775366,"canonical__p021_loss_large, canonical__p022_loss_large, canonical__p023_loss_large, canonical__p024_loss_large, canonical__p025_loss_large"
lama,False,success_or_not_flagged,canonical,loss_large,landscape_natural,unknown_style_or_period,canonical,10,10,1.4609382327775366,"canonical__p011_loss_large, canonical__p012_loss_large, canonical__p013_loss_large, canonical__p014_loss_large, canonical__p015_loss_large"
lama,False,success_or_not_flagged,canonical,loss_small,abstraction_surrealism,unknown_style_or_period,canonical,10,10,1.4609382327775366,"canonical__p031_loss_small, canonical__p032_loss_small, canonical__p033_loss_small, canonical__p034_loss_small, canonical__p035_loss_small"
lama,False,success_or_not_flagged,canonical,loss_small,architecture_structured,unknown_style_or_period,canonical,10,10,1.4609382327775366,"canonical__p021_loss_small, canonical__p022_loss_small, canonical__p023_loss_small, canonical__p024_loss_small, canonical__p025_loss_small"
lama,False,success_or_not_flagged,canonical,loss_small,landscape_natural,unknown_style_or_period,canonical,10,10,1.4609382327775366,"canonical__p011_loss_small, canonical__p012_loss_small, canonical__p013_loss_small, canonical__p014_loss_small, canonical__p015_loss_small"
lama,False,success_or_not_flagged,canonical,mixed_damage,abstraction_surrealism,unknown_style_or_period,canonical,10,10,1.4609382327775366,"canonical__p031_mixed_damage, canonical__p032_mixed_damage, canonical__p033_mixed_damage, canonical__p034_mixed_damage, canonical__p035_mixed_damage"
lama,False,success_or_not_flagged,canonical,mixed_damage,architecture_structured,unknown_style_or_period,canonical,10,10,1.4609382327775366,"canonical__p021_mixed_damage, canonical__p022_mixed_damage, canonical__p023_mixed_damage, canonical__p024_mixed_damage, canonical__p025_mixed_damage"
lama,False,success_or_not_flagged,canonical,mixed_damage,landscape_natural,unknown_style_or_period,canonical,10,10,1.4609382327775366,"canonical__p011_mixed_damage, canonical__p012_mixed_damage, canonical__p013_mixed_damage, canonical__p014_mixed_damage, canonical__p015_mixed_damage"
lama,False,success_or_not_flagged,canonical,scratch_thin,abstraction_surrealism,unknown_style_or_period,canonical,10,10,1.4609382327775366,"canonical__p031_scratch_thin, canonical__p032_scratch_thin, canonical__p033_scratch_thin, canonical__p034_scratch_thin, canonical__p035_scratch_thin"
lama,False,success_or_not_flagged,canonical,scratch_thin,architecture_structured,unknown_style_or_period,canonical,10,10,1.4609382327775366,"canonical__p021_scratch_thin, canonical__p022_scratch_thin, canonical__p023_scratch_thin, canonical__p024_scratch_thin, canonical__p025_scratch_thin"
lama,False,success_or_not_flagged,canonical,scratch_thin,landscape_natural,unknown_style_or_period,canonical,10,10,1.4609382327775366,"canonical__p011_scratch_thin, canonical__p012_scratch_thin, canonical__p013_scratch_thin, canonical__p014_scratch_thin, canonical__p015_scratch_thin"
lama,False,success_or_not_flagged,synthetic_degradation,unknown_mask,abstraction_surrealism,unknown_style_or_period,synthetic_degradation,10,10,1.4609382327775366,"synthetic_degradation__p039__dirt_dust__mild, synthetic_degradation__p039__dirt_dust__moderate, synthetic_degradation__p039__dirt_dust__severe, synthetic_degradation__p039__partial_transparency__mild, synthetic_degradation__p039__partial_transparency__moderate"
lama,False,success_or_not_flagged,synthetic_degradation,unknown_mask,architecture_structured,unknown_style_or_period,synthetic_degradation,10,10,1.4609382327775366,"synthetic_degradation__p026__dirt_dust__mild, synthetic_degradation__p026__dirt_dust__moderate, synthetic_degradation__p026__dirt_dust__severe, synthetic_degradation__p026__partial_transparency__mild, synthetic_degradation__p026__partial_transparency__moderate"
lama,False,success_or_not_flagged,synthetic_degradation,unknown_mask,high_texture_brushwork,Post-Impressionism,synthetic_degradation,10,10,1.4609382327775366,"synthetic_degradation__p043__dirt_dust__mild, synthetic_degradation__p043__dirt_dust__moderate, synthetic_degradation__p043__dirt_dust__severe, synthetic_degradation__p043__partial_transparency__mild, synthetic_degradation__p043__partial_transparency__moderate"
lama,False,success_or_not_flagged,synthetic_degradation,unknown_mask,landscape_natural,unknown_style_or_period,synthetic_degradation,10,10,1.4609382327775366,"synthetic_degradation__p018__dirt_dust__mild, synthetic_degradation__p018__dirt_dust__moderate, synthetic_degradation__p018__dirt_dust__severe, synthetic_degradation__p018__partial_transparency__mild, synthetic_degradation__p018__partial_transparency__moderate"
lama,False,success_or_not_flagged,synthetic_degradation,unknown_mask,portrait_figure,Baroque,synthetic_degradation,10,10,1.4609382327775366,"synthetic_degradation__p001__dirt_dust__mild, synthetic_degradation__p001__dirt_dust__moderate, synthetic_degradation__p001__dirt_dust__severe, synthetic_degradation__p001__partial_transparency__mild, synthetic_degradation__p001__partial_transparency__moderate"
opencv_telea,False,success_or_not_flagged,canonical,loss_large,abstraction_surrealism,unknown_style_or_period,canonical,10,10,0.49029124999651685,"canonical__p031_loss_large, canonical__p032_loss_large, canonical__p033_loss_large, canonical__p034_loss_large, canonical__p035_loss_large"
opencv_telea,False,success_or_not_flagged,canonical,loss_large,architecture_structured,unknown_style_or_period,canonical,10,10,0.5137608500081114,"canonical__p021_loss_large, canonical__p022_loss_large, canonical__p023_loss_large, canonical__p024_loss_large, canonical__p025_loss_large"
opencv_telea,False,success_or_not_flagged,canonical,loss_large,landscape_natural,unknown_style_or_period,canonical,10,10,0.45095160001073964,"canonical__p011_loss_large, canonical__p012_loss_large, canonical__p013_loss_large, canonical__p014_loss_large, canonical__p015_loss_large"
opencv_telea,False,success_or_not_flagged,canonical,loss_small,abstraction_surrealism,unknown_style_or_period,canonical,10,10,0.39471365002100356,"canonical__p031_loss_small, canonical__p032_loss_small, canonical__p033_loss_small, canonical__p034_loss_small, canonical__p035_loss_small"
opencv_telea,False,success_or_not_flagged,canonical,loss_small,architecture_structured,unknown_style_or_period,canonical,10,10,0.4433218000049237,"canonical__p021_loss_small, canonical__p022_loss_small, canonical__p023_loss_small, canonical__p024_loss_small, canonical__p025_loss_small"
opencv_telea,False,success_or_not_flagged,canonical,loss_small,landscape_natural,unknown_style_or_period,canonical,10,10,0.38306860000011506,"canonical__p011_loss_small, canonical__p012_loss_small, canonical__p013_loss_small, canonical__p014_loss_small, canonical__p015_loss_small"
opencv_telea,False,success_or_not_flagged,canonical,mixed_damage,abstraction_surrealism,unknown_style_or_period,canonical,10,10,0.44795329999760725,"canonical__p031_mixed_damage, canonical__p032_mixed_damage, canonical__p033_mixed_damage, canonical__p034_mixed_damage, canonical__p035_mixed_damage"
opencv_telea,False,success_or_not_flagged,canonical,mixed_damage,architecture_structured,unknown_style_or_period,canonical,10,10,0.5124654499813914,"canonical__p021_mixed_damage, canonical__p022_mixed_damage, canonical__p023_mixed_damage, canonical__p024_mixed_damage, canonical__p025_mixed_damage"
opencv_telea,False,success_or_not_flagged,canonical,mixed_damage,landscape_natural,unknown_style_or_period,canonical,10,10,0.4469328499981202,"canonical__p011_mixed_damage, canonical__p012_mixed_damage, canonical__p013_mixed_damage, canonical__p014_mixed_damage, canonical__p015_mixed_damage"
opencv_telea,False,success_or_not_flagged,canonical,scratch_thin,abstraction_surrealism,unknown_style_or_period,canonical,10,10,0.40902250001090573,"canonical__p031_scratch_thin, canonical__p032_scratch_thin, canonical__p033_scratch_thin, canonical__p034_scratch_thin, canonical__p035_scratch_thin"
opencv_telea,False,success_or_not_flagged,canonical,scratch_thin,architecture_structured,unknown_style_or_period,canonical,10,10,0.43545095002627926,"canonical__p021_scratch_thin, canonical__p022_scratch_thin, canonical__p023_scratch_thin, canonical__p024_scratch_thin, canonical__p025_scratch_thin"
opencv_telea,False,success_or_not_flagged,canonical,scratch_thin,landscape_natural,unknown_style_or_period,canonical,10,10,0.3827331500360742,"canonical__p011_scratch_thin, canonical__p012_scratch_thin, canonical__p013_scratch_thin, canonical__p014_scratch_thin, canonical__p015_scratch_thin"
opencv_telea,False,success_or_not_flagged,canonical,zero_control,abstraction_surrealism,unknown_style_or_period,zero_control,10,10,0.3777803999837488,"canonical__p031_zero_control, canonical__p032_zero_control, canonical__p033_zero_control, canonical__p034_zero_control, canonical__p035_zero_control"
opencv_telea,False,success_or_not_flagged,canonical,zero_control,architecture_structured,unknown_style_or_period,zero_control,10,10,0.4095742499921471,"canonical__p021_zero_control, canonical__p022_zero_control, canonical__p023_zero_control, canonical__p024_zero_control, canonical__p025_zero_control"
opencv_telea,False,success_or_not_flagged,canonical,zero_control,landscape_natural,unknown_style_or_period,zero_control,10,10,0.35770660001435317,"canonical__p011_zero_control, canonical__p012_zero_control, canonical__p013_zero_control, canonical__p014_zero_control, canonical__p015_zero_control"
opencv_telea,False,success_or_not_flagged,synthetic_degradation,unknown_mask,abstraction_surrealism,unknown_style_or_period,synthetic_degradation,10,10,0.4479630500136409,"synthetic_degradation__p039__dirt_dust__mild, synthetic_degradation__p039__dirt_dust__moderate, synthetic_degradation__p039__dirt_dust__severe, synthetic_degradation__p039__partial_transparency__mild, synthetic_degradation__p039__partial_transparency__moderate"
opencv_telea,False,success_or_not_flagged,synthetic_degradation,unknown_mask,architecture_structured,unknown_style_or_period,synthetic_degradation,10,10,0.33619294999516564,"synthetic_degradation__p026__dirt_dust__mild, synthetic_degradation__p026__dirt_dust__moderate, synthetic_degradation__p026__dirt_dust__severe, synthetic_degradation__p026__partial_transparency__mild, synthetic_degradation__p026__partial_transparency__moderate"
opencv_telea,False,success_or_not_flagged,synthetic_degradation,unknown_mask,high_texture_brushwork,Post-Impressionism,synthetic_degradation,10,10,0.4687557500146795,"synthetic_degradation__p043__dirt_dust__mild, synthetic_degradation__p043__dirt_dust__moderate, synthetic_degradation__p043__dirt_dust__severe, synthetic_degradation__p043__partial_transparency__mild, synthetic_degradation__p043__partial_transparency__moderate"
opencv_telea,False,success_or_not_flagged,synthetic_degradation,unknown_mask,landscape_natural,unknown_style_or_period,synthetic_degradation,10,10,0.4519925999920815,"synthetic_degradation__p018__dirt_dust__mild, synthetic_degradation__p018__dirt_dust__moderate, synthetic_degradation__p018__dirt_dust__severe, synthetic_degradation__p018__partial_transparency__mild, synthetic_degradation__p018__partial_transparency__moderate"
opencv_telea,False,success_or_not_flagged,synthetic_degradation,unknown_mask,portrait_figure,Baroque,synthetic_degradation,10,10,0.6084809999738354,"synthetic_degradation__p001__dirt_dust__mild, synthetic_degradation__p001__dirt_dust__moderate, synthetic_degradation__p001__dirt_dust__severe, synthetic_degradation__p001__partial_transparency__mild, synthetic_degradation__p001__partial_transparency__moderate"
lama,False,success_or_not_flagged,damage_size,unknown_mask,abstraction_surrealism,unknown_style_or_period,damage_size,7,7,1.4609382327775366,"damage_size__p039__loss_large__size_02pct, damage_size__p039__loss_large__size_04pct, damage_size__p039__loss_large__size_06pct, damage_size__p039__loss_large__size_08pct, damage_size__p039__loss_large__size_10pct"
lama,False,success_or_not_flagged,damage_size,unknown_mask,architecture_structured,unknown_style_or_period,damage_size,7,7,1.4609382327775366,"damage_size__p026__loss_large__size_02pct, damage_size__p026__loss_large__size_04pct, damage_size__p026__loss_large__size_06pct, damage_size__p026__loss_large__size_08pct, damage_size__p026__loss_large__size_10pct"
lama,False,success_or_not_flagged,damage_size,unknown_mask,high_texture_brushwork,Post-Impressionism,damage_size,7,7,1.4609382327775366,"damage_size__p043__loss_large__size_02pct, damage_size__p043__loss_large__size_04pct, damage_size__p043__loss_large__size_06pct, damage_size__p043__loss_large__size_08pct, damage_size__p043__loss_large__size_10pct"
lama,False,success_or_not_flagged,damage_size,unknown_mask,landscape_natural,unknown_style_or_period,damage_size,7,7,1.4609382327775366,"damage_size__p018__loss_large__size_02pct, damage_size__p018__loss_large__size_04pct, damage_size__p018__loss_large__size_06pct, damage_size__p018__loss_large__size_08pct, damage_size__p018__loss_large__size_10pct"
lama,False,success_or_not_flagged,damage_size,unknown_mask,portrait_figure,Baroque,damage_size,7,7,1.4609382327775366,"damage_size__p001__loss_large__size_02pct, damage_size__p001__loss_large__size_04pct, damage_size__p001__loss_large__size_06pct, damage_size__p001__loss_large__size_08pct, damage_size__p001__loss_large__size_10pct"
opencv_telea,False,success_or_not_flagged,damage_size,unknown_mask,abstraction_surrealism,unknown_style_or_period,damage_size,7,7,0.4484681999892927,"damage_size__p039__loss_large__size_02pct, damage_size__p039__loss_large__size_04pct, damage_size__p039__loss_large__size_06pct, damage_size__p039__loss_large__size_08pct, damage_size__p039__loss_large__size_10pct"
opencv_telea,False,success_or_not_flagged,damage_size,unknown_mask,architecture_structured,unknown_style_or_period,damage_size,7,7,0.3470811999868601,"damage_size__p026__loss_large__size_02pct, damage_size__p026__loss_large__size_04pct, damage_size__p026__loss_large__size_06pct, damage_size__p026__loss_large__size_08pct, damage_size__p026__loss_large__size_10pct"
opencv_telea,False,success_or_not_flagged,damage_size,unknown_mask,high_texture_brushwork,Post-Impressionism,damage_size,7,7,0.4705738999764435,"damage_size__p043__loss_large__size_02pct, damage_size__p043__loss_large__size_04pct, damage_size__p043__loss_large__size_06pct, damage_size__p043__loss_large__size_08pct, damage_size__p043__loss_large__size_10pct"
opencv_telea,False,success_or_not_flagged,damage_size,unknown_mask,landscape_natural,unknown_style_or_period,damage_size,7,7,0.4481230999808758,"damage_size__p018__loss_large__size_02pct, damage_size__p018__loss_large__size_04pct, damage_size__p018__loss_large__size_06pct, damage_size__p018__loss_large__size_08pct, damage_size__p018__loss_large__size_10pct"
opencv_telea,False,success_or_not_flagged,damage_size,unknown_mask,portrait_figure,Baroque,damage_size,7,7,0.6307979000266641,"damage_size__p001__loss_large__size_02pct, damage_size__p001__loss_large__size_04pct, damage_size__p001__loss_large__size_06pct, damage_size__p001__loss_large__size_08pct, damage_size__p001__loss_large__size_10pct"
lama,False,success_or_not_flagged,canonical,loss_large,high_texture_brushwork,Post-Impressionism,canonical,3,3,1.4609382327775366,"canonical__p041_loss_large, canonical__p043_loss_large, canonical__p048_loss_large"
lama,False,success_or_not_flagged,canonical,loss_small,high_texture_brushwork,Post-Impressionism,canonical,3,3,1.4609382327775366,"canonical__p041_loss_small, canonical__p043_loss_small, canonical__p048_loss_small"
lama,False,success_or_not_flagged,canonical,mixed_damage,high_texture_brushwork,Post-Impressionism,canonical,3,3,1.4609382327775366,"canonical__p041_mixed_damage, canonical__p043_mixed_damage, canonical__p048_mixed_damage"
lama,False,success_or_not_flagged,canonical,scratch_thin,high_texture_brushwork,Post-Impressionism,canonical,3,3,1.4609382327775366,"canonical__p041_scratch_thin, canonical__p043_scratch_thin, canonical__p048_scratch_thin"
opencv_telea,False,success_or_not_flagged,canonical,loss_large,high_texture_brushwork,Post-Impressionism,canonical,3,3,0.5058659999631345,"canonical__p041_loss_large, canonical__p043_loss_large, canonical__p048_loss_large"
opencv_telea,False,success_or_not_flagged,canonical,loss_small,high_texture_brushwork,Post-Impressionism,canonical,3,3,0.4028060999698937,"canonical__p041_loss_small, canonical__p043_loss_small, canonical__p048_loss_small"
opencv_telea,False,success_or_not_flagged,canonical,mixed_damage,high_texture_brushwork,Post-Impressionism,canonical,3,3,0.4571549999527633,"canonical__p041_mixed_damage, canonical__p043_mixed_damage, canonical__p048_mixed_damage"
opencv_telea,False,success_or_not_flagged,canonical,scratch_thin,high_texture_brushwork,Post-Impressionism,canonical,3,3,0.3967105000047013,"canonical__p041_scratch_thin, canonical__p043_scratch_thin, canonical__p048_scratch_thin"
opencv_telea,False,success_or_not_flagged,canonical,zero_control,high_texture_brushwork,Post-Impressionism,zero_control,3,3,0.4168874999741092,"canonical__p041_zero_control, canonical__p043_zero_control, canonical__p048_zero_control"
lama,False,success_or_not_flagged,canonical,loss_large,high_texture_brushwork,Impressionism,canonical,2,2,1.4609382327775366,"canonical__p044_loss_large, canonical__p047_loss_large"
lama,False,success_or_not_flagged,canonical,loss_large,high_texture_brushwork,unknown_style_or_period,canonical,2,2,1.4609382327775366,"canonical__p042_loss_large, canonical__p050_loss_large"
lama,False,success_or_not_flagged,canonical,loss_small,high_texture_brushwork,Impressionism,canonical,2,2,1.4609382327775366,"canonical__p044_loss_small, canonical__p047_loss_small"
lama,False,success_or_not_flagged,canonical,loss_small,high_texture_brushwork,unknown_style_or_period,canonical,2,2,1.4609382327775366,"canonical__p042_loss_small, canonical__p050_loss_small"
lama,False,success_or_not_flagged,canonical,mixed_damage,high_texture_brushwork,Impressionism,canonical,2,2,1.4609382327775366,"canonical__p044_mixed_damage, canonical__p047_mixed_damage"
lama,False,success_or_not_flagged,canonical,mixed_damage,high_texture_brushwork,unknown_style_or_period,canonical,2,2,1.4609382327775366,"canonical__p042_mixed_damage, canonical__p050_mixed_damage"
lama,False,success_or_not_flagged,canonical,scratch_thin,high_texture_brushwork,Impressionism,canonical,2,2,1.4609382327775366,"canonical__p044_scratch_thin, canonical__p047_scratch_thin"
lama,False,success_or_not_flagged,canonical,scratch_thin,high_texture_brushwork,unknown_style_or_period,canonical,2,2,1.4609382327775366,"canonical__p042_scratch_thin, canonical__p050_scratch_thin"
opencv_telea,False,success_or_not_flagged,canonical,loss_large,high_texture_brushwork,Impressionism,canonical,2,2,0.5647352500236593,"canonical__p044_loss_large, canonical__p047_loss_large"
opencv_telea,False,success_or_not_flagged,canonical,loss_large,high_texture_brushwork,unknown_style_or_period,canonical,2,2,0.4308316000096965,"canonical__p042_loss_large, canonical__p050_loss_large"
opencv_telea,False,success_or_not_flagged,canonical,loss_small,high_texture_brushwork,Impressionism,canonical,2,2,0.4971380500064697,"canonical__p044_loss_small, canonical__p047_loss_small"
opencv_telea,False,success_or_not_flagged,canonical,loss_small,high_texture_brushwork,unknown_style_or_period,canonical,2,2,0.3969525999564212,"canonical__p042_loss_small, canonical__p050_loss_small"
opencv_telea,False,success_or_not_flagged,canonical,mixed_damage,high_texture_brushwork,Impressionism,canonical,2,2,0.552953649952542,"canonical__p044_mixed_damage, canonical__p047_mixed_damage"
opencv_telea,False,success_or_not_flagged,canonical,mixed_damage,high_texture_brushwork,unknown_style_or_period,canonical,2,2,0.43021104999934323,"canonical__p042_mixed_damage, canonical__p050_mixed_damage"
opencv_telea,False,success_or_not_flagged,canonical,scratch_thin,high_texture_brushwork,Impressionism,canonical,2,2,0.48357270000269637,"canonical__p044_scratch_thin, canonical__p047_scratch_thin"
opencv_telea,False,success_or_not_flagged,canonical,scratch_thin,high_texture_brushwork,unknown_style_or_period,canonical,2,2,0.3778993000159971,"canonical__p042_scratch_thin, canonical__p050_scratch_thin"
opencv_telea,False,success_or_not_flagged,canonical,zero_control,high_texture_brushwork,Impressionism,zero_control,2,2,0.4620505500060972,"canonical__p044_zero_control, canonical__p047_zero_control"
opencv_telea,False,success_or_not_flagged,canonical,zero_control,high_texture_brushwork,unknown_style_or_period,zero_control,2,2,0.35296205000486225,"canonical__p042_zero_control, canonical__p050_zero_control"
lama,False,success_or_not_flagged,canonical,loss_large,high_texture_brushwork,Impressionism / modern French painting,canonical,1,1,1.4609382327775366,canonical__p046_loss_large
lama,False,success_or_not_flagged,canonical,loss_large,high_texture_brushwork,Impressionist outdoor figure painting,canonical,1,1,1.4609382327775366,canonical__p045_loss_large
lama,False,success_or_not_flagged,canonical,loss_large,high_texture_brushwork,Modern French painting,canonical,1,1,1.4609382327775366,canonical__p049_loss_large
lama,False,success_or_not_flagged,canonical,loss_large,portrait_figure,18th century portraiture,canonical,1,1,1.4609382327775366,canonical__p005_loss_large
lama,False,success_or_not_flagged,canonical,loss_large,portrait_figure,19th century French painting,canonical,1,1,1.4609382327775366,canonical__p010_loss_large
lama,False,success_or_not_flagged,canonical,loss_large,portrait_figure,19th century portraiture,canonical,1,1,1.4609382327775366,canonical__p002_loss_large
lama,False,success_or_not_flagged,canonical,loss_large,portrait_figure,Baroque,canonical,1,1,1.4609382327775366,canonical__p001_loss_large
lama,False,success_or_not_flagged,canonical,loss_large,portrait_figure,Impressionism,canonical,1,1,1.4609382327775366,canonical__p004_loss_large
lama,False,success_or_not_flagged,canonical,loss_large,portrait_figure,Neoclassical,canonical,1,1,1.4609382327775366,canonical__p007_loss_large
lama,False,success_or_not_flagged,canonical,loss_large,portrait_figure,Neoclassical / early 19th century,canonical,1,1,1.4609382327775366,canonical__p003_loss_large
lama,False,success_or_not_flagged,canonical,loss_large,portrait_figure,Post-Impressionism,canonical,1,1,1.4609382327775366,canonical__p009_loss_large
lama,False,success_or_not_flagged,canonical,loss_large,portrait_figure,Realism / early modern French painting,canonical,1,1,1.4609382327775366,canonical__p006_loss_large
lama,False,success_or_not_flagged,canonical,loss_large,portrait_figure,Spanish portraiture,canonical,1,1,1.4609382327775366,canonical__p008_loss_large
lama,False,success_or_not_flagged,canonical,loss_small,high_texture_brushwork,Impressionism / modern French painting,canonical,1,1,1.4609382327775366,canonical__p046_loss_small
lama,False,success_or_not_flagged,canonical,loss_small,high_texture_brushwork,Impressionist outdoor figure painting,canonical,1,1,1.4609382327775366,canonical__p045_loss_small
lama,False,success_or_not_flagged,canonical,loss_small,high_texture_brushwork,Modern French painting,canonical,1,1,1.4609382327775366,canonical__p049_loss_small
lama,False,success_or_not_flagged,canonical,loss_small,portrait_figure,18th century portraiture,canonical,1,1,1.4609382327775366,canonical__p005_loss_small
lama,False,success_or_not_flagged,canonical,loss_small,portrait_figure,19th century French painting,canonical,1,1,1.4609382327775366,canonical__p010_loss_small
lama,False,success_or_not_flagged,canonical,loss_small,portrait_figure,19th century portraiture,canonical,1,1,1.4609382327775366,canonical__p002_loss_small
lama,False,success_or_not_flagged,canonical,loss_small,portrait_figure,Baroque,canonical,1,1,1.4609382327775366,canonical__p001_loss_small
lama,False,success_or_not_flagged,canonical,loss_small,portrait_figure,Impressionism,canonical,1,1,1.4609382327775366,canonical__p004_loss_small
lama,False,success_or_not_flagged,canonical,loss_small,portrait_figure,Neoclassical,canonical,1,1,1.4609382327775366,canonical__p007_loss_small
lama,False,success_or_not_flagged,canonical,loss_small,portrait_figure,Neoclassical / early 19th century,canonical,1,1,1.4609382327775366,canonical__p003_loss_small
lama,False,success_or_not_flagged,canonical,loss_small,portrait_figure,Post-Impressionism,canonical,1,1,1.4609382327775366,canonical__p009_loss_small
lama,False,success_or_not_flagged,canonical,loss_small,portrait_figure,Realism / early modern French painting,canonical,1,1,1.4609382327775366,canonical__p006_loss_small
lama,False,success_or_not_flagged,canonical,loss_small,portrait_figure,Spanish portraiture,canonical,1,1,1.4609382327775366,canonical__p008_loss_small
lama,False,success_or_not_flagged,canonical,mixed_damage,high_texture_brushwork,Impressionism / modern French painting,canonical,1,1,1.4609382327775366,canonical__p046_mixed_damage
lama,False,success_or_not_flagged,canonical,mixed_damage,high_texture_brushwork,Impressionist outdoor figure painting,canonical,1,1,1.4609382327775366,canonical__p045_mixed_damage
lama,False,success_or_not_flagged,canonical,mixed_damage,high_texture_brushwork,Modern French painting,canonical,1,1,1.4609382327775366,canonical__p049_mixed_damage
lama,False,success_or_not_flagged,canonical,mixed_damage,portrait_figure,18th century portraiture,canonical,1,1,1.4609382327775366,canonical__p005_mixed_damage
lama,False,success_or_not_flagged,canonical,mixed_damage,portrait_figure,19th century French painting,canonical,1,1,1.4609382327775366,canonical__p010_mixed_damage
lama,False,success_or_not_flagged,canonical,mixed_damage,portrait_figure,19th century portraiture,canonical,1,1,1.4609382327775366,canonical__p002_mixed_damage
lama,False,success_or_not_flagged,canonical,mixed_damage,portrait_figure,Baroque,canonical,1,1,1.4609382327775366,canonical__p001_mixed_damage
lama,False,success_or_not_flagged,canonical,mixed_damage,portrait_figure,Impressionism,canonical,1,1,1.4609382327775366,canonical__p004_mixed_damage
lama,False,success_or_not_flagged,canonical,mixed_damage,portrait_figure,Neoclassical,canonical,1,1,1.4609382327775366,canonical__p007_mixed_damage
lama,False,success_or_not_flagged,canonical,mixed_damage,portrait_figure,Neoclassical / early 19th century,canonical,1,1,1.4609382327775366,canonical__p003_mixed_damage
lama,False,success_or_not_flagged,canonical,mixed_damage,portrait_figure,Post-Impressionism,canonical,1,1,1.4609382327775366,canonical__p009_mixed_damage
lama,False,success_or_not_flagged,canonical,mixed_damage,portrait_figure,Realism / early modern French painting,canonical,1,1,1.4609382327775366,canonical__p006_mixed_damage
lama,False,success_or_not_flagged,canonical,mixed_damage,portrait_figure,Spanish portraiture,canonical,1,1,1.4609382327775366,canonical__p008_mixed_damage
lama,False,success_or_not_flagged,canonical,scratch_thin,high_texture_brushwork,Impressionism / modern French painting,canonical,1,1,1.4609382327775366,canonical__p046_scratch_thin
lama,False,success_or_not_flagged,canonical,scratch_thin,high_texture_brushwork,Impressionist outdoor figure painting,canonical,1,1,1.4609382327775366,canonical__p045_scratch_thin
lama,False,success_or_not_flagged,canonical,scratch_thin,high_texture_brushwork,Modern French painting,canonical,1,1,1.4609382327775366,canonical__p049_scratch_thin
lama,False,success_or_not_flagged,canonical,scratch_thin,portrait_figure,18th century portraiture,canonical,1,1,1.4609382327775366,canonical__p005_scratch_thin
lama,False,success_or_not_flagged,canonical,scratch_thin,portrait_figure,19th century French painting,canonical,1,1,1.4609382327775366,canonical__p010_scratch_thin
lama,False,success_or_not_flagged,canonical,scratch_thin,portrait_figure,19th century portraiture,canonical,1,1,1.4609382327775366,canonical__p002_scratch_thin
lama,False,success_or_not_flagged,canonical,scratch_thin,portrait_figure,Baroque,canonical,1,1,1.4609382327775366,canonical__p001_scratch_thin
lama,False,success_or_not_flagged,canonical,scratch_thin,portrait_figure,Impressionism,canonical,1,1,1.4609382327775366,canonical__p004_scratch_thin
lama,False,success_or_not_flagged,canonical,scratch_thin,portrait_figure,Neoclassical,canonical,1,1,1.4609382327775366,canonical__p007_scratch_thin
lama,False,success_or_not_flagged,canonical,scratch_thin,portrait_figure,Neoclassical / early 19th century,canonical,1,1,1.4609382327775366,canonical__p003_scratch_thin
lama,False,success_or_not_flagged,canonical,scratch_thin,portrait_figure,Post-Impressionism,canonical,1,1,1.4609382327775366,canonical__p009_scratch_thin
lama,False,success_or_not_flagged,canonical,scratch_thin,portrait_figure,Realism / early modern French painting,canonical,1,1,1.4609382327775366,canonical__p006_scratch_thin
lama,False,success_or_not_flagged,canonical,scratch_thin,portrait_figure,Spanish portraiture,canonical,1,1,1.4609382327775366,canonical__p008_scratch_thin
opencv_telea,False,success_or_not_flagged,canonical,loss_large,high_texture_brushwork,Impressionism / modern French painting,canonical,1,1,0.4825035000103526,canonical__p046_loss_large
opencv_telea,False,success_or_not_flagged,canonical,loss_large,high_texture_brushwork,Impressionist outdoor figure painting,canonical,1,1,0.4525372000061907,canonical__p045_loss_large
opencv_telea,False,success_or_not_flagged,canonical,loss_large,high_texture_brushwork,Modern French painting,canonical,1,1,0.4335362000274472,canonical__p049_loss_large
opencv_telea,False,success_or_not_flagged,canonical,loss_large,portrait_figure,18th century portraiture,canonical,1,1,0.4905486999778077,canonical__p005_loss_large
opencv_telea,False,success_or_not_flagged,canonical,loss_large,portrait_figure,19th century French painting,canonical,1,1,0.48131329996977,canonical__p010_loss_large
opencv_telea,False,success_or_not_flagged,canonical,loss_large,portrait_figure,19th century portraiture,canonical,1,1,0.422166800010018,canonical__p002_loss_large
opencv_telea,False,success_or_not_flagged,canonical,loss_large,portrait_figure,Baroque,canonical,1,1,0.6496967999846675,canonical__p001_loss_large
opencv_telea,False,success_or_not_flagged,canonical,loss_large,portrait_figure,Impressionism,canonical,1,1,0.4447437000344507,canonical__p004_loss_large
opencv_telea,False,success_or_not_flagged,canonical,loss_large,portrait_figure,Neoclassical,canonical,1,1,0.6195563999935985,canonical__p007_loss_large
opencv_telea,False,success_or_not_flagged,canonical,loss_large,portrait_figure,Neoclassical / early 19th century,canonical,1,1,0.6135142999701202,canonical__p003_loss_large
opencv_telea,False,success_or_not_flagged,canonical,loss_large,portrait_figure,Post-Impressionism,canonical,1,1,0.3869206000235863,canonical__p009_loss_large
opencv_telea,False,success_or_not_flagged,canonical,loss_large,portrait_figure,Realism / early modern French painting,canonical,1,1,0.5899608000181615,canonical__p006_loss_large
opencv_telea,False,success_or_not_flagged,canonical,loss_large,portrait_figure,Spanish portraiture,canonical,1,1,0.518304800032638,canonical__p008_loss_large
opencv_telea,False,success_or_not_flagged,canonical,loss_small,high_texture_brushwork,Impressionism / modern French painting,canonical,1,1,0.4076286999625154,canonical__p046_loss_small
opencv_telea,False,success_or_not_flagged,canonical,loss_small,high_texture_brushwork,Impressionist outdoor figure painting,canonical,1,1,0.3931588999694213,canonical__p045_loss_small
opencv_telea,False,success_or_not_flagged,canonical,loss_small,high_texture_brushwork,Modern French painting,canonical,1,1,0.3786885000299662,canonical__p049_loss_small
opencv_telea,False,success_or_not_flagged,canonical,loss_small,portrait_figure,18th century portraiture,canonical,1,1,0.4024505999987013,canonical__p005_loss_small
opencv_telea,False,success_or_not_flagged,canonical,loss_small,portrait_figure,19th century French painting,canonical,1,1,0.3908537999959662,canonical__p010_loss_small
opencv_telea,False,success_or_not_flagged,canonical,loss_small,portrait_figure,19th century portraiture,canonical,1,1,0.3722886000177823,canonical__p002_loss_small
opencv_telea,False,success_or_not_flagged,canonical,loss_small,portrait_figure,Baroque,canonical,1,1,0.5779497000039555,canonical__p001_loss_small
opencv_telea,False,success_or_not_flagged,canonical,loss_small,portrait_figure,Impressionism,canonical,1,1,0.3682114999974146,canonical__p004_loss_small
opencv_telea,False,success_or_not_flagged,canonical,loss_small,portrait_figure,Neoclassical,canonical,1,1,0.4595750999869779,canonical__p007_loss_small
opencv_telea,False,success_or_not_flagged,canonical,loss_small,portrait_figure,Neoclassical / early 19th century,canonical,1,1,0.5476225999882445,canonical__p003_loss_small
opencv_telea,False,success_or_not_flagged,canonical,loss_small,portrait_figure,Post-Impressionism,canonical,1,1,0.3193479999899864,canonical__p009_loss_small
opencv_telea,False,success_or_not_flagged,canonical,loss_small,portrait_figure,Realism / early modern French painting,canonical,1,1,0.5113206999958493,canonical__p006_loss_small
opencv_telea,False,success_or_not_flagged,canonical,loss_small,portrait_figure,Spanish portraiture,canonical,1,1,0.4909882000065408,canonical__p008_loss_small
opencv_telea,False,success_or_not_flagged,canonical,mixed_damage,high_texture_brushwork,Impressionism / modern French painting,canonical,1,1,0.4545876000192947,canonical__p046_mixed_damage
opencv_telea,False,success_or_not_flagged,canonical,mixed_damage,high_texture_brushwork,Impressionist outdoor figure painting,canonical,1,1,0.4354757000110112,canonical__p045_mixed_damage
opencv_telea,False,success_or_not_flagged,canonical,mixed_damage,high_texture_brushwork,Modern French painting,canonical,1,1,0.4355884999968111,canonical__p049_mixed_damage
opencv_telea,False,success_or_not_flagged,canonical,mixed_damage,portrait_figure,18th century portraiture,canonical,1,1,0.4402266999823041,canonical__p005_mixed_damage
opencv_telea,False,success_or_not_flagged,canonical,mixed_damage,portrait_figure,19th century French painting,canonical,1,1,0.4813878000131808,canonical__p010_mixed_damage
opencv_telea,False,success_or_not_flagged,canonical,mixed_damage,portrait_figure,19th century portraiture,canonical,1,1,0.4222679000231437,canonical__p002_mixed_damage
opencv_telea,False,success_or_not_flagged,canonical,mixed_damage,portrait_figure,Baroque,canonical,1,1,0.6422706000157632,canonical__p001_mixed_damage
opencv_telea,False,success_or_not_flagged,canonical,mixed_damage,portrait_figure,Impressionism,canonical,1,1,0.4225353000219911,canonical__p004_mixed_damage
opencv_telea,False,success_or_not_flagged,canonical,mixed_damage,portrait_figure,Neoclassical,canonical,1,1,0.5087402999633923,canonical__p007_mixed_damage
opencv_telea,False,success_or_not_flagged,canonical,mixed_damage,portrait_figure,Neoclassical / early 19th century,canonical,1,1,0.602537399972789,canonical__p003_mixed_damage
opencv_telea,False,success_or_not_flagged,canonical,mixed_damage,portrait_figure,Post-Impressionism,canonical,1,1,0.3807129000197164,canonical__p009_mixed_damage
opencv_telea,False,success_or_not_flagged,canonical,mixed_damage,portrait_figure,Realism / early modern French painting,canonical,1,1,0.5711089000105858,canonical__p006_mixed_damage
opencv_telea,False,success_or_not_flagged,canonical,mixed_damage,portrait_figure,Spanish portraiture,canonical,1,1,0.5589238000102341,canonical__p008_mixed_damage
opencv_telea,False,success_or_not_flagged,canonical,scratch_thin,high_texture_brushwork,Impressionism / modern French painting,canonical,1,1,0.414332700020168,canonical__p046_scratch_thin
opencv_telea,False,success_or_not_flagged,canonical,scratch_thin,high_texture_brushwork,Impressionist outdoor figure painting,canonical,1,1,0.372052899969276,canonical__p045_scratch_thin
opencv_telea,False,success_or_not_flagged,canonical,scratch_thin,high_texture_brushwork,Modern French painting,canonical,1,1,0.3711357000283897,canonical__p049_scratch_thin
opencv_telea,False,success_or_not_flagged,canonical,scratch_thin,portrait_figure,18th century portraiture,canonical,1,1,0.4160513000097126,canonical__p005_scratch_thin
opencv_telea,False,success_or_not_flagged,canonical,scratch_thin,portrait_figure,19th century French painting,canonical,1,1,0.3826344000408426,canonical__p010_scratch_thin
opencv_telea,False,success_or_not_flagged,canonical,scratch_thin,portrait_figure,19th century portraiture,canonical,1,1,0.3840182999847457,canonical__p002_scratch_thin
opencv_telea,False,success_or_not_flagged,canonical,scratch_thin,portrait_figure,Baroque,canonical,1,1,0.5956975999870338,canonical__p001_scratch_thin
opencv_telea,False,success_or_not_flagged,canonical,scratch_thin,portrait_figure,Impressionism,canonical,1,1,0.3542179999640211,canonical__p004_scratch_thin
opencv_telea,False,success_or_not_flagged,canonical,scratch_thin,portrait_figure,Neoclassical,canonical,1,1,0.4607498000259511,canonical__p007_scratch_thin
opencv_telea,False,success_or_not_flagged,canonical,scratch_thin,portrait_figure,Neoclassical / early 19th century,canonical,1,1,0.5324022000422701,canonical__p003_scratch_thin
opencv_telea,False,success_or_not_flagged,canonical,scratch_thin,portrait_figure,Post-Impressionism,canonical,1,1,0.3891234999755397,canonical__p009_scratch_thin
opencv_telea,False,success_or_not_flagged,canonical,scratch_thin,portrait_figure,Realism / early modern French painting,canonical,1,1,0.5010451999842189,canonical__p006_scratch_thin
opencv_telea,False,success_or_not_flagged,canonical,scratch_thin,portrait_figure,Spanish portraiture,canonical,1,1,0.4755257000215351,canonical__p008_scratch_thin
opencv_telea,False,success_or_not_flagged,canonical,zero_control,high_texture_brushwork,Impressionism / modern French painting,zero_control,1,1,0.348594699986279,canonical__p046_zero_control
opencv_telea,False,success_or_not_flagged,canonical,zero_control,high_texture_brushwork,Impressionist outdoor figure painting,zero_control,1,1,0.3511419999995269,canonical__p045_zero_control
opencv_telea,False,success_or_not_flagged,canonical,zero_control,high_texture_brushwork,Modern French painting,zero_control,1,1,0.3429304999881424,canonical__p049_zero_control
opencv_telea,False,success_or_not_flagged,canonical,zero_control,portrait_figure,18th century portraiture,zero_control,1,1,0.3887689999537542,canonical__p005_zero_control
opencv_telea,False,success_or_not_flagged,canonical,zero_control,portrait_figure,19th century French painting,zero_control,1,1,0.3671987000270746,canonical__p010_zero_control
opencv_telea,False,success_or_not_flagged,canonical,zero_control,portrait_figure,19th century portraiture,zero_control,1,1,0.3538499000133015,canonical__p002_zero_control
opencv_telea,False,success_or_not_flagged,canonical,zero_control,portrait_figure,Baroque,zero_control,1,1,0.5527208999847062,canonical__p001_zero_control
opencv_telea,False,success_or_not_flagged,canonical,zero_control,portrait_figure,Impressionism,zero_control,1,1,0.3270715000107884,canonical__p004_zero_control
opencv_telea,False,success_or_not_flagged,canonical,zero_control,portrait_figure,Neoclassical,zero_control,1,1,0.423457299999427,canonical__p007_zero_control
opencv_telea,False,success_or_not_flagged,canonical,zero_control,portrait_figure,Neoclassical / early 19th century,zero_control,1,1,0.5191618999815546,canonical__p003_zero_control
opencv_telea,False,success_or_not_flagged,canonical,zero_control,portrait_figure,Post-Impressionism,zero_control,1,1,0.2836257999879308,canonical__p009_zero_control
opencv_telea,False,success_or_not_flagged,canonical,zero_control,portrait_figure,Realism / early modern French painting,zero_control,1,1,0.4816254999605007,canonical__p006_zero_control
opencv_telea,False,success_or_not_flagged,canonical,zero_control,portrait_figure,Spanish portraiture,zero_control,1,1,0.4516946999938227,canonical__p008_zero_control
